[2025-06-18 13:03:51.765] [info]  DiscordSplash.signalReady
[2025-06-18 13:03:51.842] [info]  DiscordSplash.onStateUpdate: {"status":"installing-updates","current":1,"total":6}
[2025-06-18 13:03:51.842] [info]  Splash.onStateUpdate: {"status":"installing-updates","current":1,"total":6}
[2025-06-18 13:03:51.844] [info]  DiscordSplash.onStateUpdate: {"status":"installing-updates","current":2,"total":6}
[2025-06-18 13:03:51.844] [info]  Splash.onStateUpdate: {"status":"installing-updates","current":2,"total":6}
[2025-06-18 13:03:51.844] [info]  DiscordSplash.onStateUpdate: {"status":"installing-updates","current":3,"total":6}
[2025-06-18 13:03:51.845] [info]  Splash.onStateUpdate: {"status":"installing-updates","current":3,"total":6}
[2025-06-18 13:03:51.845] [info]  DiscordSplash.onStateUpdate: {"status":"installing-updates","current":4,"total":6}
[2025-06-18 13:03:51.845] [info]  Splash.onStateUpdate: {"status":"installing-updates","current":4,"total":6}
[2025-06-18 13:03:51.845] [info]  DiscordSplash.onStateUpdate: {"status":"installing-updates","current":5,"total":6}
[2025-06-18 13:03:51.845] [info]  Splash.onStateUpdate: {"status":"installing-updates","current":5,"total":6}
[2025-06-18 13:03:51.846] [info]  DiscordSplash.onStateUpdate: {"status":"installing-updates","current":6,"total":6}
[2025-06-18 13:03:51.846] [info]  Splash.onStateUpdate: {"status":"installing-updates","current":6,"total":6}
[2025-06-18 13:03:51.846] [info]  DiscordSplash.onStateUpdate: {"status":"checking-for-updates","current":6,"total":6}
[2025-06-18 13:03:51.846] [info]  Splash.onStateUpdate: {"status":"checking-for-updates","current":6,"total":6}
[2025-06-18 13:03:52.073] [info]  DiscordSplash.onStateUpdate: {"status":"downloading-updates","current":1,"total":6}
[2025-06-18 13:03:52.073] [info]  Splash.onStateUpdate: {"status":"downloading-updates","current":1,"total":6}
[2025-06-18 13:03:52.325] [info]  DiscordSplash.onStateUpdate: {"status":"downloading-updates","current":1,"total":6,"progress":1}
[2025-06-18 13:03:52.325] [info]  Splash.onStateUpdate: {"status":"downloading-updates","current":1,"total":6,"progress":1}
[2025-06-18 13:03:52.330] [info]  DiscordSplash.onStateUpdate: {"status":"downloading-updates","current":1,"total":6,"progress":2}
[2025-06-18 13:03:52.330] [info]  Splash.onStateUpdate: {"status":"downloading-updates","current":1,"total":6,"progress":2}
[2025-06-18 13:03:52.338] [info]  DiscordSplash.onStateUpdate: {"status":"downloading-updates","current":1,"total":6,"progress":3}
[2025-06-18 13:03:52.338] [info]  Splash.onStateUpdate: {"status":"downloading-updates","current":1,"total":6,"progress":3}
[2025-06-18 13:03:52.340] [info]  DiscordSplash.onStateUpdate: {"status":"downloading-updates","current":1,"total":6,"progress":4}
[2025-06-18 13:03:52.341] [info]  Splash.onStateUpdate: {"status":"downloading-updates","current":1,"total":6,"progress":4}
[2025-06-18 13:03:52.344] [info]  DiscordSplash.onStateUpdate: {"status":"downloading-updates","current":1,"total":6,"progress":6}
[2025-06-18 13:03:52.344] [info]  Splash.onStateUpdate: {"status":"downloading-updates","current":1,"total":6,"progress":6}
[2025-06-18 13:03:52.349] [info]  DiscordSplash.onStateUpdate: {"status":"downloading-updates","current":1,"total":6,"progress":9}
[2025-06-18 13:03:52.350] [info]  Splash.onStateUpdate: {"status":"downloading-updates","current":1,"total":6,"progress":9}
[2025-06-18 13:03:52.358] [info]  DiscordSplash.onStateUpdate: {"status":"downloading-updates","current":1,"total":6,"progress":11}
[2025-06-18 13:03:52.358] [info]  Splash.onStateUpdate: {"status":"downloading-updates","current":1,"total":6,"progress":11}
[2025-06-18 13:03:52.359] [info]  DiscordSplash.onStateUpdate: {"status":"downloading-updates","current":1,"total":6,"progress":12}
[2025-06-18 13:03:52.359] [info]  Splash.onStateUpdate: {"status":"downloading-updates","current":1,"total":6,"progress":12}
[2025-06-18 13:03:52.361] [info]  DiscordSplash.onStateUpdate: {"status":"downloading-updates","current":1,"total":6,"progress":15}
[2025-06-18 13:03:52.361] [info]  Splash.onStateUpdate: {"status":"downloading-updates","current":1,"total":6,"progress":15}
[2025-06-18 13:03:52.361] [info]  DiscordSplash.onStateUpdate: {"status":"downloading-updates","current":1,"total":6,"progress":16}
[2025-06-18 13:03:52.361] [info]  Splash.onStateUpdate: {"status":"downloading-updates","current":1,"total":6,"progress":16}
[2025-06-18 13:03:52.362] [info]  DiscordSplash.onStateUpdate: {"status":"downloading-updates","current":1,"total":6,"progress":17}
[2025-06-18 13:03:52.363] [info]  Splash.onStateUpdate: {"status":"downloading-updates","current":1,"total":6,"progress":17}
[2025-06-18 13:03:52.368] [info]  DiscordSplash.onStateUpdate: {"status":"downloading-updates","current":1,"total":6,"progress":20}
[2025-06-18 13:03:52.369] [info]  Splash.onStateUpdate: {"status":"downloading-updates","current":1,"total":6,"progress":20}
[2025-06-18 13:03:52.369] [info]  DiscordSplash.onStateUpdate: {"status":"downloading-updates","current":1,"total":6,"progress":21}
[2025-06-18 13:03:52.369] [info]  Splash.onStateUpdate: {"status":"downloading-updates","current":1,"total":6,"progress":21}
[2025-06-18 13:03:52.374] [info]  DiscordSplash.onStateUpdate: {"status":"downloading-updates","current":1,"total":6,"progress":24}
[2025-06-18 13:03:52.374] [info]  Splash.onStateUpdate: {"status":"downloading-updates","current":1,"total":6,"progress":24}
[2025-06-18 13:03:52.374] [info]  DiscordSplash.onStateUpdate: {"status":"downloading-updates","current":1,"total":6,"progress":26}
[2025-06-18 13:03:52.374] [info]  Splash.onStateUpdate: {"status":"downloading-updates","current":1,"total":6,"progress":26}
[2025-06-18 13:03:52.377] [info]  DiscordSplash.onStateUpdate: {"status":"downloading-updates","current":1,"total":6,"progress":28}
[2025-06-18 13:03:52.378] [info]  Splash.onStateUpdate: {"status":"downloading-updates","current":1,"total":6,"progress":28}
[2025-06-18 13:03:52.382] [info]  DiscordSplash.onStateUpdate: {"status":"downloading-updates","current":1,"total":6,"progress":31}
[2025-06-18 13:03:52.383] [info]  Splash.onStateUpdate: {"status":"downloading-updates","current":1,"total":6,"progress":31}
[2025-06-18 13:03:52.383] [info]  DiscordSplash.onStateUpdate: {"status":"downloading-updates","current":1,"total":6,"progress":32}
[2025-06-18 13:03:52.384] [info]  Splash.onStateUpdate: {"status":"downloading-updates","current":1,"total":6,"progress":32}
[2025-06-18 13:03:52.384] [info]  DiscordSplash.onStateUpdate: {"status":"downloading-updates","current":1,"total":6,"progress":35}
[2025-06-18 13:03:52.384] [info]  Splash.onStateUpdate: {"status":"downloading-updates","current":1,"total":6,"progress":35}
[2025-06-18 13:03:52.386] [info]  DiscordSplash.onStateUpdate: {"status":"downloading-updates","current":1,"total":6,"progress":38}
[2025-06-18 13:03:52.386] [info]  Splash.onStateUpdate: {"status":"downloading-updates","current":1,"total":6,"progress":38}
[2025-06-18 13:03:52.388] [info]  DiscordSplash.onStateUpdate: {"status":"downloading-updates","current":1,"total":6,"progress":40}
[2025-06-18 13:03:52.389] [info]  Splash.onStateUpdate: {"status":"downloading-updates","current":1,"total":6,"progress":40}
[2025-06-18 13:03:52.389] [info]  DiscordSplash.onStateUpdate: {"status":"downloading-updates","current":1,"total":6,"progress":41}
[2025-06-18 13:03:52.389] [info]  Splash.onStateUpdate: {"status":"downloading-updates","current":1,"total":6,"progress":41}
[2025-06-18 13:03:52.390] [info]  DiscordSplash.onStateUpdate: {"status":"downloading-updates","current":1,"total":6,"progress":43}
[2025-06-18 13:03:52.390] [info]  Splash.onStateUpdate: {"status":"downloading-updates","current":1,"total":6,"progress":43}
[2025-06-18 13:03:52.395] [info]  DiscordSplash.onStateUpdate: {"status":"downloading-updates","current":1,"total":6,"progress":45}
[2025-06-18 13:03:52.395] [info]  Splash.onStateUpdate: {"status":"downloading-updates","current":1,"total":6,"progress":45}
[2025-06-18 13:03:52.395] [info]  DiscordSplash.onStateUpdate: {"status":"downloading-updates","current":1,"total":6,"progress":47}
[2025-06-18 13:03:52.396] [info]  Splash.onStateUpdate: {"status":"downloading-updates","current":1,"total":6,"progress":47}
[2025-06-18 13:03:52.396] [info]  DiscordSplash.onStateUpdate: {"status":"downloading-updates","current":1,"total":6,"progress":50}
[2025-06-18 13:03:52.397] [info]  Splash.onStateUpdate: {"status":"downloading-updates","current":1,"total":6,"progress":50}
[2025-06-18 13:03:52.397] [info]  DiscordSplash.onStateUpdate: {"status":"downloading-updates","current":1,"total":6,"progress":55}
[2025-06-18 13:03:52.397] [info]  Splash.onStateUpdate: {"status":"downloading-updates","current":1,"total":6,"progress":55}
[2025-06-18 13:03:52.398] [info]  DiscordSplash.onStateUpdate: {"status":"downloading-updates","current":1,"total":6,"progress":59}
[2025-06-18 13:03:52.399] [info]  Splash.onStateUpdate: {"status":"downloading-updates","current":1,"total":6,"progress":59}
[2025-06-18 13:03:52.400] [info]  DiscordSplash.onStateUpdate: {"status":"downloading-updates","current":1,"total":6,"progress":61}
[2025-06-18 13:03:52.400] [info]  Splash.onStateUpdate: {"status":"downloading-updates","current":1,"total":6,"progress":61}
[2025-06-18 13:03:52.404] [info]  DiscordSplash.onStateUpdate: {"status":"downloading-updates","current":1,"total":6,"progress":64}
[2025-06-18 13:03:52.404] [info]  Splash.onStateUpdate: {"status":"downloading-updates","current":1,"total":6,"progress":64}
[2025-06-18 13:03:52.405] [info]  DiscordSplash.onStateUpdate: {"status":"downloading-updates","current":1,"total":6,"progress":66}
[2025-06-18 13:03:52.405] [info]  Splash.onStateUpdate: {"status":"downloading-updates","current":1,"total":6,"progress":66}
[2025-06-18 13:03:52.410] [info]  DiscordSplash.onStateUpdate: {"status":"downloading-updates","current":1,"total":6,"progress":69}
[2025-06-18 13:03:52.410] [info]  Splash.onStateUpdate: {"status":"downloading-updates","current":1,"total":6,"progress":69}
[2025-06-18 13:03:52.411] [info]  DiscordSplash.onStateUpdate: {"status":"downloading-updates","current":1,"total":6,"progress":71}
[2025-06-18 13:03:52.411] [info]  Splash.onStateUpdate: {"status":"downloading-updates","current":1,"total":6,"progress":71}
[2025-06-18 13:03:52.412] [info]  DiscordSplash.onStateUpdate: {"status":"downloading-updates","current":1,"total":6,"progress":79}
[2025-06-18 13:03:52.412] [info]  Splash.onStateUpdate: {"status":"downloading-updates","current":1,"total":6,"progress":79}
[2025-06-18 13:03:52.413] [info]  DiscordSplash.onStateUpdate: {"status":"downloading-updates","current":1,"total":6,"progress":85}
[2025-06-18 13:03:52.413] [info]  Splash.onStateUpdate: {"status":"downloading-updates","current":1,"total":6,"progress":85}
[2025-06-18 13:03:52.414] [info]  DiscordSplash.onStateUpdate: {"status":"downloading-updates","current":1,"total":6,"progress":88}
[2025-06-18 13:03:52.415] [info]  Splash.onStateUpdate: {"status":"downloading-updates","current":1,"total":6,"progress":88}
[2025-06-18 13:03:52.416] [info]  DiscordSplash.onStateUpdate: {"status":"downloading-updates","current":1,"total":6,"progress":90}
[2025-06-18 13:03:52.416] [info]  Splash.onStateUpdate: {"status":"downloading-updates","current":1,"total":6,"progress":90}
[2025-06-18 13:03:52.416] [info]  DiscordSplash.onStateUpdate: {"status":"downloading-updates","current":1,"total":6,"progress":91}
[2025-06-18 13:03:52.416] [info]  Splash.onStateUpdate: {"status":"downloading-updates","current":1,"total":6,"progress":91}
[2025-06-18 13:03:52.420] [info]  DiscordSplash.onStateUpdate: {"status":"downloading-updates","current":1,"total":6,"progress":94}
[2025-06-18 13:03:52.421] [info]  Splash.onStateUpdate: {"status":"downloading-updates","current":1,"total":6,"progress":94}
[2025-06-18 13:03:52.421] [info]  DiscordSplash.onStateUpdate: {"status":"downloading-updates","current":1,"total":6,"progress":97}
[2025-06-18 13:03:52.421] [info]  Splash.onStateUpdate: {"status":"downloading-updates","current":1,"total":6,"progress":97}
[2025-06-18 13:03:52.427] [info]  DiscordSplash.onStateUpdate: {"status":"downloading-updates","current":1,"total":6,"progress":100}
[2025-06-18 13:03:52.428] [info]  Splash.onStateUpdate: {"status":"downloading-updates","current":1,"total":6,"progress":100}
[2025-06-18 13:03:52.428] [info]  DiscordSplash.onStateUpdate: {"status":"downloading-updates","current":2,"total":6}
[2025-06-18 13:03:52.428] [info]  Splash.onStateUpdate: {"status":"downloading-updates","current":2,"total":6}
[2025-06-18 13:03:52.577] [info]  DiscordSplash.onStateUpdate: {"status":"downloading-updates","current":2,"total":6,"progress":5}
[2025-06-18 13:03:52.577] [info]  Splash.onStateUpdate: {"status":"downloading-updates","current":2,"total":6,"progress":5}
[2025-06-18 13:03:52.578] [info]  DiscordSplash.onStateUpdate: {"status":"downloading-updates","current":2,"total":6,"progress":7}
[2025-06-18 13:03:52.578] [info]  Splash.onStateUpdate: {"status":"downloading-updates","current":2,"total":6,"progress":7}
[2025-06-18 13:03:52.579] [info]  DiscordSplash.onStateUpdate: {"status":"downloading-updates","current":2,"total":6,"progress":15}
[2025-06-18 13:03:52.579] [info]  Splash.onStateUpdate: {"status":"downloading-updates","current":2,"total":6,"progress":15}
[2025-06-18 13:03:52.580] [info]  DiscordSplash.onStateUpdate: {"status":"downloading-updates","current":2,"total":6,"progress":22}
[2025-06-18 13:03:52.580] [info]  Splash.onStateUpdate: {"status":"downloading-updates","current":2,"total":6,"progress":22}
[2025-06-18 13:03:52.582] [info]  DiscordSplash.onStateUpdate: {"status":"downloading-updates","current":2,"total":6,"progress":27}
[2025-06-18 13:03:52.582] [info]  Splash.onStateUpdate: {"status":"downloading-updates","current":2,"total":6,"progress":27}
[2025-06-18 13:03:52.583] [info]  DiscordSplash.onStateUpdate: {"status":"downloading-updates","current":2,"total":6,"progress":33}
[2025-06-18 13:03:52.583] [info]  Splash.onStateUpdate: {"status":"downloading-updates","current":2,"total":6,"progress":33}
[2025-06-18 13:03:52.584] [info]  DiscordSplash.onStateUpdate: {"status":"downloading-updates","current":2,"total":6,"progress":44}
[2025-06-18 13:03:52.584] [info]  Splash.onStateUpdate: {"status":"downloading-updates","current":2,"total":6,"progress":44}
[2025-06-18 13:03:52.585] [info]  DiscordSplash.onStateUpdate: {"status":"downloading-updates","current":2,"total":6,"progress":45}
[2025-06-18 13:03:52.585] [info]  Splash.onStateUpdate: {"status":"downloading-updates","current":2,"total":6,"progress":45}
[2025-06-18 13:03:52.586] [info]  DiscordSplash.onStateUpdate: {"status":"downloading-updates","current":2,"total":6,"progress":49}
[2025-06-18 13:03:52.586] [info]  Splash.onStateUpdate: {"status":"downloading-updates","current":2,"total":6,"progress":49}
[2025-06-18 13:03:52.587] [info]  DiscordSplash.onStateUpdate: {"status":"downloading-updates","current":2,"total":6,"progress":55}
[2025-06-18 13:03:52.587] [info]  Splash.onStateUpdate: {"status":"downloading-updates","current":2,"total":6,"progress":55}
[2025-06-18 13:03:52.588] [info]  DiscordSplash.onStateUpdate: {"status":"downloading-updates","current":2,"total":6,"progress":58}
[2025-06-18 13:03:52.588] [info]  Splash.onStateUpdate: {"status":"downloading-updates","current":2,"total":6,"progress":58}
[2025-06-18 13:03:52.589] [info]  DiscordSplash.onStateUpdate: {"status":"downloading-updates","current":2,"total":6,"progress":60}
[2025-06-18 13:03:52.589] [info]  Splash.onStateUpdate: {"status":"downloading-updates","current":2,"total":6,"progress":60}
[2025-06-18 13:03:52.590] [info]  DiscordSplash.onStateUpdate: {"status":"downloading-updates","current":2,"total":6,"progress":66}
[2025-06-18 13:03:52.590] [info]  Splash.onStateUpdate: {"status":"downloading-updates","current":2,"total":6,"progress":66}
[2025-06-18 13:03:52.590] [info]  DiscordSplash.onStateUpdate: {"status":"downloading-updates","current":2,"total":6,"progress":70}
[2025-06-18 13:03:52.591] [info]  Splash.onStateUpdate: {"status":"downloading-updates","current":2,"total":6,"progress":70}
[2025-06-18 13:03:52.592] [info]  DiscordSplash.onStateUpdate: {"status":"downloading-updates","current":2,"total":6,"progress":72}
[2025-06-18 13:03:52.592] [info]  Splash.onStateUpdate: {"status":"downloading-updates","current":2,"total":6,"progress":72}
[2025-06-18 13:03:52.599] [info]  DiscordSplash.onStateUpdate: {"status":"downloading-updates","current":2,"total":6,"progress":75}
[2025-06-18 13:03:52.600] [info]  Splash.onStateUpdate: {"status":"downloading-updates","current":2,"total":6,"progress":75}
[2025-06-18 13:03:52.600] [info]  DiscordSplash.onStateUpdate: {"status":"downloading-updates","current":2,"total":6,"progress":79}
[2025-06-18 13:03:52.600] [info]  Splash.onStateUpdate: {"status":"downloading-updates","current":2,"total":6,"progress":79}
[2025-06-18 13:03:52.601] [info]  DiscordSplash.onStateUpdate: {"status":"downloading-updates","current":2,"total":6,"progress":81}
[2025-06-18 13:03:52.601] [info]  Splash.onStateUpdate: {"status":"downloading-updates","current":2,"total":6,"progress":81}
[2025-06-18 13:03:52.601] [info]  DiscordSplash.onStateUpdate: {"status":"downloading-updates","current":2,"total":6,"progress":91}
[2025-06-18 13:03:52.602] [info]  Splash.onStateUpdate: {"status":"downloading-updates","current":2,"total":6,"progress":91}
[2025-06-18 13:03:52.602] [info]  DiscordSplash.onStateUpdate: {"status":"downloading-updates","current":2,"total":6,"progress":93}
[2025-06-18 13:03:52.602] [info]  Splash.onStateUpdate: {"status":"downloading-updates","current":2,"total":6,"progress":93}
[2025-06-18 13:03:52.603] [info]  DiscordSplash.onStateUpdate: {"status":"downloading-updates","current":2,"total":6,"progress":100}
[2025-06-18 13:03:52.603] [info]  Splash.onStateUpdate: {"status":"downloading-updates","current":2,"total":6,"progress":100}
[2025-06-18 13:03:52.605] [info]  DiscordSplash.onStateUpdate: {"status":"downloading-updates","current":3,"total":6}
[2025-06-18 13:03:52.605] [info]  Splash.onStateUpdate: {"status":"downloading-updates","current":3,"total":6}
[2025-06-18 13:03:52.764] [info]  Splash.updateCountdownSeconds: undefined
[2025-06-18 13:03:52.810] [info]  DiscordSplash.onStateUpdate: {"status":"downloading-updates","current":3,"total":6,"progress":1}
[2025-06-18 13:03:52.810] [info]  Splash.onStateUpdate: {"status":"downloading-updates","current":3,"total":6,"progress":1}
[2025-06-18 13:03:52.826] [info]  DiscordSplash.onStateUpdate: {"status":"downloading-updates","current":3,"total":6,"progress":2}
[2025-06-18 13:03:52.827] [info]  Splash.onStateUpdate: {"status":"downloading-updates","current":3,"total":6,"progress":2}
[2025-06-18 13:03:52.842] [info]  DiscordSplash.onStateUpdate: {"status":"downloading-updates","current":3,"total":6,"progress":3}
[2025-06-18 13:03:52.842] [info]  Splash.onStateUpdate: {"status":"downloading-updates","current":3,"total":6,"progress":3}
[2025-06-18 13:03:52.851] [info]  DiscordSplash.onStateUpdate: {"status":"downloading-updates","current":3,"total":6,"progress":4}
[2025-06-18 13:03:52.851] [info]  Splash.onStateUpdate: {"status":"downloading-updates","current":3,"total":6,"progress":4}
[2025-06-18 13:03:52.863] [info]  DiscordSplash.onStateUpdate: {"status":"downloading-updates","current":3,"total":6,"progress":5}
[2025-06-18 13:03:52.864] [info]  Splash.onStateUpdate: {"status":"downloading-updates","current":3,"total":6,"progress":5}
[2025-06-18 13:03:52.871] [info]  DiscordSplash.onStateUpdate: {"status":"downloading-updates","current":3,"total":6,"progress":6}
[2025-06-18 13:03:52.871] [info]  Splash.onStateUpdate: {"status":"downloading-updates","current":3,"total":6,"progress":6}
[2025-06-18 13:03:52.883] [info]  DiscordSplash.onStateUpdate: {"status":"downloading-updates","current":3,"total":6,"progress":7}
[2025-06-18 13:03:52.883] [info]  Splash.onStateUpdate: {"status":"downloading-updates","current":3,"total":6,"progress":7}
[2025-06-18 13:03:52.889] [info]  DiscordSplash.onStateUpdate: {"status":"downloading-updates","current":3,"total":6,"progress":8}
[2025-06-18 13:03:52.889] [info]  Splash.onStateUpdate: {"status":"downloading-updates","current":3,"total":6,"progress":8}
[2025-06-18 13:03:52.894] [info]  DiscordSplash.onStateUpdate: {"status":"downloading-updates","current":3,"total":6,"progress":9}
[2025-06-18 13:03:52.894] [info]  Splash.onStateUpdate: {"status":"downloading-updates","current":3,"total":6,"progress":9}
[2025-06-18 13:03:52.903] [info]  DiscordSplash.onStateUpdate: {"status":"downloading-updates","current":3,"total":6,"progress":10}
[2025-06-18 13:03:52.904] [info]  Splash.onStateUpdate: {"status":"downloading-updates","current":3,"total":6,"progress":10}
[2025-06-18 13:03:52.910] [info]  DiscordSplash.onStateUpdate: {"status":"downloading-updates","current":3,"total":6,"progress":11}
[2025-06-18 13:03:52.910] [info]  Splash.onStateUpdate: {"status":"downloading-updates","current":3,"total":6,"progress":11}
[2025-06-18 13:03:52.913] [info]  DiscordSplash.onStateUpdate: {"status":"downloading-updates","current":3,"total":6,"progress":12}
[2025-06-18 13:03:52.913] [info]  Splash.onStateUpdate: {"status":"downloading-updates","current":3,"total":6,"progress":12}
[2025-06-18 13:03:52.926] [info]  DiscordSplash.onStateUpdate: {"status":"downloading-updates","current":3,"total":6,"progress":13}
[2025-06-18 13:03:52.926] [info]  Splash.onStateUpdate: {"status":"downloading-updates","current":3,"total":6,"progress":13}
[2025-06-18 13:03:52.929] [info]  DiscordSplash.onStateUpdate: {"status":"downloading-updates","current":3,"total":6,"progress":14}
[2025-06-18 13:03:52.930] [info]  Splash.onStateUpdate: {"status":"downloading-updates","current":3,"total":6,"progress":14}
[2025-06-18 13:03:52.933] [info]  DiscordSplash.onStateUpdate: {"status":"downloading-updates","current":3,"total":6,"progress":15}
[2025-06-18 13:03:52.934] [info]  Splash.onStateUpdate: {"status":"downloading-updates","current":3,"total":6,"progress":15}
[2025-06-18 13:03:52.939] [info]  DiscordSplash.onStateUpdate: {"status":"downloading-updates","current":3,"total":6,"progress":16}
[2025-06-18 13:03:52.939] [info]  Splash.onStateUpdate: {"status":"downloading-updates","current":3,"total":6,"progress":16}
[2025-06-18 13:03:52.945] [info]  DiscordSplash.onStateUpdate: {"status":"downloading-updates","current":3,"total":6,"progress":17}
[2025-06-18 13:03:52.945] [info]  Splash.onStateUpdate: {"status":"downloading-updates","current":3,"total":6,"progress":17}
[2025-06-18 13:03:52.950] [info]  DiscordSplash.onStateUpdate: {"status":"downloading-updates","current":3,"total":6,"progress":18}
[2025-06-18 13:03:52.950] [info]  Splash.onStateUpdate: {"status":"downloading-updates","current":3,"total":6,"progress":18}
[2025-06-18 13:03:52.953] [info]  DiscordSplash.onStateUpdate: {"status":"downloading-updates","current":3,"total":6,"progress":19}
[2025-06-18 13:03:52.953] [info]  Splash.onStateUpdate: {"status":"downloading-updates","current":3,"total":6,"progress":19}
[2025-06-18 13:03:52.956] [info]  DiscordSplash.onStateUpdate: {"status":"downloading-updates","current":3,"total":6,"progress":20}
[2025-06-18 13:03:52.956] [info]  Splash.onStateUpdate: {"status":"downloading-updates","current":3,"total":6,"progress":20}
[2025-06-18 13:03:52.961] [info]  DiscordSplash.onStateUpdate: {"status":"downloading-updates","current":3,"total":6,"progress":21}
[2025-06-18 13:03:52.961] [info]  Splash.onStateUpdate: {"status":"downloading-updates","current":3,"total":6,"progress":21}
[2025-06-18 13:03:52.966] [info]  DiscordSplash.onStateUpdate: {"status":"downloading-updates","current":3,"total":6,"progress":22}
[2025-06-18 13:03:52.966] [info]  Splash.onStateUpdate: {"status":"downloading-updates","current":3,"total":6,"progress":22}
[2025-06-18 13:03:52.968] [info]  DiscordSplash.onStateUpdate: {"status":"downloading-updates","current":3,"total":6,"progress":23}
[2025-06-18 13:03:52.968] [info]  Splash.onStateUpdate: {"status":"downloading-updates","current":3,"total":6,"progress":23}
[2025-06-18 13:03:52.971] [info]  DiscordSplash.onStateUpdate: {"status":"downloading-updates","current":3,"total":6,"progress":24}
[2025-06-18 13:03:52.971] [info]  Splash.onStateUpdate: {"status":"downloading-updates","current":3,"total":6,"progress":24}
[2025-06-18 13:03:52.975] [info]  DiscordSplash.onStateUpdate: {"status":"downloading-updates","current":3,"total":6,"progress":25}
[2025-06-18 13:03:52.976] [info]  Splash.onStateUpdate: {"status":"downloading-updates","current":3,"total":6,"progress":25}
[2025-06-18 13:03:52.981] [info]  DiscordSplash.onStateUpdate: {"status":"downloading-updates","current":3,"total":6,"progress":26}
[2025-06-18 13:03:52.981] [info]  Splash.onStateUpdate: {"status":"downloading-updates","current":3,"total":6,"progress":26}
[2025-06-18 13:03:52.983] [info]  DiscordSplash.onStateUpdate: {"status":"downloading-updates","current":3,"total":6,"progress":27}
[2025-06-18 13:03:52.984] [info]  Splash.onStateUpdate: {"status":"downloading-updates","current":3,"total":6,"progress":27}
[2025-06-18 13:03:52.986] [info]  DiscordSplash.onStateUpdate: {"status":"downloading-updates","current":3,"total":6,"progress":28}
[2025-06-18 13:03:52.986] [info]  Splash.onStateUpdate: {"status":"downloading-updates","current":3,"total":6,"progress":28}
[2025-06-18 13:03:52.992] [info]  DiscordSplash.onStateUpdate: {"status":"downloading-updates","current":3,"total":6,"progress":29}
[2025-06-18 13:03:52.992] [info]  Splash.onStateUpdate: {"status":"downloading-updates","current":3,"total":6,"progress":29}
[2025-06-18 13:03:52.994] [info]  DiscordSplash.onStateUpdate: {"status":"downloading-updates","current":3,"total":6,"progress":30}
[2025-06-18 13:03:52.995] [info]  Splash.onStateUpdate: {"status":"downloading-updates","current":3,"total":6,"progress":30}
[2025-06-18 13:03:52.997] [info]  DiscordSplash.onStateUpdate: {"status":"downloading-updates","current":3,"total":6,"progress":31}
[2025-06-18 13:03:52.997] [info]  Splash.onStateUpdate: {"status":"downloading-updates","current":3,"total":6,"progress":31}
[2025-06-18 13:03:52.998] [info]  DiscordSplash.onStateUpdate: {"status":"downloading-updates","current":3,"total":6,"progress":32}
[2025-06-18 13:03:52.998] [info]  Splash.onStateUpdate: {"status":"downloading-updates","current":3,"total":6,"progress":32}
[2025-06-18 13:03:53.005] [info]  DiscordSplash.onStateUpdate: {"status":"downloading-updates","current":3,"total":6,"progress":33}
[2025-06-18 13:03:53.005] [info]  Splash.onStateUpdate: {"status":"downloading-updates","current":3,"total":6,"progress":33}
[2025-06-18 13:03:53.012] [info]  DiscordSplash.onStateUpdate: {"status":"downloading-updates","current":3,"total":6,"progress":34}
[2025-06-18 13:03:53.012] [info]  Splash.onStateUpdate: {"status":"downloading-updates","current":3,"total":6,"progress":34}
[2025-06-18 13:03:53.013] [info]  DiscordSplash.onStateUpdate: {"status":"downloading-updates","current":3,"total":6,"progress":35}
[2025-06-18 13:03:53.013] [info]  Splash.onStateUpdate: {"status":"downloading-updates","current":3,"total":6,"progress":35}
[2025-06-18 13:03:53.015] [info]  DiscordSplash.onStateUpdate: {"status":"downloading-updates","current":3,"total":6,"progress":36}
[2025-06-18 13:03:53.015] [info]  Splash.onStateUpdate: {"status":"downloading-updates","current":3,"total":6,"progress":36}
[2025-06-18 13:03:53.018] [info]  DiscordSplash.onStateUpdate: {"status":"downloading-updates","current":3,"total":6,"progress":37}
[2025-06-18 13:03:53.018] [info]  Splash.onStateUpdate: {"status":"downloading-updates","current":3,"total":6,"progress":37}
[2025-06-18 13:03:53.021] [info]  DiscordSplash.onStateUpdate: {"status":"downloading-updates","current":3,"total":6,"progress":38}
[2025-06-18 13:03:53.021] [info]  Splash.onStateUpdate: {"status":"downloading-updates","current":3,"total":6,"progress":38}
[2025-06-18 13:03:53.023] [info]  DiscordSplash.onStateUpdate: {"status":"downloading-updates","current":3,"total":6,"progress":39}
[2025-06-18 13:03:53.023] [info]  Splash.onStateUpdate: {"status":"downloading-updates","current":3,"total":6,"progress":39}
[2025-06-18 13:03:53.027] [info]  DiscordSplash.onStateUpdate: {"status":"downloading-updates","current":3,"total":6,"progress":40}
[2025-06-18 13:03:53.028] [info]  Splash.onStateUpdate: {"status":"downloading-updates","current":3,"total":6,"progress":40}
[2025-06-18 13:03:53.029] [info]  DiscordSplash.onStateUpdate: {"status":"downloading-updates","current":3,"total":6,"progress":41}
[2025-06-18 13:03:53.029] [info]  Splash.onStateUpdate: {"status":"downloading-updates","current":3,"total":6,"progress":41}
[2025-06-18 13:03:53.033] [info]  DiscordSplash.onStateUpdate: {"status":"downloading-updates","current":3,"total":6,"progress":42}
[2025-06-18 13:03:53.033] [info]  Splash.onStateUpdate: {"status":"downloading-updates","current":3,"total":6,"progress":42}
[2025-06-18 13:03:53.033] [info]  DiscordSplash.onStateUpdate: {"status":"downloading-updates","current":3,"total":6,"progress":43}
[2025-06-18 13:03:53.034] [info]  Splash.onStateUpdate: {"status":"downloading-updates","current":3,"total":6,"progress":43}
[2025-06-18 13:03:53.038] [info]  DiscordSplash.onStateUpdate: {"status":"downloading-updates","current":3,"total":6,"progress":44}
[2025-06-18 13:03:53.038] [info]  Splash.onStateUpdate: {"status":"downloading-updates","current":3,"total":6,"progress":44}
[2025-06-18 13:03:53.040] [info]  DiscordSplash.onStateUpdate: {"status":"downloading-updates","current":3,"total":6,"progress":45}
[2025-06-18 13:03:53.040] [info]  Splash.onStateUpdate: {"status":"downloading-updates","current":3,"total":6,"progress":45}
[2025-06-18 13:03:53.040] [info]  DiscordSplash.onStateUpdate: {"status":"downloading-updates","current":3,"total":6,"progress":46}
[2025-06-18 13:03:53.040] [info]  Splash.onStateUpdate: {"status":"downloading-updates","current":3,"total":6,"progress":46}
[2025-06-18 13:03:53.042] [info]  DiscordSplash.onStateUpdate: {"status":"downloading-updates","current":3,"total":6,"progress":47}
[2025-06-18 13:03:53.042] [info]  Splash.onStateUpdate: {"status":"downloading-updates","current":3,"total":6,"progress":47}
[2025-06-18 13:03:53.044] [info]  DiscordSplash.onStateUpdate: {"status":"downloading-updates","current":3,"total":6,"progress":48}
[2025-06-18 13:03:53.044] [info]  Splash.onStateUpdate: {"status":"downloading-updates","current":3,"total":6,"progress":48}
[2025-06-18 13:03:53.047] [info]  DiscordSplash.onStateUpdate: {"status":"downloading-updates","current":3,"total":6,"progress":49}
[2025-06-18 13:03:53.047] [info]  Splash.onStateUpdate: {"status":"downloading-updates","current":3,"total":6,"progress":49}
[2025-06-18 13:03:53.049] [info]  DiscordSplash.onStateUpdate: {"status":"downloading-updates","current":3,"total":6,"progress":50}
[2025-06-18 13:03:53.050] [info]  Splash.onStateUpdate: {"status":"downloading-updates","current":3,"total":6,"progress":50}
[2025-06-18 13:03:53.054] [info]  DiscordSplash.onStateUpdate: {"status":"downloading-updates","current":3,"total":6,"progress":51}
[2025-06-18 13:03:53.054] [info]  Splash.onStateUpdate: {"status":"downloading-updates","current":3,"total":6,"progress":51}
[2025-06-18 13:03:53.055] [info]  DiscordSplash.onStateUpdate: {"status":"downloading-updates","current":3,"total":6,"progress":52}
[2025-06-18 13:03:53.056] [info]  Splash.onStateUpdate: {"status":"downloading-updates","current":3,"total":6,"progress":52}
[2025-06-18 13:03:53.057] [info]  DiscordSplash.onStateUpdate: {"status":"downloading-updates","current":3,"total":6,"progress":53}
[2025-06-18 13:03:53.057] [info]  Splash.onStateUpdate: {"status":"downloading-updates","current":3,"total":6,"progress":53}
[2025-06-18 13:03:53.058] [info]  DiscordSplash.onStateUpdate: {"status":"downloading-updates","current":3,"total":6,"progress":54}
[2025-06-18 13:03:53.058] [info]  Splash.onStateUpdate: {"status":"downloading-updates","current":3,"total":6,"progress":54}
[2025-06-18 13:03:53.059] [info]  DiscordSplash.onStateUpdate: {"status":"downloading-updates","current":3,"total":6,"progress":55}
[2025-06-18 13:03:53.060] [info]  Splash.onStateUpdate: {"status":"downloading-updates","current":3,"total":6,"progress":55}
[2025-06-18 13:03:53.061] [info]  DiscordSplash.onStateUpdate: {"status":"downloading-updates","current":3,"total":6,"progress":56}
[2025-06-18 13:03:53.061] [info]  Splash.onStateUpdate: {"status":"downloading-updates","current":3,"total":6,"progress":56}
[2025-06-18 13:03:53.062] [info]  DiscordSplash.onStateUpdate: {"status":"downloading-updates","current":3,"total":6,"progress":57}
[2025-06-18 13:03:53.062] [info]  Splash.onStateUpdate: {"status":"downloading-updates","current":3,"total":6,"progress":57}
[2025-06-18 13:03:53.063] [info]  DiscordSplash.onStateUpdate: {"status":"downloading-updates","current":3,"total":6,"progress":58}
[2025-06-18 13:03:53.063] [info]  Splash.onStateUpdate: {"status":"downloading-updates","current":3,"total":6,"progress":58}
[2025-06-18 13:03:53.064] [info]  DiscordSplash.onStateUpdate: {"status":"downloading-updates","current":3,"total":6,"progress":59}
[2025-06-18 13:03:53.065] [info]  Splash.onStateUpdate: {"status":"downloading-updates","current":3,"total":6,"progress":59}
[2025-06-18 13:03:53.069] [info]  DiscordSplash.onStateUpdate: {"status":"downloading-updates","current":3,"total":6,"progress":60}
[2025-06-18 13:03:53.069] [info]  Splash.onStateUpdate: {"status":"downloading-updates","current":3,"total":6,"progress":60}
[2025-06-18 13:03:53.073] [info]  DiscordSplash.onStateUpdate: {"status":"downloading-updates","current":3,"total":6,"progress":61}
[2025-06-18 13:03:53.074] [info]  Splash.onStateUpdate: {"status":"downloading-updates","current":3,"total":6,"progress":61}
[2025-06-18 13:03:53.075] [info]  DiscordSplash.onStateUpdate: {"status":"downloading-updates","current":3,"total":6,"progress":62}
[2025-06-18 13:03:53.075] [info]  Splash.onStateUpdate: {"status":"downloading-updates","current":3,"total":6,"progress":62}
[2025-06-18 13:03:53.077] [info]  DiscordSplash.onStateUpdate: {"status":"downloading-updates","current":3,"total":6,"progress":63}
[2025-06-18 13:03:53.077] [info]  Splash.onStateUpdate: {"status":"downloading-updates","current":3,"total":6,"progress":63}
[2025-06-18 13:03:53.078] [info]  DiscordSplash.onStateUpdate: {"status":"downloading-updates","current":3,"total":6,"progress":65}
[2025-06-18 13:03:53.078] [info]  Splash.onStateUpdate: {"status":"downloading-updates","current":3,"total":6,"progress":65}
[2025-06-18 13:03:53.080] [info]  DiscordSplash.onStateUpdate: {"status":"downloading-updates","current":3,"total":6,"progress":66}
[2025-06-18 13:03:53.080] [info]  Splash.onStateUpdate: {"status":"downloading-updates","current":3,"total":6,"progress":66}
[2025-06-18 13:03:53.081] [info]  DiscordSplash.onStateUpdate: {"status":"downloading-updates","current":3,"total":6,"progress":67}
[2025-06-18 13:03:53.082] [info]  Splash.onStateUpdate: {"status":"downloading-updates","current":3,"total":6,"progress":67}
[2025-06-18 13:03:53.083] [info]  DiscordSplash.onStateUpdate: {"status":"downloading-updates","current":3,"total":6,"progress":68}
[2025-06-18 13:03:53.083] [info]  Splash.onStateUpdate: {"status":"downloading-updates","current":3,"total":6,"progress":68}
[2025-06-18 13:03:53.085] [info]  DiscordSplash.onStateUpdate: {"status":"downloading-updates","current":3,"total":6,"progress":69}
[2025-06-18 13:03:53.085] [info]  Splash.onStateUpdate: {"status":"downloading-updates","current":3,"total":6,"progress":69}
[2025-06-18 13:03:53.087] [info]  DiscordSplash.onStateUpdate: {"status":"downloading-updates","current":3,"total":6,"progress":70}
[2025-06-18 13:03:53.087] [info]  Splash.onStateUpdate: {"status":"downloading-updates","current":3,"total":6,"progress":70}
[2025-06-18 13:03:53.092] [info]  DiscordSplash.onStateUpdate: {"status":"downloading-updates","current":3,"total":6,"progress":71}
[2025-06-18 13:03:53.092] [info]  Splash.onStateUpdate: {"status":"downloading-updates","current":3,"total":6,"progress":71}
[2025-06-18 13:03:53.094] [info]  DiscordSplash.onStateUpdate: {"status":"downloading-updates","current":3,"total":6,"progress":72}
[2025-06-18 13:03:53.094] [info]  Splash.onStateUpdate: {"status":"downloading-updates","current":3,"total":6,"progress":72}
[2025-06-18 13:03:53.095] [info]  DiscordSplash.onStateUpdate: {"status":"downloading-updates","current":3,"total":6,"progress":73}
[2025-06-18 13:03:53.095] [info]  Splash.onStateUpdate: {"status":"downloading-updates","current":3,"total":6,"progress":73}
[2025-06-18 13:03:53.095] [info]  DiscordSplash.onStateUpdate: {"status":"downloading-updates","current":3,"total":6,"progress":74}
[2025-06-18 13:03:53.095] [info]  Splash.onStateUpdate: {"status":"downloading-updates","current":3,"total":6,"progress":74}
[2025-06-18 13:03:53.097] [info]  DiscordSplash.onStateUpdate: {"status":"downloading-updates","current":3,"total":6,"progress":75}
[2025-06-18 13:03:53.097] [info]  Splash.onStateUpdate: {"status":"downloading-updates","current":3,"total":6,"progress":75}
[2025-06-18 13:03:53.098] [info]  DiscordSplash.onStateUpdate: {"status":"downloading-updates","current":3,"total":6,"progress":76}
[2025-06-18 13:03:53.098] [info]  Splash.onStateUpdate: {"status":"downloading-updates","current":3,"total":6,"progress":76}
[2025-06-18 13:03:53.099] [info]  DiscordSplash.onStateUpdate: {"status":"downloading-updates","current":3,"total":6,"progress":77}
[2025-06-18 13:03:53.099] [info]  Splash.onStateUpdate: {"status":"downloading-updates","current":3,"total":6,"progress":77}
[2025-06-18 13:03:53.100] [info]  DiscordSplash.onStateUpdate: {"status":"downloading-updates","current":3,"total":6,"progress":78}
[2025-06-18 13:03:53.100] [info]  Splash.onStateUpdate: {"status":"downloading-updates","current":3,"total":6,"progress":78}
[2025-06-18 13:03:53.101] [info]  DiscordSplash.onStateUpdate: {"status":"downloading-updates","current":3,"total":6,"progress":79}
[2025-06-18 13:03:53.101] [info]  Splash.onStateUpdate: {"status":"downloading-updates","current":3,"total":6,"progress":79}
[2025-06-18 13:03:53.103] [info]  DiscordSplash.onStateUpdate: {"status":"downloading-updates","current":3,"total":6,"progress":80}
[2025-06-18 13:03:53.103] [info]  Splash.onStateUpdate: {"status":"downloading-updates","current":3,"total":6,"progress":80}
[2025-06-18 13:03:53.104] [info]  DiscordSplash.onStateUpdate: {"status":"downloading-updates","current":3,"total":6,"progress":81}
[2025-06-18 13:03:53.104] [info]  Splash.onStateUpdate: {"status":"downloading-updates","current":3,"total":6,"progress":81}
[2025-06-18 13:03:53.109] [info]  DiscordSplash.onStateUpdate: {"status":"downloading-updates","current":3,"total":6,"progress":82}
[2025-06-18 13:03:53.109] [info]  Splash.onStateUpdate: {"status":"downloading-updates","current":3,"total":6,"progress":82}
[2025-06-18 13:03:53.114] [info]  DiscordSplash.onStateUpdate: {"status":"downloading-updates","current":3,"total":6,"progress":84}
[2025-06-18 13:03:53.117] [info]  Splash.onStateUpdate: {"status":"downloading-updates","current":3,"total":6,"progress":84}
[2025-06-18 13:03:53.119] [info]  DiscordSplash.onStateUpdate: {"status":"downloading-updates","current":3,"total":6,"progress":85}
[2025-06-18 13:03:53.120] [info]  Splash.onStateUpdate: {"status":"downloading-updates","current":3,"total":6,"progress":85}
[2025-06-18 13:03:53.120] [info]  DiscordSplash.onStateUpdate: {"status":"downloading-updates","current":3,"total":6,"progress":89}
[2025-06-18 13:03:53.121] [info]  Splash.onStateUpdate: {"status":"downloading-updates","current":3,"total":6,"progress":89}
[2025-06-18 13:03:53.121] [info]  DiscordSplash.onStateUpdate: {"status":"downloading-updates","current":3,"total":6,"progress":91}
[2025-06-18 13:03:53.121] [info]  Splash.onStateUpdate: {"status":"downloading-updates","current":3,"total":6,"progress":91}
[2025-06-18 13:03:53.122] [info]  DiscordSplash.onStateUpdate: {"status":"downloading-updates","current":3,"total":6,"progress":92}
[2025-06-18 13:03:53.122] [info]  Splash.onStateUpdate: {"status":"downloading-updates","current":3,"total":6,"progress":92}
[2025-06-18 13:03:53.123] [info]  DiscordSplash.onStateUpdate: {"status":"downloading-updates","current":3,"total":6,"progress":93}
[2025-06-18 13:03:53.123] [info]  Splash.onStateUpdate: {"status":"downloading-updates","current":3,"total":6,"progress":93}
[2025-06-18 13:03:53.125] [info]  DiscordSplash.onStateUpdate: {"status":"downloading-updates","current":3,"total":6,"progress":94}
[2025-06-18 13:03:53.125] [info]  Splash.onStateUpdate: {"status":"downloading-updates","current":3,"total":6,"progress":94}
[2025-06-18 13:03:53.126] [info]  DiscordSplash.onStateUpdate: {"status":"downloading-updates","current":3,"total":6,"progress":95}
[2025-06-18 13:03:53.126] [info]  Splash.onStateUpdate: {"status":"downloading-updates","current":3,"total":6,"progress":95}
[2025-06-18 13:03:53.127] [info]  DiscordSplash.onStateUpdate: {"status":"downloading-updates","current":3,"total":6,"progress":96}
[2025-06-18 13:03:53.127] [info]  Splash.onStateUpdate: {"status":"downloading-updates","current":3,"total":6,"progress":96}
[2025-06-18 13:03:53.131] [info]  DiscordSplash.onStateUpdate: {"status":"downloading-updates","current":3,"total":6,"progress":97}
[2025-06-18 13:03:53.131] [info]  Splash.onStateUpdate: {"status":"downloading-updates","current":3,"total":6,"progress":97}
[2025-06-18 13:03:53.132] [info]  DiscordSplash.onStateUpdate: {"status":"downloading-updates","current":3,"total":6,"progress":98}
[2025-06-18 13:03:53.132] [info]  Splash.onStateUpdate: {"status":"downloading-updates","current":3,"total":6,"progress":98}
[2025-06-18 13:03:53.132] [info]  DiscordSplash.onStateUpdate: {"status":"downloading-updates","current":3,"total":6,"progress":99}
[2025-06-18 13:03:53.132] [info]  Splash.onStateUpdate: {"status":"downloading-updates","current":3,"total":6,"progress":99}
[2025-06-18 13:03:53.136] [info]  DiscordSplash.onStateUpdate: {"status":"downloading-updates","current":3,"total":6,"progress":100}
[2025-06-18 13:03:53.136] [info]  Splash.onStateUpdate: {"status":"downloading-updates","current":3,"total":6,"progress":100}
[2025-06-18 13:03:53.136] [info]  DiscordSplash.onStateUpdate: {"status":"downloading-updates","current":4,"total":6}
[2025-06-18 13:03:53.136] [info]  Splash.onStateUpdate: {"status":"downloading-updates","current":4,"total":6}
[2025-06-18 13:03:53.291] [info]  DiscordSplash.onStateUpdate: {"status":"downloading-updates","current":4,"total":6,"progress":1}
[2025-06-18 13:03:53.291] [info]  Splash.onStateUpdate: {"status":"downloading-updates","current":4,"total":6,"progress":1}
[2025-06-18 13:03:53.292] [info]  DiscordSplash.onStateUpdate: {"status":"downloading-updates","current":4,"total":6,"progress":2}
[2025-06-18 13:03:53.292] [info]  Splash.onStateUpdate: {"status":"downloading-updates","current":4,"total":6,"progress":2}
[2025-06-18 13:03:53.292] [info]  DiscordSplash.onStateUpdate: {"status":"downloading-updates","current":4,"total":6,"progress":6}
[2025-06-18 13:03:53.292] [info]  Splash.onStateUpdate: {"status":"downloading-updates","current":4,"total":6,"progress":6}
[2025-06-18 13:03:53.294] [info]  DiscordSplash.onStateUpdate: {"status":"downloading-updates","current":4,"total":6,"progress":7}
[2025-06-18 13:03:53.294] [info]  Splash.onStateUpdate: {"status":"downloading-updates","current":4,"total":6,"progress":7}
[2025-06-18 13:03:53.295] [info]  DiscordSplash.onStateUpdate: {"status":"downloading-updates","current":4,"total":6,"progress":9}
[2025-06-18 13:03:53.295] [info]  Splash.onStateUpdate: {"status":"downloading-updates","current":4,"total":6,"progress":9}
[2025-06-18 13:03:53.295] [info]  DiscordSplash.onStateUpdate: {"status":"downloading-updates","current":4,"total":6,"progress":12}
[2025-06-18 13:03:53.295] [info]  Splash.onStateUpdate: {"status":"downloading-updates","current":4,"total":6,"progress":12}
[2025-06-18 13:03:53.297] [info]  DiscordSplash.onStateUpdate: {"status":"downloading-updates","current":4,"total":6,"progress":14}
[2025-06-18 13:03:53.297] [info]  Splash.onStateUpdate: {"status":"downloading-updates","current":4,"total":6,"progress":14}
[2025-06-18 13:03:53.298] [info]  DiscordSplash.onStateUpdate: {"status":"downloading-updates","current":4,"total":6,"progress":15}
[2025-06-18 13:03:53.298] [info]  Splash.onStateUpdate: {"status":"downloading-updates","current":4,"total":6,"progress":15}
[2025-06-18 13:03:53.299] [info]  DiscordSplash.onStateUpdate: {"status":"downloading-updates","current":4,"total":6,"progress":18}
[2025-06-18 13:03:53.299] [info]  Splash.onStateUpdate: {"status":"downloading-updates","current":4,"total":6,"progress":18}
[2025-06-18 13:03:53.299] [info]  DiscordSplash.onStateUpdate: {"status":"downloading-updates","current":4,"total":6,"progress":20}
[2025-06-18 13:03:53.300] [info]  Splash.onStateUpdate: {"status":"downloading-updates","current":4,"total":6,"progress":20}
[2025-06-18 13:03:53.300] [info]  DiscordSplash.onStateUpdate: {"status":"downloading-updates","current":4,"total":6,"progress":22}
[2025-06-18 13:03:53.300] [info]  Splash.onStateUpdate: {"status":"downloading-updates","current":4,"total":6,"progress":22}
[2025-06-18 13:03:53.301] [info]  DiscordSplash.onStateUpdate: {"status":"downloading-updates","current":4,"total":6,"progress":23}
[2025-06-18 13:03:53.301] [info]  Splash.onStateUpdate: {"status":"downloading-updates","current":4,"total":6,"progress":23}
[2025-06-18 13:03:53.302] [info]  DiscordSplash.onStateUpdate: {"status":"downloading-updates","current":4,"total":6,"progress":25}
[2025-06-18 13:03:53.302] [info]  Splash.onStateUpdate: {"status":"downloading-updates","current":4,"total":6,"progress":25}
[2025-06-18 13:03:53.303] [info]  DiscordSplash.onStateUpdate: {"status":"downloading-updates","current":4,"total":6,"progress":28}
[2025-06-18 13:03:53.303] [info]  Splash.onStateUpdate: {"status":"downloading-updates","current":4,"total":6,"progress":28}
[2025-06-18 13:03:53.303] [info]  DiscordSplash.onStateUpdate: {"status":"downloading-updates","current":4,"total":6,"progress":31}
[2025-06-18 13:03:53.303] [info]  Splash.onStateUpdate: {"status":"downloading-updates","current":4,"total":6,"progress":31}
[2025-06-18 13:03:53.304] [info]  DiscordSplash.onStateUpdate: {"status":"downloading-updates","current":4,"total":6,"progress":38}
[2025-06-18 13:03:53.304] [info]  Splash.onStateUpdate: {"status":"downloading-updates","current":4,"total":6,"progress":38}
[2025-06-18 13:03:53.309] [info]  DiscordSplash.onStateUpdate: {"status":"downloading-updates","current":4,"total":6,"progress":39}
[2025-06-18 13:03:53.309] [info]  Splash.onStateUpdate: {"status":"downloading-updates","current":4,"total":6,"progress":39}
[2025-06-18 13:03:53.309] [info]  DiscordSplash.onStateUpdate: {"status":"downloading-updates","current":4,"total":6,"progress":40}
[2025-06-18 13:03:53.310] [info]  Splash.onStateUpdate: {"status":"downloading-updates","current":4,"total":6,"progress":40}
[2025-06-18 13:03:53.310] [info]  DiscordSplash.onStateUpdate: {"status":"downloading-updates","current":4,"total":6,"progress":42}
[2025-06-18 13:03:53.311] [info]  Splash.onStateUpdate: {"status":"downloading-updates","current":4,"total":6,"progress":42}
[2025-06-18 13:03:53.312] [info]  DiscordSplash.onStateUpdate: {"status":"downloading-updates","current":4,"total":6,"progress":44}
[2025-06-18 13:03:53.312] [info]  Splash.onStateUpdate: {"status":"downloading-updates","current":4,"total":6,"progress":44}
[2025-06-18 13:03:53.312] [info]  DiscordSplash.onStateUpdate: {"status":"downloading-updates","current":4,"total":6,"progress":45}
[2025-06-18 13:03:53.312] [info]  Splash.onStateUpdate: {"status":"downloading-updates","current":4,"total":6,"progress":45}
[2025-06-18 13:03:53.313] [info]  DiscordSplash.onStateUpdate: {"status":"downloading-updates","current":4,"total":6,"progress":48}
[2025-06-18 13:03:53.313] [info]  Splash.onStateUpdate: {"status":"downloading-updates","current":4,"total":6,"progress":48}
[2025-06-18 13:03:53.313] [info]  DiscordSplash.onStateUpdate: {"status":"downloading-updates","current":4,"total":6,"progress":51}
[2025-06-18 13:03:53.314] [info]  Splash.onStateUpdate: {"status":"downloading-updates","current":4,"total":6,"progress":51}
[2025-06-18 13:03:53.314] [info]  DiscordSplash.onStateUpdate: {"status":"downloading-updates","current":4,"total":6,"progress":52}
[2025-06-18 13:03:53.314] [info]  Splash.onStateUpdate: {"status":"downloading-updates","current":4,"total":6,"progress":52}
[2025-06-18 13:03:53.316] [info]  DiscordSplash.onStateUpdate: {"status":"downloading-updates","current":4,"total":6,"progress":53}
[2025-06-18 13:03:53.317] [info]  Splash.onStateUpdate: {"status":"downloading-updates","current":4,"total":6,"progress":53}
[2025-06-18 13:03:53.317] [info]  DiscordSplash.onStateUpdate: {"status":"downloading-updates","current":4,"total":6,"progress":54}
[2025-06-18 13:03:53.317] [info]  Splash.onStateUpdate: {"status":"downloading-updates","current":4,"total":6,"progress":54}
[2025-06-18 13:03:53.318] [info]  DiscordSplash.onStateUpdate: {"status":"downloading-updates","current":4,"total":6,"progress":56}
[2025-06-18 13:03:53.318] [info]  Splash.onStateUpdate: {"status":"downloading-updates","current":4,"total":6,"progress":56}
[2025-06-18 13:03:53.319] [info]  DiscordSplash.onStateUpdate: {"status":"downloading-updates","current":4,"total":6,"progress":59}
[2025-06-18 13:03:53.319] [info]  Splash.onStateUpdate: {"status":"downloading-updates","current":4,"total":6,"progress":59}
[2025-06-18 13:03:53.319] [info]  DiscordSplash.onStateUpdate: {"status":"downloading-updates","current":4,"total":6,"progress":61}
[2025-06-18 13:03:53.319] [info]  Splash.onStateUpdate: {"status":"downloading-updates","current":4,"total":6,"progress":61}
[2025-06-18 13:03:53.320] [info]  DiscordSplash.onStateUpdate: {"status":"downloading-updates","current":4,"total":6,"progress":63}
[2025-06-18 13:03:53.320] [info]  Splash.onStateUpdate: {"status":"downloading-updates","current":4,"total":6,"progress":63}
[2025-06-18 13:03:53.321] [info]  DiscordSplash.onStateUpdate: {"status":"downloading-updates","current":4,"total":6,"progress":65}
[2025-06-18 13:03:53.321] [info]  Splash.onStateUpdate: {"status":"downloading-updates","current":4,"total":6,"progress":65}
[2025-06-18 13:03:53.321] [info]  DiscordSplash.onStateUpdate: {"status":"downloading-updates","current":4,"total":6,"progress":67}
[2025-06-18 13:03:53.322] [info]  Splash.onStateUpdate: {"status":"downloading-updates","current":4,"total":6,"progress":67}
[2025-06-18 13:03:53.322] [info]  DiscordSplash.onStateUpdate: {"status":"downloading-updates","current":4,"total":6,"progress":70}
[2025-06-18 13:03:53.322] [info]  Splash.onStateUpdate: {"status":"downloading-updates","current":4,"total":6,"progress":70}
[2025-06-18 13:03:53.323] [info]  DiscordSplash.onStateUpdate: {"status":"downloading-updates","current":4,"total":6,"progress":71}
[2025-06-18 13:03:53.323] [info]  Splash.onStateUpdate: {"status":"downloading-updates","current":4,"total":6,"progress":71}
[2025-06-18 13:03:53.324] [info]  DiscordSplash.onStateUpdate: {"status":"downloading-updates","current":4,"total":6,"progress":73}
[2025-06-18 13:03:53.324] [info]  Splash.onStateUpdate: {"status":"downloading-updates","current":4,"total":6,"progress":73}
[2025-06-18 13:03:53.325] [info]  DiscordSplash.onStateUpdate: {"status":"downloading-updates","current":4,"total":6,"progress":74}
[2025-06-18 13:03:53.325] [info]  Splash.onStateUpdate: {"status":"downloading-updates","current":4,"total":6,"progress":74}
[2025-06-18 13:03:53.325] [info]  DiscordSplash.onStateUpdate: {"status":"downloading-updates","current":4,"total":6,"progress":79}
[2025-06-18 13:03:53.326] [info]  Splash.onStateUpdate: {"status":"downloading-updates","current":4,"total":6,"progress":79}
[2025-06-18 13:03:53.326] [info]  DiscordSplash.onStateUpdate: {"status":"downloading-updates","current":4,"total":6,"progress":81}
[2025-06-18 13:03:53.327] [info]  Splash.onStateUpdate: {"status":"downloading-updates","current":4,"total":6,"progress":81}
[2025-06-18 13:03:53.327] [info]  DiscordSplash.onStateUpdate: {"status":"downloading-updates","current":4,"total":6,"progress":83}
[2025-06-18 13:03:53.327] [info]  Splash.onStateUpdate: {"status":"downloading-updates","current":4,"total":6,"progress":83}
[2025-06-18 13:03:53.328] [info]  DiscordSplash.onStateUpdate: {"status":"downloading-updates","current":4,"total":6,"progress":86}
[2025-06-18 13:03:53.328] [info]  Splash.onStateUpdate: {"status":"downloading-updates","current":4,"total":6,"progress":86}
[2025-06-18 13:03:53.329] [info]  DiscordSplash.onStateUpdate: {"status":"downloading-updates","current":4,"total":6,"progress":87}
[2025-06-18 13:03:53.329] [info]  Splash.onStateUpdate: {"status":"downloading-updates","current":4,"total":6,"progress":87}
[2025-06-18 13:03:53.330] [info]  DiscordSplash.onStateUpdate: {"status":"downloading-updates","current":4,"total":6,"progress":88}
[2025-06-18 13:03:53.330] [info]  Splash.onStateUpdate: {"status":"downloading-updates","current":4,"total":6,"progress":88}
[2025-06-18 13:03:53.331] [info]  DiscordSplash.onStateUpdate: {"status":"downloading-updates","current":4,"total":6,"progress":89}
[2025-06-18 13:03:53.331] [info]  Splash.onStateUpdate: {"status":"downloading-updates","current":4,"total":6,"progress":89}
[2025-06-18 13:03:53.332] [info]  DiscordSplash.onStateUpdate: {"status":"downloading-updates","current":4,"total":6,"progress":90}
[2025-06-18 13:03:53.332] [info]  Splash.onStateUpdate: {"status":"downloading-updates","current":4,"total":6,"progress":90}
[2025-06-18 13:03:53.333] [info]  DiscordSplash.onStateUpdate: {"status":"downloading-updates","current":4,"total":6,"progress":91}
[2025-06-18 13:03:53.333] [info]  Splash.onStateUpdate: {"status":"downloading-updates","current":4,"total":6,"progress":91}
[2025-06-18 13:03:53.334] [info]  DiscordSplash.onStateUpdate: {"status":"downloading-updates","current":4,"total":6,"progress":93}
[2025-06-18 13:03:53.334] [info]  Splash.onStateUpdate: {"status":"downloading-updates","current":4,"total":6,"progress":93}
[2025-06-18 13:03:53.334] [info]  DiscordSplash.onStateUpdate: {"status":"downloading-updates","current":4,"total":6,"progress":96}
[2025-06-18 13:03:53.334] [info]  Splash.onStateUpdate: {"status":"downloading-updates","current":4,"total":6,"progress":96}
[2025-06-18 13:03:53.335] [info]  DiscordSplash.onStateUpdate: {"status":"downloading-updates","current":4,"total":6,"progress":97}
[2025-06-18 13:03:53.335] [info]  Splash.onStateUpdate: {"status":"downloading-updates","current":4,"total":6,"progress":97}
[2025-06-18 13:03:53.337] [info]  DiscordSplash.onStateUpdate: {"status":"downloading-updates","current":4,"total":6,"progress":98}
[2025-06-18 13:03:53.337] [info]  Splash.onStateUpdate: {"status":"downloading-updates","current":4,"total":6,"progress":98}
[2025-06-18 13:03:53.338] [info]  DiscordSplash.onStateUpdate: {"status":"downloading-updates","current":4,"total":6,"progress":100}
[2025-06-18 13:03:53.338] [info]  Splash.onStateUpdate: {"status":"downloading-updates","current":4,"total":6,"progress":100}
[2025-06-18 13:03:53.339] [info]  DiscordSplash.onStateUpdate: {"status":"downloading-updates","current":5,"total":6}
[2025-06-18 13:03:53.339] [info]  Splash.onStateUpdate: {"status":"downloading-updates","current":5,"total":6}
[2025-06-18 13:03:53.497] [info]  DiscordSplash.onStateUpdate: {"status":"downloading-updates","current":5,"total":6,"progress":1}
[2025-06-18 13:03:53.497] [info]  Splash.onStateUpdate: {"status":"downloading-updates","current":5,"total":6,"progress":1}
[2025-06-18 13:03:53.498] [info]  DiscordSplash.onStateUpdate: {"status":"downloading-updates","current":5,"total":6,"progress":2}
[2025-06-18 13:03:53.499] [info]  Splash.onStateUpdate: {"status":"downloading-updates","current":5,"total":6,"progress":2}
[2025-06-18 13:03:53.500] [info]  DiscordSplash.onStateUpdate: {"status":"downloading-updates","current":5,"total":6,"progress":3}
[2025-06-18 13:03:53.501] [info]  Splash.onStateUpdate: {"status":"downloading-updates","current":5,"total":6,"progress":3}
[2025-06-18 13:03:53.502] [info]  DiscordSplash.onStateUpdate: {"status":"downloading-updates","current":5,"total":6,"progress":4}
[2025-06-18 13:03:53.502] [info]  Splash.onStateUpdate: {"status":"downloading-updates","current":5,"total":6,"progress":4}
[2025-06-18 13:03:53.505] [info]  DiscordSplash.onStateUpdate: {"status":"downloading-updates","current":5,"total":6,"progress":5}
[2025-06-18 13:03:53.505] [info]  Splash.onStateUpdate: {"status":"downloading-updates","current":5,"total":6,"progress":5}
[2025-06-18 13:03:53.507] [info]  DiscordSplash.onStateUpdate: {"status":"downloading-updates","current":5,"total":6,"progress":6}
[2025-06-18 13:03:53.507] [info]  Splash.onStateUpdate: {"status":"downloading-updates","current":5,"total":6,"progress":6}
[2025-06-18 13:03:53.510] [info]  DiscordSplash.onStateUpdate: {"status":"downloading-updates","current":5,"total":6,"progress":7}
[2025-06-18 13:03:53.510] [info]  Splash.onStateUpdate: {"status":"downloading-updates","current":5,"total":6,"progress":7}
[2025-06-18 13:03:53.512] [info]  DiscordSplash.onStateUpdate: {"status":"downloading-updates","current":5,"total":6,"progress":8}
[2025-06-18 13:03:53.512] [info]  Splash.onStateUpdate: {"status":"downloading-updates","current":5,"total":6,"progress":8}
[2025-06-18 13:03:53.515] [info]  DiscordSplash.onStateUpdate: {"status":"downloading-updates","current":5,"total":6,"progress":9}
[2025-06-18 13:03:53.515] [info]  Splash.onStateUpdate: {"status":"downloading-updates","current":5,"total":6,"progress":9}
[2025-06-18 13:03:53.517] [info]  DiscordSplash.onStateUpdate: {"status":"downloading-updates","current":5,"total":6,"progress":10}
[2025-06-18 13:03:53.517] [info]  Splash.onStateUpdate: {"status":"downloading-updates","current":5,"total":6,"progress":10}
[2025-06-18 13:03:53.519] [info]  DiscordSplash.onStateUpdate: {"status":"downloading-updates","current":5,"total":6,"progress":11}
[2025-06-18 13:03:53.519] [info]  Splash.onStateUpdate: {"status":"downloading-updates","current":5,"total":6,"progress":11}
[2025-06-18 13:03:53.522] [info]  DiscordSplash.onStateUpdate: {"status":"downloading-updates","current":5,"total":6,"progress":12}
[2025-06-18 13:03:53.522] [info]  Splash.onStateUpdate: {"status":"downloading-updates","current":5,"total":6,"progress":12}
[2025-06-18 13:03:53.528] [info]  DiscordSplash.onStateUpdate: {"status":"downloading-updates","current":5,"total":6,"progress":13}
[2025-06-18 13:03:53.528] [info]  Splash.onStateUpdate: {"status":"downloading-updates","current":5,"total":6,"progress":13}
[2025-06-18 13:03:53.529] [info]  DiscordSplash.onStateUpdate: {"status":"downloading-updates","current":5,"total":6,"progress":15}
[2025-06-18 13:03:53.529] [info]  Splash.onStateUpdate: {"status":"downloading-updates","current":5,"total":6,"progress":15}
[2025-06-18 13:03:53.530] [info]  DiscordSplash.onStateUpdate: {"status":"downloading-updates","current":5,"total":6,"progress":16}
[2025-06-18 13:03:53.530] [info]  Splash.onStateUpdate: {"status":"downloading-updates","current":5,"total":6,"progress":16}
[2025-06-18 13:03:53.533] [info]  DiscordSplash.onStateUpdate: {"status":"downloading-updates","current":5,"total":6,"progress":17}
[2025-06-18 13:03:53.533] [info]  Splash.onStateUpdate: {"status":"downloading-updates","current":5,"total":6,"progress":17}
[2025-06-18 13:03:53.535] [info]  DiscordSplash.onStateUpdate: {"status":"downloading-updates","current":5,"total":6,"progress":18}
[2025-06-18 13:03:53.535] [info]  Splash.onStateUpdate: {"status":"downloading-updates","current":5,"total":6,"progress":18}
[2025-06-18 13:03:53.537] [info]  DiscordSplash.onStateUpdate: {"status":"downloading-updates","current":5,"total":6,"progress":19}
[2025-06-18 13:03:53.537] [info]  Splash.onStateUpdate: {"status":"downloading-updates","current":5,"total":6,"progress":19}
[2025-06-18 13:03:53.539] [info]  DiscordSplash.onStateUpdate: {"status":"downloading-updates","current":5,"total":6,"progress":20}
[2025-06-18 13:03:53.539] [info]  Splash.onStateUpdate: {"status":"downloading-updates","current":5,"total":6,"progress":20}
[2025-06-18 13:03:53.541] [info]  DiscordSplash.onStateUpdate: {"status":"downloading-updates","current":5,"total":6,"progress":21}
[2025-06-18 13:03:53.541] [info]  Splash.onStateUpdate: {"status":"downloading-updates","current":5,"total":6,"progress":21}
[2025-06-18 13:03:53.543] [info]  DiscordSplash.onStateUpdate: {"status":"downloading-updates","current":5,"total":6,"progress":22}
[2025-06-18 13:03:53.544] [info]  Splash.onStateUpdate: {"status":"downloading-updates","current":5,"total":6,"progress":22}
[2025-06-18 13:03:53.545] [info]  DiscordSplash.onStateUpdate: {"status":"downloading-updates","current":5,"total":6,"progress":23}
[2025-06-18 13:03:53.546] [info]  Splash.onStateUpdate: {"status":"downloading-updates","current":5,"total":6,"progress":23}
[2025-06-18 13:03:53.549] [info]  DiscordSplash.onStateUpdate: {"status":"downloading-updates","current":5,"total":6,"progress":24}
[2025-06-18 13:03:53.549] [info]  Splash.onStateUpdate: {"status":"downloading-updates","current":5,"total":6,"progress":24}
[2025-06-18 13:03:53.551] [info]  DiscordSplash.onStateUpdate: {"status":"downloading-updates","current":5,"total":6,"progress":25}
[2025-06-18 13:03:53.551] [info]  Splash.onStateUpdate: {"status":"downloading-updates","current":5,"total":6,"progress":25}
[2025-06-18 13:03:53.553] [info]  DiscordSplash.onStateUpdate: {"status":"downloading-updates","current":5,"total":6,"progress":26}
[2025-06-18 13:03:53.553] [info]  Splash.onStateUpdate: {"status":"downloading-updates","current":5,"total":6,"progress":26}
[2025-06-18 13:03:53.554] [info]  DiscordSplash.onStateUpdate: {"status":"downloading-updates","current":5,"total":6,"progress":27}
[2025-06-18 13:03:53.554] [info]  Splash.onStateUpdate: {"status":"downloading-updates","current":5,"total":6,"progress":27}
[2025-06-18 13:03:53.556] [info]  DiscordSplash.onStateUpdate: {"status":"downloading-updates","current":5,"total":6,"progress":28}
[2025-06-18 13:03:53.556] [info]  Splash.onStateUpdate: {"status":"downloading-updates","current":5,"total":6,"progress":28}
[2025-06-18 13:03:53.559] [info]  DiscordSplash.onStateUpdate: {"status":"downloading-updates","current":5,"total":6,"progress":29}
[2025-06-18 13:03:53.559] [info]  Splash.onStateUpdate: {"status":"downloading-updates","current":5,"total":6,"progress":29}
[2025-06-18 13:03:53.561] [info]  DiscordSplash.onStateUpdate: {"status":"downloading-updates","current":5,"total":6,"progress":30}
[2025-06-18 13:03:53.562] [info]  Splash.onStateUpdate: {"status":"downloading-updates","current":5,"total":6,"progress":30}
[2025-06-18 13:03:53.566] [info]  DiscordSplash.onStateUpdate: {"status":"downloading-updates","current":5,"total":6,"progress":31}
[2025-06-18 13:03:53.566] [info]  Splash.onStateUpdate: {"status":"downloading-updates","current":5,"total":6,"progress":31}
[2025-06-18 13:03:53.568] [info]  DiscordSplash.onStateUpdate: {"status":"downloading-updates","current":5,"total":6,"progress":32}
[2025-06-18 13:03:53.568] [info]  Splash.onStateUpdate: {"status":"downloading-updates","current":5,"total":6,"progress":32}
[2025-06-18 13:03:53.570] [info]  DiscordSplash.onStateUpdate: {"status":"downloading-updates","current":5,"total":6,"progress":33}
[2025-06-18 13:03:53.570] [info]  Splash.onStateUpdate: {"status":"downloading-updates","current":5,"total":6,"progress":33}
[2025-06-18 13:03:53.571] [info]  DiscordSplash.onStateUpdate: {"status":"downloading-updates","current":5,"total":6,"progress":34}
[2025-06-18 13:03:53.571] [info]  Splash.onStateUpdate: {"status":"downloading-updates","current":5,"total":6,"progress":34}
[2025-06-18 13:03:53.572] [info]  DiscordSplash.onStateUpdate: {"status":"downloading-updates","current":5,"total":6,"progress":35}
[2025-06-18 13:03:53.572] [info]  Splash.onStateUpdate: {"status":"downloading-updates","current":5,"total":6,"progress":35}
[2025-06-18 13:03:53.574] [info]  DiscordSplash.onStateUpdate: {"status":"downloading-updates","current":5,"total":6,"progress":36}
[2025-06-18 13:03:53.574] [info]  Splash.onStateUpdate: {"status":"downloading-updates","current":5,"total":6,"progress":36}
[2025-06-18 13:03:53.576] [info]  DiscordSplash.onStateUpdate: {"status":"downloading-updates","current":5,"total":6,"progress":37}
[2025-06-18 13:03:53.576] [info]  Splash.onStateUpdate: {"status":"downloading-updates","current":5,"total":6,"progress":37}
[2025-06-18 13:03:53.578] [info]  DiscordSplash.onStateUpdate: {"status":"downloading-updates","current":5,"total":6,"progress":38}
[2025-06-18 13:03:53.579] [info]  Splash.onStateUpdate: {"status":"downloading-updates","current":5,"total":6,"progress":38}
[2025-06-18 13:03:53.583] [info]  DiscordSplash.onStateUpdate: {"status":"downloading-updates","current":5,"total":6,"progress":39}
[2025-06-18 13:03:53.583] [info]  Splash.onStateUpdate: {"status":"downloading-updates","current":5,"total":6,"progress":39}
[2025-06-18 13:03:53.584] [info]  DiscordSplash.onStateUpdate: {"status":"downloading-updates","current":5,"total":6,"progress":40}
[2025-06-18 13:03:53.584] [info]  Splash.onStateUpdate: {"status":"downloading-updates","current":5,"total":6,"progress":40}
[2025-06-18 13:03:53.586] [info]  DiscordSplash.onStateUpdate: {"status":"downloading-updates","current":5,"total":6,"progress":41}
[2025-06-18 13:03:53.586] [info]  Splash.onStateUpdate: {"status":"downloading-updates","current":5,"total":6,"progress":41}
[2025-06-18 13:03:53.590] [info]  DiscordSplash.onStateUpdate: {"status":"downloading-updates","current":5,"total":6,"progress":42}
[2025-06-18 13:03:53.590] [info]  Splash.onStateUpdate: {"status":"downloading-updates","current":5,"total":6,"progress":42}
[2025-06-18 13:03:53.592] [info]  DiscordSplash.onStateUpdate: {"status":"downloading-updates","current":5,"total":6,"progress":43}
[2025-06-18 13:03:53.592] [info]  Splash.onStateUpdate: {"status":"downloading-updates","current":5,"total":6,"progress":43}
[2025-06-18 13:03:53.594] [info]  DiscordSplash.onStateUpdate: {"status":"downloading-updates","current":5,"total":6,"progress":44}
[2025-06-18 13:03:53.594] [info]  Splash.onStateUpdate: {"status":"downloading-updates","current":5,"total":6,"progress":44}
[2025-06-18 13:03:53.596] [info]  DiscordSplash.onStateUpdate: {"status":"downloading-updates","current":5,"total":6,"progress":45}
[2025-06-18 13:03:53.596] [info]  Splash.onStateUpdate: {"status":"downloading-updates","current":5,"total":6,"progress":45}
[2025-06-18 13:03:53.598] [info]  DiscordSplash.onStateUpdate: {"status":"downloading-updates","current":5,"total":6,"progress":46}
[2025-06-18 13:03:53.598] [info]  Splash.onStateUpdate: {"status":"downloading-updates","current":5,"total":6,"progress":46}
[2025-06-18 13:03:53.601] [info]  DiscordSplash.onStateUpdate: {"status":"downloading-updates","current":5,"total":6,"progress":47}
[2025-06-18 13:03:53.601] [info]  Splash.onStateUpdate: {"status":"downloading-updates","current":5,"total":6,"progress":47}
[2025-06-18 13:03:53.603] [info]  DiscordSplash.onStateUpdate: {"status":"downloading-updates","current":5,"total":6,"progress":48}
[2025-06-18 13:03:53.603] [info]  Splash.onStateUpdate: {"status":"downloading-updates","current":5,"total":6,"progress":48}
[2025-06-18 13:03:53.605] [info]  DiscordSplash.onStateUpdate: {"status":"downloading-updates","current":5,"total":6,"progress":49}
[2025-06-18 13:03:53.605] [info]  Splash.onStateUpdate: {"status":"downloading-updates","current":5,"total":6,"progress":49}
[2025-06-18 13:03:53.607] [info]  DiscordSplash.onStateUpdate: {"status":"downloading-updates","current":5,"total":6,"progress":50}
[2025-06-18 13:03:53.607] [info]  Splash.onStateUpdate: {"status":"downloading-updates","current":5,"total":6,"progress":50}
[2025-06-18 13:03:53.610] [info]  DiscordSplash.onStateUpdate: {"status":"downloading-updates","current":5,"total":6,"progress":51}
[2025-06-18 13:03:53.610] [info]  Splash.onStateUpdate: {"status":"downloading-updates","current":5,"total":6,"progress":51}
[2025-06-18 13:03:53.615] [info]  DiscordSplash.onStateUpdate: {"status":"downloading-updates","current":5,"total":6,"progress":52}
[2025-06-18 13:03:53.615] [info]  Splash.onStateUpdate: {"status":"downloading-updates","current":5,"total":6,"progress":52}
[2025-06-18 13:03:53.616] [info]  DiscordSplash.onStateUpdate: {"status":"downloading-updates","current":5,"total":6,"progress":53}
[2025-06-18 13:03:53.617] [info]  Splash.onStateUpdate: {"status":"downloading-updates","current":5,"total":6,"progress":53}
[2025-06-18 13:03:53.617] [info]  DiscordSplash.onStateUpdate: {"status":"downloading-updates","current":5,"total":6,"progress":54}
[2025-06-18 13:03:53.617] [info]  Splash.onStateUpdate: {"status":"downloading-updates","current":5,"total":6,"progress":54}
[2025-06-18 13:03:53.619] [info]  DiscordSplash.onStateUpdate: {"status":"downloading-updates","current":5,"total":6,"progress":55}
[2025-06-18 13:03:53.619] [info]  Splash.onStateUpdate: {"status":"downloading-updates","current":5,"total":6,"progress":55}
[2025-06-18 13:03:53.620] [info]  DiscordSplash.onStateUpdate: {"status":"downloading-updates","current":5,"total":6,"progress":56}
[2025-06-18 13:03:53.620] [info]  Splash.onStateUpdate: {"status":"downloading-updates","current":5,"total":6,"progress":56}
[2025-06-18 13:03:53.622] [info]  DiscordSplash.onStateUpdate: {"status":"downloading-updates","current":5,"total":6,"progress":57}
[2025-06-18 13:03:53.622] [info]  Splash.onStateUpdate: {"status":"downloading-updates","current":5,"total":6,"progress":57}
[2025-06-18 13:03:53.624] [info]  DiscordSplash.onStateUpdate: {"status":"downloading-updates","current":5,"total":6,"progress":58}
[2025-06-18 13:03:53.624] [info]  Splash.onStateUpdate: {"status":"downloading-updates","current":5,"total":6,"progress":58}
[2025-06-18 13:03:53.626] [info]  DiscordSplash.onStateUpdate: {"status":"downloading-updates","current":5,"total":6,"progress":59}
[2025-06-18 13:03:53.626] [info]  Splash.onStateUpdate: {"status":"downloading-updates","current":5,"total":6,"progress":59}
[2025-06-18 13:03:53.628] [info]  DiscordSplash.onStateUpdate: {"status":"downloading-updates","current":5,"total":6,"progress":60}
[2025-06-18 13:03:53.628] [info]  Splash.onStateUpdate: {"status":"downloading-updates","current":5,"total":6,"progress":60}
[2025-06-18 13:03:53.630] [info]  DiscordSplash.onStateUpdate: {"status":"downloading-updates","current":5,"total":6,"progress":61}
[2025-06-18 13:03:53.630] [info]  Splash.onStateUpdate: {"status":"downloading-updates","current":5,"total":6,"progress":61}
[2025-06-18 13:03:53.633] [info]  DiscordSplash.onStateUpdate: {"status":"downloading-updates","current":5,"total":6,"progress":62}
[2025-06-18 13:03:53.633] [info]  Splash.onStateUpdate: {"status":"downloading-updates","current":5,"total":6,"progress":62}
[2025-06-18 13:03:53.635] [info]  DiscordSplash.onStateUpdate: {"status":"downloading-updates","current":5,"total":6,"progress":63}
[2025-06-18 13:03:53.635] [info]  Splash.onStateUpdate: {"status":"downloading-updates","current":5,"total":6,"progress":63}
[2025-06-18 13:03:53.637] [info]  DiscordSplash.onStateUpdate: {"status":"downloading-updates","current":5,"total":6,"progress":64}
[2025-06-18 13:03:53.637] [info]  Splash.onStateUpdate: {"status":"downloading-updates","current":5,"total":6,"progress":64}
[2025-06-18 13:03:53.640] [info]  DiscordSplash.onStateUpdate: {"status":"downloading-updates","current":5,"total":6,"progress":65}
[2025-06-18 13:03:53.640] [info]  Splash.onStateUpdate: {"status":"downloading-updates","current":5,"total":6,"progress":65}
[2025-06-18 13:03:53.642] [info]  DiscordSplash.onStateUpdate: {"status":"downloading-updates","current":5,"total":6,"progress":66}
[2025-06-18 13:03:53.642] [info]  Splash.onStateUpdate: {"status":"downloading-updates","current":5,"total":6,"progress":66}
[2025-06-18 13:03:53.643] [info]  DiscordSplash.onStateUpdate: {"status":"downloading-updates","current":5,"total":6,"progress":67}
[2025-06-18 13:03:53.644] [info]  Splash.onStateUpdate: {"status":"downloading-updates","current":5,"total":6,"progress":67}
[2025-06-18 13:03:53.646] [info]  DiscordSplash.onStateUpdate: {"status":"downloading-updates","current":5,"total":6,"progress":68}
[2025-06-18 13:03:53.646] [info]  Splash.onStateUpdate: {"status":"downloading-updates","current":5,"total":6,"progress":68}
[2025-06-18 13:03:53.648] [info]  DiscordSplash.onStateUpdate: {"status":"downloading-updates","current":5,"total":6,"progress":69}
[2025-06-18 13:03:53.649] [info]  Splash.onStateUpdate: {"status":"downloading-updates","current":5,"total":6,"progress":69}
[2025-06-18 13:03:53.652] [info]  DiscordSplash.onStateUpdate: {"status":"downloading-updates","current":5,"total":6,"progress":70}
[2025-06-18 13:03:53.653] [info]  Splash.onStateUpdate: {"status":"downloading-updates","current":5,"total":6,"progress":70}
[2025-06-18 13:03:53.653] [info]  DiscordSplash.onStateUpdate: {"status":"downloading-updates","current":5,"total":6,"progress":71}
[2025-06-18 13:03:53.653] [info]  Splash.onStateUpdate: {"status":"downloading-updates","current":5,"total":6,"progress":71}
[2025-06-18 13:03:53.655] [info]  DiscordSplash.onStateUpdate: {"status":"downloading-updates","current":5,"total":6,"progress":72}
[2025-06-18 13:03:53.655] [info]  Splash.onStateUpdate: {"status":"downloading-updates","current":5,"total":6,"progress":72}
[2025-06-18 13:03:53.657] [info]  DiscordSplash.onStateUpdate: {"status":"downloading-updates","current":5,"total":6,"progress":73}
[2025-06-18 13:03:53.657] [info]  Splash.onStateUpdate: {"status":"downloading-updates","current":5,"total":6,"progress":73}
[2025-06-18 13:03:53.659] [info]  DiscordSplash.onStateUpdate: {"status":"downloading-updates","current":5,"total":6,"progress":74}
[2025-06-18 13:03:53.660] [info]  Splash.onStateUpdate: {"status":"downloading-updates","current":5,"total":6,"progress":74}
[2025-06-18 13:03:53.661] [info]  DiscordSplash.onStateUpdate: {"status":"downloading-updates","current":5,"total":6,"progress":75}
[2025-06-18 13:03:53.661] [info]  Splash.onStateUpdate: {"status":"downloading-updates","current":5,"total":6,"progress":75}
[2025-06-18 13:03:53.663] [info]  DiscordSplash.onStateUpdate: {"status":"downloading-updates","current":5,"total":6,"progress":76}
[2025-06-18 13:03:53.663] [info]  Splash.onStateUpdate: {"status":"downloading-updates","current":5,"total":6,"progress":76}
[2025-06-18 13:03:53.666] [info]  DiscordSplash.onStateUpdate: {"status":"downloading-updates","current":5,"total":6,"progress":77}
[2025-06-18 13:03:53.666] [info]  Splash.onStateUpdate: {"status":"downloading-updates","current":5,"total":6,"progress":77}
[2025-06-18 13:03:53.668] [info]  DiscordSplash.onStateUpdate: {"status":"downloading-updates","current":5,"total":6,"progress":78}
[2025-06-18 13:03:53.668] [info]  Splash.onStateUpdate: {"status":"downloading-updates","current":5,"total":6,"progress":78}
[2025-06-18 13:03:53.669] [info]  DiscordSplash.onStateUpdate: {"status":"downloading-updates","current":5,"total":6,"progress":79}
[2025-06-18 13:03:53.670] [info]  Splash.onStateUpdate: {"status":"downloading-updates","current":5,"total":6,"progress":79}
[2025-06-18 13:03:53.671] [info]  DiscordSplash.onStateUpdate: {"status":"downloading-updates","current":5,"total":6,"progress":80}
[2025-06-18 13:03:53.672] [info]  Splash.onStateUpdate: {"status":"downloading-updates","current":5,"total":6,"progress":80}
[2025-06-18 13:03:53.674] [info]  DiscordSplash.onStateUpdate: {"status":"downloading-updates","current":5,"total":6,"progress":81}
[2025-06-18 13:03:53.674] [info]  Splash.onStateUpdate: {"status":"downloading-updates","current":5,"total":6,"progress":81}
[2025-06-18 13:03:53.676] [info]  DiscordSplash.onStateUpdate: {"status":"downloading-updates","current":5,"total":6,"progress":82}
[2025-06-18 13:03:53.676] [info]  Splash.onStateUpdate: {"status":"downloading-updates","current":5,"total":6,"progress":82}
[2025-06-18 13:03:53.679] [info]  DiscordSplash.onStateUpdate: {"status":"downloading-updates","current":5,"total":6,"progress":83}
[2025-06-18 13:03:53.679] [info]  Splash.onStateUpdate: {"status":"downloading-updates","current":5,"total":6,"progress":83}
[2025-06-18 13:03:53.683] [info]  DiscordSplash.onStateUpdate: {"status":"downloading-updates","current":5,"total":6,"progress":84}
[2025-06-18 13:03:53.684] [info]  Splash.onStateUpdate: {"status":"downloading-updates","current":5,"total":6,"progress":84}
[2025-06-18 13:03:53.685] [info]  DiscordSplash.onStateUpdate: {"status":"downloading-updates","current":5,"total":6,"progress":85}
[2025-06-18 13:03:53.686] [info]  Splash.onStateUpdate: {"status":"downloading-updates","current":5,"total":6,"progress":85}
[2025-06-18 13:03:53.687] [info]  DiscordSplash.onStateUpdate: {"status":"downloading-updates","current":5,"total":6,"progress":86}
[2025-06-18 13:03:53.687] [info]  Splash.onStateUpdate: {"status":"downloading-updates","current":5,"total":6,"progress":86}
[2025-06-18 13:03:53.688] [info]  DiscordSplash.onStateUpdate: {"status":"downloading-updates","current":5,"total":6,"progress":87}
[2025-06-18 13:03:53.688] [info]  Splash.onStateUpdate: {"status":"downloading-updates","current":5,"total":6,"progress":87}
[2025-06-18 13:03:53.689] [info]  DiscordSplash.onStateUpdate: {"status":"downloading-updates","current":5,"total":6,"progress":88}
[2025-06-18 13:03:53.689] [info]  Splash.onStateUpdate: {"status":"downloading-updates","current":5,"total":6,"progress":88}
[2025-06-18 13:03:53.691] [info]  DiscordSplash.onStateUpdate: {"status":"downloading-updates","current":5,"total":6,"progress":89}
[2025-06-18 13:03:53.691] [info]  Splash.onStateUpdate: {"status":"downloading-updates","current":5,"total":6,"progress":89}
[2025-06-18 13:03:53.693] [info]  DiscordSplash.onStateUpdate: {"status":"downloading-updates","current":5,"total":6,"progress":90}
[2025-06-18 13:03:53.693] [info]  Splash.onStateUpdate: {"status":"downloading-updates","current":5,"total":6,"progress":90}
[2025-06-18 13:03:53.696] [info]  DiscordSplash.onStateUpdate: {"status":"downloading-updates","current":5,"total":6,"progress":91}
[2025-06-18 13:03:53.696] [info]  Splash.onStateUpdate: {"status":"downloading-updates","current":5,"total":6,"progress":91}
[2025-06-18 13:03:53.698] [info]  DiscordSplash.onStateUpdate: {"status":"downloading-updates","current":5,"total":6,"progress":92}
[2025-06-18 13:03:53.698] [info]  Splash.onStateUpdate: {"status":"downloading-updates","current":5,"total":6,"progress":92}
[2025-06-18 13:03:53.701] [info]  DiscordSplash.onStateUpdate: {"status":"downloading-updates","current":5,"total":6,"progress":93}
[2025-06-18 13:03:53.701] [info]  Splash.onStateUpdate: {"status":"downloading-updates","current":5,"total":6,"progress":93}
[2025-06-18 13:03:53.703] [info]  DiscordSplash.onStateUpdate: {"status":"downloading-updates","current":5,"total":6,"progress":94}
[2025-06-18 13:03:53.704] [info]  Splash.onStateUpdate: {"status":"downloading-updates","current":5,"total":6,"progress":94}
[2025-06-18 13:03:53.705] [info]  DiscordSplash.onStateUpdate: {"status":"downloading-updates","current":5,"total":6,"progress":95}
[2025-06-18 13:03:53.705] [info]  Splash.onStateUpdate: {"status":"downloading-updates","current":5,"total":6,"progress":95}
[2025-06-18 13:03:53.706] [info]  DiscordSplash.onStateUpdate: {"status":"downloading-updates","current":5,"total":6,"progress":96}
[2025-06-18 13:03:53.707] [info]  Splash.onStateUpdate: {"status":"downloading-updates","current":5,"total":6,"progress":96}
[2025-06-18 13:03:53.715] [info]  DiscordSplash.onStateUpdate: {"status":"downloading-updates","current":5,"total":6,"progress":97}
[2025-06-18 13:03:53.715] [info]  Splash.onStateUpdate: {"status":"downloading-updates","current":5,"total":6,"progress":97}
[2025-06-18 13:03:53.716] [info]  DiscordSplash.onStateUpdate: {"status":"downloading-updates","current":5,"total":6,"progress":99}
[2025-06-18 13:03:53.716] [info]  Splash.onStateUpdate: {"status":"downloading-updates","current":5,"total":6,"progress":99}
[2025-06-18 13:03:53.718] [info]  DiscordSplash.onStateUpdate: {"status":"downloading-updates","current":5,"total":6,"progress":100}
[2025-06-18 13:03:53.719] [info]  Splash.onStateUpdate: {"status":"downloading-updates","current":5,"total":6,"progress":100}
[2025-06-18 13:03:53.719] [info]  DiscordSplash.onStateUpdate: {"status":"downloading-updates","current":6,"total":6}
[2025-06-18 13:03:53.719] [info]  Splash.onStateUpdate: {"status":"downloading-updates","current":6,"total":6}
[2025-06-18 13:03:53.764] [info]  Splash.updateCountdownSeconds: undefined
[2025-06-18 13:03:53.896] [info]  DiscordSplash.onStateUpdate: {"status":"downloading-updates","current":6,"total":6,"progress":6}
[2025-06-18 13:03:53.897] [info]  Splash.onStateUpdate: {"status":"downloading-updates","current":6,"total":6,"progress":6}
[2025-06-18 13:03:53.897] [info]  DiscordSplash.onStateUpdate: {"status":"downloading-updates","current":6,"total":6,"progress":26}
[2025-06-18 13:03:53.897] [info]  Splash.onStateUpdate: {"status":"downloading-updates","current":6,"total":6,"progress":26}
[2025-06-18 13:03:53.899] [info]  DiscordSplash.onStateUpdate: {"status":"downloading-updates","current":6,"total":6,"progress":30}
[2025-06-18 13:03:53.899] [info]  Splash.onStateUpdate: {"status":"downloading-updates","current":6,"total":6,"progress":30}
[2025-06-18 13:03:53.900] [info]  DiscordSplash.onStateUpdate: {"status":"downloading-updates","current":6,"total":6,"progress":82}
[2025-06-18 13:03:53.900] [info]  Splash.onStateUpdate: {"status":"downloading-updates","current":6,"total":6,"progress":82}
[2025-06-18 13:03:53.900] [info]  DiscordSplash.onStateUpdate: {"status":"downloading-updates","current":6,"total":6,"progress":100}
[2025-06-18 13:03:53.901] [info]  Splash.onStateUpdate: {"status":"downloading-updates","current":6,"total":6,"progress":100}
[2025-06-18 13:03:53.902] [info]  DiscordSplash.onStateUpdate: {"status":"installing-updates","current":1,"total":6}
[2025-06-18 13:03:53.902] [info]  Splash.onStateUpdate: {"status":"installing-updates","current":1,"total":6}
[2025-06-18 13:03:53.905] [info]  DiscordSplash.onStateUpdate: {"status":"installing-updates","current":1,"total":6,"progress":33}
[2025-06-18 13:03:53.905] [info]  Splash.onStateUpdate: {"status":"installing-updates","current":1,"total":6,"progress":33}
[2025-06-18 13:03:53.910] [info]  DiscordSplash.onStateUpdate: {"status":"installing-updates","current":1,"total":6,"progress":66}
[2025-06-18 13:03:53.910] [info]  Splash.onStateUpdate: {"status":"installing-updates","current":1,"total":6,"progress":66}
[2025-06-18 13:03:53.974] [info]  DiscordSplash.onStateUpdate: {"status":"installing-updates","current":1,"total":6,"progress":100}
[2025-06-18 13:03:53.974] [info]  Splash.onStateUpdate: {"status":"installing-updates","current":1,"total":6,"progress":100}
[2025-06-18 13:03:53.975] [info]  DiscordSplash.onStateUpdate: {"status":"installing-updates","current":2,"total":6}
[2025-06-18 13:03:53.976] [info]  Splash.onStateUpdate: {"status":"installing-updates","current":2,"total":6}
[2025-06-18 13:03:53.976] [info]  DiscordSplash.onStateUpdate: {"status":"installing-updates","current":2,"total":6,"progress":25}
[2025-06-18 13:03:53.977] [info]  Splash.onStateUpdate: {"status":"installing-updates","current":2,"total":6,"progress":25}
[2025-06-18 13:03:53.978] [info]  DiscordSplash.onStateUpdate: {"status":"installing-updates","current":2,"total":6,"progress":50}
[2025-06-18 13:03:53.978] [info]  Splash.onStateUpdate: {"status":"installing-updates","current":2,"total":6,"progress":50}
[2025-06-18 13:03:53.979] [info]  DiscordSplash.onStateUpdate: {"status":"installing-updates","current":2,"total":6,"progress":75}
[2025-06-18 13:03:53.979] [info]  Splash.onStateUpdate: {"status":"installing-updates","current":2,"total":6,"progress":75}
[2025-06-18 13:03:54.030] [info]  DiscordSplash.onStateUpdate: {"status":"installing-updates","current":2,"total":6,"progress":100}
[2025-06-18 13:03:54.030] [info]  Splash.onStateUpdate: {"status":"installing-updates","current":2,"total":6,"progress":100}
[2025-06-18 13:03:54.032] [info]  DiscordSplash.onStateUpdate: {"status":"installing-updates","current":3,"total":6}
[2025-06-18 13:03:54.032] [info]  Splash.onStateUpdate: {"status":"installing-updates","current":3,"total":6}
[2025-06-18 13:03:54.033] [info]  DiscordSplash.onStateUpdate: {"status":"installing-updates","current":3,"total":6,"progress":0}
[2025-06-18 13:03:54.033] [info]  Splash.onStateUpdate: {"status":"installing-updates","current":3,"total":6,"progress":0}
[2025-06-18 13:03:54.034] [info]  DiscordSplash.onStateUpdate: {"status":"installing-updates","current":3,"total":6,"progress":0}
[2025-06-18 13:03:54.034] [info]  Splash.onStateUpdate: {"status":"installing-updates","current":3,"total":6,"progress":0}
[2025-06-18 13:03:54.035] [info]  DiscordSplash.onStateUpdate: {"status":"installing-updates","current":3,"total":6,"progress":0}
[2025-06-18 13:03:54.035] [info]  Splash.onStateUpdate: {"status":"installing-updates","current":3,"total":6,"progress":0}
[2025-06-18 13:03:54.036] [info]  DiscordSplash.onStateUpdate: {"status":"installing-updates","current":3,"total":6,"progress":0}
[2025-06-18 13:03:54.036] [info]  Splash.onStateUpdate: {"status":"installing-updates","current":3,"total":6,"progress":0}
[2025-06-18 13:03:54.037] [info]  DiscordSplash.onStateUpdate: {"status":"installing-updates","current":3,"total":6,"progress":0}
[2025-06-18 13:03:54.037] [info]  Splash.onStateUpdate: {"status":"installing-updates","current":3,"total":6,"progress":0}
[2025-06-18 13:03:54.038] [info]  DiscordSplash.onStateUpdate: {"status":"installing-updates","current":3,"total":6,"progress":0}
[2025-06-18 13:03:54.038] [info]  Splash.onStateUpdate: {"status":"installing-updates","current":3,"total":6,"progress":0}
[2025-06-18 13:03:54.039] [info]  DiscordSplash.onStateUpdate: {"status":"installing-updates","current":3,"total":6,"progress":1}
[2025-06-18 13:03:54.039] [info]  Splash.onStateUpdate: {"status":"installing-updates","current":3,"total":6,"progress":1}
[2025-06-18 13:03:54.040] [info]  DiscordSplash.onStateUpdate: {"status":"installing-updates","current":3,"total":6,"progress":1}
[2025-06-18 13:03:54.040] [info]  Splash.onStateUpdate: {"status":"installing-updates","current":3,"total":6,"progress":1}
[2025-06-18 13:03:54.041] [info]  DiscordSplash.onStateUpdate: {"status":"installing-updates","current":3,"total":6,"progress":1}
[2025-06-18 13:03:54.041] [info]  Splash.onStateUpdate: {"status":"installing-updates","current":3,"total":6,"progress":1}
[2025-06-18 13:03:54.042] [info]  DiscordSplash.onStateUpdate: {"status":"installing-updates","current":3,"total":6,"progress":1}
[2025-06-18 13:03:54.042] [info]  Splash.onStateUpdate: {"status":"installing-updates","current":3,"total":6,"progress":1}
[2025-06-18 13:03:54.043] [info]  DiscordSplash.onStateUpdate: {"status":"installing-updates","current":3,"total":6,"progress":1}
[2025-06-18 13:03:54.043] [info]  Splash.onStateUpdate: {"status":"installing-updates","current":3,"total":6,"progress":1}
[2025-06-18 13:03:54.044] [info]  DiscordSplash.onStateUpdate: {"status":"installing-updates","current":3,"total":6,"progress":1}
[2025-06-18 13:03:54.044] [info]  Splash.onStateUpdate: {"status":"installing-updates","current":3,"total":6,"progress":1}
[2025-06-18 13:03:54.045] [info]  DiscordSplash.onStateUpdate: {"status":"installing-updates","current":3,"total":6,"progress":2}
[2025-06-18 13:03:54.045] [info]  Splash.onStateUpdate: {"status":"installing-updates","current":3,"total":6,"progress":2}
[2025-06-18 13:03:54.046] [info]  DiscordSplash.onStateUpdate: {"status":"installing-updates","current":3,"total":6,"progress":2}
[2025-06-18 13:03:54.046] [info]  Splash.onStateUpdate: {"status":"installing-updates","current":3,"total":6,"progress":2}
[2025-06-18 13:03:54.047] [info]  DiscordSplash.onStateUpdate: {"status":"installing-updates","current":3,"total":6,"progress":2}
[2025-06-18 13:03:54.047] [info]  Splash.onStateUpdate: {"status":"installing-updates","current":3,"total":6,"progress":2}
[2025-06-18 13:03:54.049] [info]  DiscordSplash.onStateUpdate: {"status":"installing-updates","current":3,"total":6,"progress":2}
[2025-06-18 13:03:54.049] [info]  Splash.onStateUpdate: {"status":"installing-updates","current":3,"total":6,"progress":2}
[2025-06-18 13:03:54.050] [info]  DiscordSplash.onStateUpdate: {"status":"installing-updates","current":3,"total":6,"progress":2}
[2025-06-18 13:03:54.050] [info]  Splash.onStateUpdate: {"status":"installing-updates","current":3,"total":6,"progress":2}
[2025-06-18 13:03:54.051] [info]  DiscordSplash.onStateUpdate: {"status":"installing-updates","current":3,"total":6,"progress":2}
[2025-06-18 13:03:54.051] [info]  Splash.onStateUpdate: {"status":"installing-updates","current":3,"total":6,"progress":2}
[2025-06-18 13:03:54.052] [info]  DiscordSplash.onStateUpdate: {"status":"installing-updates","current":3,"total":6,"progress":3}
[2025-06-18 13:03:54.052] [info]  Splash.onStateUpdate: {"status":"installing-updates","current":3,"total":6,"progress":3}
[2025-06-18 13:03:54.053] [info]  DiscordSplash.onStateUpdate: {"status":"installing-updates","current":3,"total":6,"progress":3}
[2025-06-18 13:03:54.053] [info]  Splash.onStateUpdate: {"status":"installing-updates","current":3,"total":6,"progress":3}
[2025-06-18 13:03:54.054] [info]  DiscordSplash.onStateUpdate: {"status":"installing-updates","current":3,"total":6,"progress":3}
[2025-06-18 13:03:54.054] [info]  Splash.onStateUpdate: {"status":"installing-updates","current":3,"total":6,"progress":3}
[2025-06-18 13:03:54.055] [info]  DiscordSplash.onStateUpdate: {"status":"installing-updates","current":3,"total":6,"progress":3}
[2025-06-18 13:03:54.055] [info]  Splash.onStateUpdate: {"status":"installing-updates","current":3,"total":6,"progress":3}
[2025-06-18 13:03:54.056] [info]  DiscordSplash.onStateUpdate: {"status":"installing-updates","current":3,"total":6,"progress":3}
[2025-06-18 13:03:54.056] [info]  Splash.onStateUpdate: {"status":"installing-updates","current":3,"total":6,"progress":3}
[2025-06-18 13:03:54.057] [info]  DiscordSplash.onStateUpdate: {"status":"installing-updates","current":3,"total":6,"progress":3}
[2025-06-18 13:03:54.057] [info]  Splash.onStateUpdate: {"status":"installing-updates","current":3,"total":6,"progress":3}
[2025-06-18 13:03:54.058] [info]  DiscordSplash.onStateUpdate: {"status":"installing-updates","current":3,"total":6,"progress":4}
[2025-06-18 13:03:54.058] [info]  Splash.onStateUpdate: {"status":"installing-updates","current":3,"total":6,"progress":4}
[2025-06-18 13:03:54.059] [info]  DiscordSplash.onStateUpdate: {"status":"installing-updates","current":3,"total":6,"progress":4}
[2025-06-18 13:03:54.059] [info]  Splash.onStateUpdate: {"status":"installing-updates","current":3,"total":6,"progress":4}
[2025-06-18 13:03:54.060] [info]  DiscordSplash.onStateUpdate: {"status":"installing-updates","current":3,"total":6,"progress":4}
[2025-06-18 13:03:54.060] [info]  Splash.onStateUpdate: {"status":"installing-updates","current":3,"total":6,"progress":4}
[2025-06-18 13:03:54.061] [info]  DiscordSplash.onStateUpdate: {"status":"installing-updates","current":3,"total":6,"progress":4}
[2025-06-18 13:03:54.061] [info]  Splash.onStateUpdate: {"status":"installing-updates","current":3,"total":6,"progress":4}
[2025-06-18 13:03:54.062] [info]  DiscordSplash.onStateUpdate: {"status":"installing-updates","current":3,"total":6,"progress":4}
[2025-06-18 13:03:54.062] [info]  Splash.onStateUpdate: {"status":"installing-updates","current":3,"total":6,"progress":4}
[2025-06-18 13:03:54.063] [info]  DiscordSplash.onStateUpdate: {"status":"installing-updates","current":3,"total":6,"progress":4}
[2025-06-18 13:03:54.063] [info]  Splash.onStateUpdate: {"status":"installing-updates","current":3,"total":6,"progress":4}
[2025-06-18 13:03:54.064] [info]  DiscordSplash.onStateUpdate: {"status":"installing-updates","current":3,"total":6,"progress":5}
[2025-06-18 13:03:54.064] [info]  Splash.onStateUpdate: {"status":"installing-updates","current":3,"total":6,"progress":5}
[2025-06-18 13:03:54.065] [info]  DiscordSplash.onStateUpdate: {"status":"installing-updates","current":3,"total":6,"progress":5}
[2025-06-18 13:03:54.065] [info]  Splash.onStateUpdate: {"status":"installing-updates","current":3,"total":6,"progress":5}
[2025-06-18 13:03:54.067] [info]  DiscordSplash.onStateUpdate: {"status":"installing-updates","current":3,"total":6,"progress":5}
[2025-06-18 13:03:54.067] [info]  Splash.onStateUpdate: {"status":"installing-updates","current":3,"total":6,"progress":5}
[2025-06-18 13:03:54.068] [info]  DiscordSplash.onStateUpdate: {"status":"installing-updates","current":3,"total":6,"progress":5}
[2025-06-18 13:03:54.068] [info]  Splash.onStateUpdate: {"status":"installing-updates","current":3,"total":6,"progress":5}
[2025-06-18 13:03:54.069] [info]  DiscordSplash.onStateUpdate: {"status":"installing-updates","current":3,"total":6,"progress":5}
[2025-06-18 13:03:54.069] [info]  Splash.onStateUpdate: {"status":"installing-updates","current":3,"total":6,"progress":5}
[2025-06-18 13:03:54.070] [info]  DiscordSplash.onStateUpdate: {"status":"installing-updates","current":3,"total":6,"progress":5}
[2025-06-18 13:03:54.070] [info]  Splash.onStateUpdate: {"status":"installing-updates","current":3,"total":6,"progress":5}
[2025-06-18 13:03:54.071] [info]  DiscordSplash.onStateUpdate: {"status":"installing-updates","current":3,"total":6,"progress":5}
[2025-06-18 13:03:54.071] [info]  Splash.onStateUpdate: {"status":"installing-updates","current":3,"total":6,"progress":5}
[2025-06-18 13:03:54.072] [info]  DiscordSplash.onStateUpdate: {"status":"installing-updates","current":3,"total":6,"progress":6}
[2025-06-18 13:03:54.072] [info]  Splash.onStateUpdate: {"status":"installing-updates","current":3,"total":6,"progress":6}
[2025-06-18 13:03:54.073] [info]  DiscordSplash.onStateUpdate: {"status":"installing-updates","current":3,"total":6,"progress":6}
[2025-06-18 13:03:54.073] [info]  Splash.onStateUpdate: {"status":"installing-updates","current":3,"total":6,"progress":6}
[2025-06-18 13:03:54.074] [info]  DiscordSplash.onStateUpdate: {"status":"installing-updates","current":3,"total":6,"progress":6}
[2025-06-18 13:03:54.074] [info]  Splash.onStateUpdate: {"status":"installing-updates","current":3,"total":6,"progress":6}
[2025-06-18 13:03:54.075] [info]  DiscordSplash.onStateUpdate: {"status":"installing-updates","current":3,"total":6,"progress":6}
[2025-06-18 13:03:54.075] [info]  Splash.onStateUpdate: {"status":"installing-updates","current":3,"total":6,"progress":6}
[2025-06-18 13:03:54.076] [info]  DiscordSplash.onStateUpdate: {"status":"installing-updates","current":3,"total":6,"progress":6}
[2025-06-18 13:03:54.076] [info]  Splash.onStateUpdate: {"status":"installing-updates","current":3,"total":6,"progress":6}
[2025-06-18 13:03:54.078] [info]  DiscordSplash.onStateUpdate: {"status":"installing-updates","current":3,"total":6,"progress":6}
[2025-06-18 13:03:54.078] [info]  Splash.onStateUpdate: {"status":"installing-updates","current":3,"total":6,"progress":6}
[2025-06-18 13:03:54.079] [info]  DiscordSplash.onStateUpdate: {"status":"installing-updates","current":3,"total":6,"progress":7}
[2025-06-18 13:03:54.079] [info]  Splash.onStateUpdate: {"status":"installing-updates","current":3,"total":6,"progress":7}
[2025-06-18 13:03:54.080] [info]  DiscordSplash.onStateUpdate: {"status":"installing-updates","current":3,"total":6,"progress":7}
[2025-06-18 13:03:54.080] [info]  Splash.onStateUpdate: {"status":"installing-updates","current":3,"total":6,"progress":7}
[2025-06-18 13:03:54.081] [info]  DiscordSplash.onStateUpdate: {"status":"installing-updates","current":3,"total":6,"progress":7}
[2025-06-18 13:03:54.081] [info]  Splash.onStateUpdate: {"status":"installing-updates","current":3,"total":6,"progress":7}
[2025-06-18 13:03:54.083] [info]  DiscordSplash.onStateUpdate: {"status":"installing-updates","current":3,"total":6,"progress":7}
[2025-06-18 13:03:54.083] [info]  Splash.onStateUpdate: {"status":"installing-updates","current":3,"total":6,"progress":7}
[2025-06-18 13:03:54.083] [info]  DiscordSplash.onStateUpdate: {"status":"installing-updates","current":3,"total":6,"progress":7}
[2025-06-18 13:03:54.083] [info]  Splash.onStateUpdate: {"status":"installing-updates","current":3,"total":6,"progress":7}
[2025-06-18 13:03:54.084] [info]  DiscordSplash.onStateUpdate: {"status":"installing-updates","current":3,"total":6,"progress":7}
[2025-06-18 13:03:54.084] [info]  Splash.onStateUpdate: {"status":"installing-updates","current":3,"total":6,"progress":7}
[2025-06-18 13:03:54.085] [info]  DiscordSplash.onStateUpdate: {"status":"installing-updates","current":3,"total":6,"progress":8}
[2025-06-18 13:03:54.085] [info]  Splash.onStateUpdate: {"status":"installing-updates","current":3,"total":6,"progress":8}
[2025-06-18 13:03:54.086] [info]  DiscordSplash.onStateUpdate: {"status":"installing-updates","current":3,"total":6,"progress":8}
[2025-06-18 13:03:54.086] [info]  Splash.onStateUpdate: {"status":"installing-updates","current":3,"total":6,"progress":8}
[2025-06-18 13:03:54.087] [info]  DiscordSplash.onStateUpdate: {"status":"installing-updates","current":3,"total":6,"progress":8}
[2025-06-18 13:03:54.087] [info]  Splash.onStateUpdate: {"status":"installing-updates","current":3,"total":6,"progress":8}
[2025-06-18 13:03:54.088] [info]  DiscordSplash.onStateUpdate: {"status":"installing-updates","current":3,"total":6,"progress":8}
[2025-06-18 13:03:54.088] [info]  Splash.onStateUpdate: {"status":"installing-updates","current":3,"total":6,"progress":8}
[2025-06-18 13:03:54.089] [info]  DiscordSplash.onStateUpdate: {"status":"installing-updates","current":3,"total":6,"progress":8}
[2025-06-18 13:03:54.089] [info]  Splash.onStateUpdate: {"status":"installing-updates","current":3,"total":6,"progress":8}
[2025-06-18 13:03:54.090] [info]  DiscordSplash.onStateUpdate: {"status":"installing-updates","current":3,"total":6,"progress":8}
[2025-06-18 13:03:54.090] [info]  Splash.onStateUpdate: {"status":"installing-updates","current":3,"total":6,"progress":8}
[2025-06-18 13:03:54.091] [info]  DiscordSplash.onStateUpdate: {"status":"installing-updates","current":3,"total":6,"progress":9}
[2025-06-18 13:03:54.091] [info]  Splash.onStateUpdate: {"status":"installing-updates","current":3,"total":6,"progress":9}
[2025-06-18 13:03:54.092] [info]  DiscordSplash.onStateUpdate: {"status":"installing-updates","current":3,"total":6,"progress":9}
[2025-06-18 13:03:54.092] [info]  Splash.onStateUpdate: {"status":"installing-updates","current":3,"total":6,"progress":9}
[2025-06-18 13:03:54.093] [info]  DiscordSplash.onStateUpdate: {"status":"installing-updates","current":3,"total":6,"progress":9}
[2025-06-18 13:03:54.093] [info]  Splash.onStateUpdate: {"status":"installing-updates","current":3,"total":6,"progress":9}
[2025-06-18 13:03:54.094] [info]  DiscordSplash.onStateUpdate: {"status":"installing-updates","current":3,"total":6,"progress":9}
[2025-06-18 13:03:54.094] [info]  Splash.onStateUpdate: {"status":"installing-updates","current":3,"total":6,"progress":9}
[2025-06-18 13:03:54.095] [info]  DiscordSplash.onStateUpdate: {"status":"installing-updates","current":3,"total":6,"progress":9}
[2025-06-18 13:03:54.095] [info]  Splash.onStateUpdate: {"status":"installing-updates","current":3,"total":6,"progress":9}
[2025-06-18 13:03:54.096] [info]  DiscordSplash.onStateUpdate: {"status":"installing-updates","current":3,"total":6,"progress":9}
[2025-06-18 13:03:54.096] [info]  Splash.onStateUpdate: {"status":"installing-updates","current":3,"total":6,"progress":9}
[2025-06-18 13:03:54.097] [info]  DiscordSplash.onStateUpdate: {"status":"installing-updates","current":3,"total":6,"progress":10}
[2025-06-18 13:03:54.098] [info]  Splash.onStateUpdate: {"status":"installing-updates","current":3,"total":6,"progress":10}
[2025-06-18 13:03:54.100] [info]  DiscordSplash.onStateUpdate: {"status":"installing-updates","current":3,"total":6,"progress":10}
[2025-06-18 13:03:54.100] [info]  Splash.onStateUpdate: {"status":"installing-updates","current":3,"total":6,"progress":10}
[2025-06-18 13:03:54.100] [info]  DiscordSplash.onStateUpdate: {"status":"installing-updates","current":3,"total":6,"progress":10}
[2025-06-18 13:03:54.100] [info]  Splash.onStateUpdate: {"status":"installing-updates","current":3,"total":6,"progress":10}
[2025-06-18 13:03:54.101] [info]  DiscordSplash.onStateUpdate: {"status":"installing-updates","current":3,"total":6,"progress":10}
[2025-06-18 13:03:54.101] [info]  Splash.onStateUpdate: {"status":"installing-updates","current":3,"total":6,"progress":10}
[2025-06-18 13:03:54.102] [info]  DiscordSplash.onStateUpdate: {"status":"installing-updates","current":3,"total":6,"progress":10}
[2025-06-18 13:03:54.102] [info]  Splash.onStateUpdate: {"status":"installing-updates","current":3,"total":6,"progress":10}
[2025-06-18 13:03:54.103] [info]  DiscordSplash.onStateUpdate: {"status":"installing-updates","current":3,"total":6,"progress":10}
[2025-06-18 13:03:54.103] [info]  Splash.onStateUpdate: {"status":"installing-updates","current":3,"total":6,"progress":10}
[2025-06-18 13:03:54.104] [info]  DiscordSplash.onStateUpdate: {"status":"installing-updates","current":3,"total":6,"progress":11}
[2025-06-18 13:03:54.104] [info]  Splash.onStateUpdate: {"status":"installing-updates","current":3,"total":6,"progress":11}
[2025-06-18 13:03:54.105] [info]  DiscordSplash.onStateUpdate: {"status":"installing-updates","current":3,"total":6,"progress":11}
[2025-06-18 13:03:54.105] [info]  Splash.onStateUpdate: {"status":"installing-updates","current":3,"total":6,"progress":11}
[2025-06-18 13:03:54.107] [info]  DiscordSplash.onStateUpdate: {"status":"installing-updates","current":3,"total":6,"progress":11}
[2025-06-18 13:03:54.107] [info]  Splash.onStateUpdate: {"status":"installing-updates","current":3,"total":6,"progress":11}
[2025-06-18 13:03:54.108] [info]  DiscordSplash.onStateUpdate: {"status":"installing-updates","current":3,"total":6,"progress":11}
[2025-06-18 13:03:54.108] [info]  Splash.onStateUpdate: {"status":"installing-updates","current":3,"total":6,"progress":11}
[2025-06-18 13:03:54.109] [info]  DiscordSplash.onStateUpdate: {"status":"installing-updates","current":3,"total":6,"progress":11}
[2025-06-18 13:03:54.109] [info]  Splash.onStateUpdate: {"status":"installing-updates","current":3,"total":6,"progress":11}
[2025-06-18 13:03:54.110] [info]  DiscordSplash.onStateUpdate: {"status":"installing-updates","current":3,"total":6,"progress":11}
[2025-06-18 13:03:54.110] [info]  Splash.onStateUpdate: {"status":"installing-updates","current":3,"total":6,"progress":11}
[2025-06-18 13:03:54.169] [info]  DiscordSplash.onStateUpdate: {"status":"installing-updates","current":3,"total":6,"progress":11}
[2025-06-18 13:03:54.169] [info]  Splash.onStateUpdate: {"status":"installing-updates","current":3,"total":6,"progress":11}
[2025-06-18 13:03:54.225] [info]  DiscordSplash.onStateUpdate: {"status":"installing-updates","current":3,"total":6,"progress":12}
[2025-06-18 13:03:54.225] [info]  Splash.onStateUpdate: {"status":"installing-updates","current":3,"total":6,"progress":12}
[2025-06-18 13:03:54.228] [info]  DiscordSplash.onStateUpdate: {"status":"installing-updates","current":3,"total":6,"progress":12}
[2025-06-18 13:03:54.228] [info]  Splash.onStateUpdate: {"status":"installing-updates","current":3,"total":6,"progress":12}
[2025-06-18 13:03:54.230] [info]  DiscordSplash.onStateUpdate: {"status":"installing-updates","current":3,"total":6,"progress":12}
[2025-06-18 13:03:54.230] [info]  Splash.onStateUpdate: {"status":"installing-updates","current":3,"total":6,"progress":12}
[2025-06-18 13:03:54.231] [info]  DiscordSplash.onStateUpdate: {"status":"installing-updates","current":3,"total":6,"progress":12}
[2025-06-18 13:03:54.232] [info]  Splash.onStateUpdate: {"status":"installing-updates","current":3,"total":6,"progress":12}
[2025-06-18 13:03:54.236] [info]  DiscordSplash.onStateUpdate: {"status":"installing-updates","current":3,"total":6,"progress":12}
[2025-06-18 13:03:54.236] [info]  Splash.onStateUpdate: {"status":"installing-updates","current":3,"total":6,"progress":12}
[2025-06-18 13:03:54.237] [info]  DiscordSplash.onStateUpdate: {"status":"installing-updates","current":3,"total":6,"progress":12}
[2025-06-18 13:03:54.238] [info]  Splash.onStateUpdate: {"status":"installing-updates","current":3,"total":6,"progress":12}
[2025-06-18 13:03:54.238] [info]  DiscordSplash.onStateUpdate: {"status":"installing-updates","current":3,"total":6,"progress":13}
[2025-06-18 13:03:54.239] [info]  Splash.onStateUpdate: {"status":"installing-updates","current":3,"total":6,"progress":13}
[2025-06-18 13:03:54.239] [info]  DiscordSplash.onStateUpdate: {"status":"installing-updates","current":3,"total":6,"progress":13}
[2025-06-18 13:03:54.240] [info]  Splash.onStateUpdate: {"status":"installing-updates","current":3,"total":6,"progress":13}
[2025-06-18 13:03:54.240] [info]  DiscordSplash.onStateUpdate: {"status":"installing-updates","current":3,"total":6,"progress":13}
[2025-06-18 13:03:54.240] [info]  Splash.onStateUpdate: {"status":"installing-updates","current":3,"total":6,"progress":13}
[2025-06-18 13:03:54.241] [info]  DiscordSplash.onStateUpdate: {"status":"installing-updates","current":3,"total":6,"progress":13}
[2025-06-18 13:03:54.241] [info]  Splash.onStateUpdate: {"status":"installing-updates","current":3,"total":6,"progress":13}
[2025-06-18 13:03:54.242] [info]  DiscordSplash.onStateUpdate: {"status":"installing-updates","current":3,"total":6,"progress":13}
[2025-06-18 13:03:54.242] [info]  Splash.onStateUpdate: {"status":"installing-updates","current":3,"total":6,"progress":13}
[2025-06-18 13:03:54.243] [info]  DiscordSplash.onStateUpdate: {"status":"installing-updates","current":3,"total":6,"progress":13}
[2025-06-18 13:03:54.243] [info]  Splash.onStateUpdate: {"status":"installing-updates","current":3,"total":6,"progress":13}
[2025-06-18 13:03:54.244] [info]  DiscordSplash.onStateUpdate: {"status":"installing-updates","current":3,"total":6,"progress":14}
[2025-06-18 13:03:54.244] [info]  Splash.onStateUpdate: {"status":"installing-updates","current":3,"total":6,"progress":14}
[2025-06-18 13:03:54.245] [info]  DiscordSplash.onStateUpdate: {"status":"installing-updates","current":3,"total":6,"progress":14}
[2025-06-18 13:03:54.245] [info]  Splash.onStateUpdate: {"status":"installing-updates","current":3,"total":6,"progress":14}
[2025-06-18 13:03:54.246] [info]  DiscordSplash.onStateUpdate: {"status":"installing-updates","current":3,"total":6,"progress":14}
[2025-06-18 13:03:54.247] [info]  Splash.onStateUpdate: {"status":"installing-updates","current":3,"total":6,"progress":14}
[2025-06-18 13:03:54.247] [info]  DiscordSplash.onStateUpdate: {"status":"installing-updates","current":3,"total":6,"progress":14}
[2025-06-18 13:03:54.248] [info]  Splash.onStateUpdate: {"status":"installing-updates","current":3,"total":6,"progress":14}
[2025-06-18 13:03:54.248] [info]  DiscordSplash.onStateUpdate: {"status":"installing-updates","current":3,"total":6,"progress":14}
[2025-06-18 13:03:54.249] [info]  Splash.onStateUpdate: {"status":"installing-updates","current":3,"total":6,"progress":14}
[2025-06-18 13:03:54.250] [info]  DiscordSplash.onStateUpdate: {"status":"installing-updates","current":3,"total":6,"progress":14}
[2025-06-18 13:03:54.250] [info]  Splash.onStateUpdate: {"status":"installing-updates","current":3,"total":6,"progress":14}
[2025-06-18 13:03:54.251] [info]  DiscordSplash.onStateUpdate: {"status":"installing-updates","current":3,"total":6,"progress":15}
[2025-06-18 13:03:54.251] [info]  Splash.onStateUpdate: {"status":"installing-updates","current":3,"total":6,"progress":15}
[2025-06-18 13:03:54.252] [info]  DiscordSplash.onStateUpdate: {"status":"installing-updates","current":3,"total":6,"progress":15}
[2025-06-18 13:03:54.252] [info]  Splash.onStateUpdate: {"status":"installing-updates","current":3,"total":6,"progress":15}
[2025-06-18 13:03:54.252] [info]  DiscordSplash.onStateUpdate: {"status":"installing-updates","current":3,"total":6,"progress":15}
[2025-06-18 13:03:54.253] [info]  Splash.onStateUpdate: {"status":"installing-updates","current":3,"total":6,"progress":15}
[2025-06-18 13:03:54.253] [info]  DiscordSplash.onStateUpdate: {"status":"installing-updates","current":3,"total":6,"progress":15}
[2025-06-18 13:03:54.253] [info]  Splash.onStateUpdate: {"status":"installing-updates","current":3,"total":6,"progress":15}
[2025-06-18 13:03:54.254] [info]  DiscordSplash.onStateUpdate: {"status":"installing-updates","current":3,"total":6,"progress":15}
[2025-06-18 13:03:54.254] [info]  Splash.onStateUpdate: {"status":"installing-updates","current":3,"total":6,"progress":15}
[2025-06-18 13:03:54.255] [info]  DiscordSplash.onStateUpdate: {"status":"installing-updates","current":3,"total":6,"progress":15}
[2025-06-18 13:03:54.256] [info]  Splash.onStateUpdate: {"status":"installing-updates","current":3,"total":6,"progress":15}
[2025-06-18 13:03:54.256] [info]  DiscordSplash.onStateUpdate: {"status":"installing-updates","current":3,"total":6,"progress":16}
[2025-06-18 13:03:54.256] [info]  Splash.onStateUpdate: {"status":"installing-updates","current":3,"total":6,"progress":16}
[2025-06-18 13:03:54.257] [info]  DiscordSplash.onStateUpdate: {"status":"installing-updates","current":3,"total":6,"progress":16}
[2025-06-18 13:03:54.257] [info]  Splash.onStateUpdate: {"status":"installing-updates","current":3,"total":6,"progress":16}
[2025-06-18 13:03:54.258] [info]  DiscordSplash.onStateUpdate: {"status":"installing-updates","current":3,"total":6,"progress":16}
[2025-06-18 13:03:54.258] [info]  Splash.onStateUpdate: {"status":"installing-updates","current":3,"total":6,"progress":16}
[2025-06-18 13:03:54.259] [info]  DiscordSplash.onStateUpdate: {"status":"installing-updates","current":3,"total":6,"progress":16}
[2025-06-18 13:03:54.259] [info]  Splash.onStateUpdate: {"status":"installing-updates","current":3,"total":6,"progress":16}
[2025-06-18 13:03:54.260] [info]  DiscordSplash.onStateUpdate: {"status":"installing-updates","current":3,"total":6,"progress":16}
[2025-06-18 13:03:54.260] [info]  Splash.onStateUpdate: {"status":"installing-updates","current":3,"total":6,"progress":16}
[2025-06-18 13:03:54.261] [info]  DiscordSplash.onStateUpdate: {"status":"installing-updates","current":3,"total":6,"progress":16}
[2025-06-18 13:03:54.261] [info]  Splash.onStateUpdate: {"status":"installing-updates","current":3,"total":6,"progress":16}
[2025-06-18 13:03:54.262] [info]  DiscordSplash.onStateUpdate: {"status":"installing-updates","current":3,"total":6,"progress":17}
[2025-06-18 13:03:54.262] [info]  Splash.onStateUpdate: {"status":"installing-updates","current":3,"total":6,"progress":17}
[2025-06-18 13:03:54.263] [info]  DiscordSplash.onStateUpdate: {"status":"installing-updates","current":3,"total":6,"progress":17}
[2025-06-18 13:03:54.263] [info]  Splash.onStateUpdate: {"status":"installing-updates","current":3,"total":6,"progress":17}
[2025-06-18 13:03:54.264] [info]  DiscordSplash.onStateUpdate: {"status":"installing-updates","current":3,"total":6,"progress":17}
[2025-06-18 13:03:54.264] [info]  Splash.onStateUpdate: {"status":"installing-updates","current":3,"total":6,"progress":17}
[2025-06-18 13:03:54.265] [info]  DiscordSplash.onStateUpdate: {"status":"installing-updates","current":3,"total":6,"progress":17}
[2025-06-18 13:03:54.265] [info]  Splash.onStateUpdate: {"status":"installing-updates","current":3,"total":6,"progress":17}
[2025-06-18 13:03:54.265] [info]  DiscordSplash.onStateUpdate: {"status":"installing-updates","current":3,"total":6,"progress":17}
[2025-06-18 13:03:54.266] [info]  Splash.onStateUpdate: {"status":"installing-updates","current":3,"total":6,"progress":17}
[2025-06-18 13:03:54.266] [info]  DiscordSplash.onStateUpdate: {"status":"installing-updates","current":3,"total":6,"progress":17}
[2025-06-18 13:03:54.267] [info]  Splash.onStateUpdate: {"status":"installing-updates","current":3,"total":6,"progress":17}
[2025-06-18 13:03:54.267] [info]  DiscordSplash.onStateUpdate: {"status":"installing-updates","current":3,"total":6,"progress":17}
[2025-06-18 13:03:54.268] [info]  Splash.onStateUpdate: {"status":"installing-updates","current":3,"total":6,"progress":17}
[2025-06-18 13:03:54.268] [info]  DiscordSplash.onStateUpdate: {"status":"installing-updates","current":3,"total":6,"progress":18}
[2025-06-18 13:03:54.268] [info]  Splash.onStateUpdate: {"status":"installing-updates","current":3,"total":6,"progress":18}
[2025-06-18 13:03:54.269] [info]  DiscordSplash.onStateUpdate: {"status":"installing-updates","current":3,"total":6,"progress":18}
[2025-06-18 13:03:54.269] [info]  Splash.onStateUpdate: {"status":"installing-updates","current":3,"total":6,"progress":18}
[2025-06-18 13:03:54.270] [info]  DiscordSplash.onStateUpdate: {"status":"installing-updates","current":3,"total":6,"progress":18}
[2025-06-18 13:03:54.270] [info]  Splash.onStateUpdate: {"status":"installing-updates","current":3,"total":6,"progress":18}
[2025-06-18 13:03:54.271] [info]  DiscordSplash.onStateUpdate: {"status":"installing-updates","current":3,"total":6,"progress":18}
[2025-06-18 13:03:54.271] [info]  Splash.onStateUpdate: {"status":"installing-updates","current":3,"total":6,"progress":18}
[2025-06-18 13:03:54.272] [info]  DiscordSplash.onStateUpdate: {"status":"installing-updates","current":3,"total":6,"progress":18}
[2025-06-18 13:03:54.272] [info]  Splash.onStateUpdate: {"status":"installing-updates","current":3,"total":6,"progress":18}
[2025-06-18 13:03:54.273] [info]  DiscordSplash.onStateUpdate: {"status":"installing-updates","current":3,"total":6,"progress":18}
[2025-06-18 13:03:54.273] [info]  Splash.onStateUpdate: {"status":"installing-updates","current":3,"total":6,"progress":18}
[2025-06-18 13:03:54.273] [info]  DiscordSplash.onStateUpdate: {"status":"installing-updates","current":3,"total":6,"progress":19}
[2025-06-18 13:03:54.273] [info]  Splash.onStateUpdate: {"status":"installing-updates","current":3,"total":6,"progress":19}
[2025-06-18 13:03:54.274] [info]  DiscordSplash.onStateUpdate: {"status":"installing-updates","current":3,"total":6,"progress":19}
[2025-06-18 13:03:54.274] [info]  Splash.onStateUpdate: {"status":"installing-updates","current":3,"total":6,"progress":19}
[2025-06-18 13:03:54.275] [info]  DiscordSplash.onStateUpdate: {"status":"installing-updates","current":3,"total":6,"progress":19}
[2025-06-18 13:03:54.275] [info]  Splash.onStateUpdate: {"status":"installing-updates","current":3,"total":6,"progress":19}
[2025-06-18 13:03:54.276] [info]  DiscordSplash.onStateUpdate: {"status":"installing-updates","current":3,"total":6,"progress":19}
[2025-06-18 13:03:54.276] [info]  Splash.onStateUpdate: {"status":"installing-updates","current":3,"total":6,"progress":19}
[2025-06-18 13:03:54.277] [info]  DiscordSplash.onStateUpdate: {"status":"installing-updates","current":3,"total":6,"progress":19}
[2025-06-18 13:03:54.277] [info]  Splash.onStateUpdate: {"status":"installing-updates","current":3,"total":6,"progress":19}
[2025-06-18 13:03:54.278] [info]  DiscordSplash.onStateUpdate: {"status":"installing-updates","current":3,"total":6,"progress":19}
[2025-06-18 13:03:54.278] [info]  Splash.onStateUpdate: {"status":"installing-updates","current":3,"total":6,"progress":19}
[2025-06-18 13:03:54.279] [info]  DiscordSplash.onStateUpdate: {"status":"installing-updates","current":3,"total":6,"progress":20}
[2025-06-18 13:03:54.279] [info]  Splash.onStateUpdate: {"status":"installing-updates","current":3,"total":6,"progress":20}
[2025-06-18 13:03:54.280] [info]  DiscordSplash.onStateUpdate: {"status":"installing-updates","current":3,"total":6,"progress":20}
[2025-06-18 13:03:54.280] [info]  Splash.onStateUpdate: {"status":"installing-updates","current":3,"total":6,"progress":20}
[2025-06-18 13:03:54.281] [info]  DiscordSplash.onStateUpdate: {"status":"installing-updates","current":3,"total":6,"progress":20}
[2025-06-18 13:03:54.281] [info]  Splash.onStateUpdate: {"status":"installing-updates","current":3,"total":6,"progress":20}
[2025-06-18 13:03:54.281] [info]  DiscordSplash.onStateUpdate: {"status":"installing-updates","current":3,"total":6,"progress":20}
[2025-06-18 13:03:54.282] [info]  Splash.onStateUpdate: {"status":"installing-updates","current":3,"total":6,"progress":20}
[2025-06-18 13:03:54.282] [info]  DiscordSplash.onStateUpdate: {"status":"installing-updates","current":3,"total":6,"progress":20}
[2025-06-18 13:03:54.283] [info]  Splash.onStateUpdate: {"status":"installing-updates","current":3,"total":6,"progress":20}
[2025-06-18 13:03:54.283] [info]  DiscordSplash.onStateUpdate: {"status":"installing-updates","current":3,"total":6,"progress":20}
[2025-06-18 13:03:54.284] [info]  Splash.onStateUpdate: {"status":"installing-updates","current":3,"total":6,"progress":20}
[2025-06-18 13:03:54.284] [info]  DiscordSplash.onStateUpdate: {"status":"installing-updates","current":3,"total":6,"progress":21}
[2025-06-18 13:03:54.284] [info]  Splash.onStateUpdate: {"status":"installing-updates","current":3,"total":6,"progress":21}
[2025-06-18 13:03:54.285] [info]  DiscordSplash.onStateUpdate: {"status":"installing-updates","current":3,"total":6,"progress":21}
[2025-06-18 13:03:54.285] [info]  Splash.onStateUpdate: {"status":"installing-updates","current":3,"total":6,"progress":21}
[2025-06-18 13:03:54.286] [info]  DiscordSplash.onStateUpdate: {"status":"installing-updates","current":3,"total":6,"progress":21}
[2025-06-18 13:03:54.286] [info]  Splash.onStateUpdate: {"status":"installing-updates","current":3,"total":6,"progress":21}
[2025-06-18 13:03:54.287] [info]  DiscordSplash.onStateUpdate: {"status":"installing-updates","current":3,"total":6,"progress":21}
[2025-06-18 13:03:54.287] [info]  Splash.onStateUpdate: {"status":"installing-updates","current":3,"total":6,"progress":21}
[2025-06-18 13:03:54.288] [info]  DiscordSplash.onStateUpdate: {"status":"installing-updates","current":3,"total":6,"progress":21}
[2025-06-18 13:03:54.288] [info]  Splash.onStateUpdate: {"status":"installing-updates","current":3,"total":6,"progress":21}
[2025-06-18 13:03:54.289] [info]  DiscordSplash.onStateUpdate: {"status":"installing-updates","current":3,"total":6,"progress":21}
[2025-06-18 13:03:54.289] [info]  Splash.onStateUpdate: {"status":"installing-updates","current":3,"total":6,"progress":21}
[2025-06-18 13:03:54.290] [info]  DiscordSplash.onStateUpdate: {"status":"installing-updates","current":3,"total":6,"progress":22}
[2025-06-18 13:03:54.290] [info]  Splash.onStateUpdate: {"status":"installing-updates","current":3,"total":6,"progress":22}
[2025-06-18 13:03:54.290] [info]  DiscordSplash.onStateUpdate: {"status":"installing-updates","current":3,"total":6,"progress":22}
[2025-06-18 13:03:54.291] [info]  Splash.onStateUpdate: {"status":"installing-updates","current":3,"total":6,"progress":22}
[2025-06-18 13:03:54.291] [info]  DiscordSplash.onStateUpdate: {"status":"installing-updates","current":3,"total":6,"progress":22}
[2025-06-18 13:03:54.292] [info]  Splash.onStateUpdate: {"status":"installing-updates","current":3,"total":6,"progress":22}
[2025-06-18 13:03:54.292] [info]  DiscordSplash.onStateUpdate: {"status":"installing-updates","current":3,"total":6,"progress":22}
[2025-06-18 13:03:54.292] [info]  Splash.onStateUpdate: {"status":"installing-updates","current":3,"total":6,"progress":22}
[2025-06-18 13:03:54.293] [info]  DiscordSplash.onStateUpdate: {"status":"installing-updates","current":3,"total":6,"progress":22}
[2025-06-18 13:03:54.294] [info]  Splash.onStateUpdate: {"status":"installing-updates","current":3,"total":6,"progress":22}
[2025-06-18 13:03:54.294] [info]  DiscordSplash.onStateUpdate: {"status":"installing-updates","current":3,"total":6,"progress":22}
[2025-06-18 13:03:54.294] [info]  Splash.onStateUpdate: {"status":"installing-updates","current":3,"total":6,"progress":22}
[2025-06-18 13:03:54.295] [info]  DiscordSplash.onStateUpdate: {"status":"installing-updates","current":3,"total":6,"progress":23}
[2025-06-18 13:03:54.295] [info]  Splash.onStateUpdate: {"status":"installing-updates","current":3,"total":6,"progress":23}
[2025-06-18 13:03:54.297] [info]  DiscordSplash.onStateUpdate: {"status":"installing-updates","current":3,"total":6,"progress":23}
[2025-06-18 13:03:54.297] [info]  Splash.onStateUpdate: {"status":"installing-updates","current":3,"total":6,"progress":23}
[2025-06-18 13:03:54.298] [info]  DiscordSplash.onStateUpdate: {"status":"installing-updates","current":3,"total":6,"progress":23}
[2025-06-18 13:03:54.298] [info]  Splash.onStateUpdate: {"status":"installing-updates","current":3,"total":6,"progress":23}
[2025-06-18 13:03:54.299] [info]  DiscordSplash.onStateUpdate: {"status":"installing-updates","current":3,"total":6,"progress":23}
[2025-06-18 13:03:54.299] [info]  Splash.onStateUpdate: {"status":"installing-updates","current":3,"total":6,"progress":23}
[2025-06-18 13:03:54.300] [info]  DiscordSplash.onStateUpdate: {"status":"installing-updates","current":3,"total":6,"progress":23}
[2025-06-18 13:03:54.300] [info]  Splash.onStateUpdate: {"status":"installing-updates","current":3,"total":6,"progress":23}
[2025-06-18 13:03:54.300] [info]  DiscordSplash.onStateUpdate: {"status":"installing-updates","current":3,"total":6,"progress":23}
[2025-06-18 13:03:54.301] [info]  Splash.onStateUpdate: {"status":"installing-updates","current":3,"total":6,"progress":23}
[2025-06-18 13:03:54.301] [info]  DiscordSplash.onStateUpdate: {"status":"installing-updates","current":3,"total":6,"progress":23}
[2025-06-18 13:03:54.301] [info]  Splash.onStateUpdate: {"status":"installing-updates","current":3,"total":6,"progress":23}
[2025-06-18 13:03:54.303] [info]  DiscordSplash.onStateUpdate: {"status":"installing-updates","current":3,"total":6,"progress":24}
[2025-06-18 13:03:54.303] [info]  Splash.onStateUpdate: {"status":"installing-updates","current":3,"total":6,"progress":24}
[2025-06-18 13:03:54.304] [info]  DiscordSplash.onStateUpdate: {"status":"installing-updates","current":3,"total":6,"progress":24}
[2025-06-18 13:03:54.304] [info]  Splash.onStateUpdate: {"status":"installing-updates","current":3,"total":6,"progress":24}
[2025-06-18 13:03:54.304] [info]  DiscordSplash.onStateUpdate: {"status":"installing-updates","current":3,"total":6,"progress":24}
[2025-06-18 13:03:54.305] [info]  Splash.onStateUpdate: {"status":"installing-updates","current":3,"total":6,"progress":24}
[2025-06-18 13:03:54.305] [info]  DiscordSplash.onStateUpdate: {"status":"installing-updates","current":3,"total":6,"progress":24}
[2025-06-18 13:03:54.305] [info]  Splash.onStateUpdate: {"status":"installing-updates","current":3,"total":6,"progress":24}
[2025-06-18 13:03:54.306] [info]  DiscordSplash.onStateUpdate: {"status":"installing-updates","current":3,"total":6,"progress":24}
[2025-06-18 13:03:54.306] [info]  Splash.onStateUpdate: {"status":"installing-updates","current":3,"total":6,"progress":24}
[2025-06-18 13:03:54.307] [info]  DiscordSplash.onStateUpdate: {"status":"installing-updates","current":3,"total":6,"progress":24}
[2025-06-18 13:03:54.307] [info]  Splash.onStateUpdate: {"status":"installing-updates","current":3,"total":6,"progress":24}
[2025-06-18 13:03:54.308] [info]  DiscordSplash.onStateUpdate: {"status":"installing-updates","current":3,"total":6,"progress":25}
[2025-06-18 13:03:54.308] [info]  Splash.onStateUpdate: {"status":"installing-updates","current":3,"total":6,"progress":25}
[2025-06-18 13:03:54.309] [info]  DiscordSplash.onStateUpdate: {"status":"installing-updates","current":3,"total":6,"progress":25}
[2025-06-18 13:03:54.309] [info]  Splash.onStateUpdate: {"status":"installing-updates","current":3,"total":6,"progress":25}
[2025-06-18 13:03:54.310] [info]  DiscordSplash.onStateUpdate: {"status":"installing-updates","current":3,"total":6,"progress":25}
[2025-06-18 13:03:54.310] [info]  Splash.onStateUpdate: {"status":"installing-updates","current":3,"total":6,"progress":25}
[2025-06-18 13:03:54.311] [info]  DiscordSplash.onStateUpdate: {"status":"installing-updates","current":3,"total":6,"progress":25}
[2025-06-18 13:03:54.311] [info]  Splash.onStateUpdate: {"status":"installing-updates","current":3,"total":6,"progress":25}
[2025-06-18 13:03:54.312] [info]  DiscordSplash.onStateUpdate: {"status":"installing-updates","current":3,"total":6,"progress":25}
[2025-06-18 13:03:54.312] [info]  Splash.onStateUpdate: {"status":"installing-updates","current":3,"total":6,"progress":25}
[2025-06-18 13:03:54.312] [info]  DiscordSplash.onStateUpdate: {"status":"installing-updates","current":3,"total":6,"progress":25}
[2025-06-18 13:03:54.313] [info]  Splash.onStateUpdate: {"status":"installing-updates","current":3,"total":6,"progress":25}
[2025-06-18 13:03:54.314] [info]  DiscordSplash.onStateUpdate: {"status":"installing-updates","current":3,"total":6,"progress":26}
[2025-06-18 13:03:54.314] [info]  Splash.onStateUpdate: {"status":"installing-updates","current":3,"total":6,"progress":26}
[2025-06-18 13:03:54.315] [info]  DiscordSplash.onStateUpdate: {"status":"installing-updates","current":3,"total":6,"progress":26}
[2025-06-18 13:03:54.315] [info]  Splash.onStateUpdate: {"status":"installing-updates","current":3,"total":6,"progress":26}
[2025-06-18 13:03:54.317] [info]  DiscordSplash.onStateUpdate: {"status":"installing-updates","current":3,"total":6,"progress":26}
[2025-06-18 13:03:54.317] [info]  Splash.onStateUpdate: {"status":"installing-updates","current":3,"total":6,"progress":26}
[2025-06-18 13:03:54.318] [info]  DiscordSplash.onStateUpdate: {"status":"installing-updates","current":3,"total":6,"progress":26}
[2025-06-18 13:03:54.318] [info]  Splash.onStateUpdate: {"status":"installing-updates","current":3,"total":6,"progress":26}
[2025-06-18 13:03:54.319] [info]  DiscordSplash.onStateUpdate: {"status":"installing-updates","current":3,"total":6,"progress":26}
[2025-06-18 13:03:54.319] [info]  Splash.onStateUpdate: {"status":"installing-updates","current":3,"total":6,"progress":26}
[2025-06-18 13:03:54.320] [info]  DiscordSplash.onStateUpdate: {"status":"installing-updates","current":3,"total":6,"progress":26}
[2025-06-18 13:03:54.320] [info]  Splash.onStateUpdate: {"status":"installing-updates","current":3,"total":6,"progress":26}
[2025-06-18 13:03:54.321] [info]  DiscordSplash.onStateUpdate: {"status":"installing-updates","current":3,"total":6,"progress":27}
[2025-06-18 13:03:54.321] [info]  Splash.onStateUpdate: {"status":"installing-updates","current":3,"total":6,"progress":27}
[2025-06-18 13:03:54.322] [info]  DiscordSplash.onStateUpdate: {"status":"installing-updates","current":3,"total":6,"progress":27}
[2025-06-18 13:03:54.322] [info]  Splash.onStateUpdate: {"status":"installing-updates","current":3,"total":6,"progress":27}
[2025-06-18 13:03:54.322] [info]  DiscordSplash.onStateUpdate: {"status":"installing-updates","current":3,"total":6,"progress":27}
[2025-06-18 13:03:54.323] [info]  Splash.onStateUpdate: {"status":"installing-updates","current":3,"total":6,"progress":27}
[2025-06-18 13:03:54.323] [info]  DiscordSplash.onStateUpdate: {"status":"installing-updates","current":3,"total":6,"progress":27}
[2025-06-18 13:03:54.323] [info]  Splash.onStateUpdate: {"status":"installing-updates","current":3,"total":6,"progress":27}
[2025-06-18 13:03:54.324] [info]  DiscordSplash.onStateUpdate: {"status":"installing-updates","current":3,"total":6,"progress":27}
[2025-06-18 13:03:54.324] [info]  Splash.onStateUpdate: {"status":"installing-updates","current":3,"total":6,"progress":27}
[2025-06-18 13:03:54.325] [info]  DiscordSplash.onStateUpdate: {"status":"installing-updates","current":3,"total":6,"progress":27}
[2025-06-18 13:03:54.325] [info]  Splash.onStateUpdate: {"status":"installing-updates","current":3,"total":6,"progress":27}
[2025-06-18 13:03:54.326] [info]  DiscordSplash.onStateUpdate: {"status":"installing-updates","current":3,"total":6,"progress":28}
[2025-06-18 13:03:54.327] [info]  Splash.onStateUpdate: {"status":"installing-updates","current":3,"total":6,"progress":28}
[2025-06-18 13:03:54.328] [info]  DiscordSplash.onStateUpdate: {"status":"installing-updates","current":3,"total":6,"progress":28}
[2025-06-18 13:03:54.328] [info]  Splash.onStateUpdate: {"status":"installing-updates","current":3,"total":6,"progress":28}
[2025-06-18 13:03:54.329] [info]  DiscordSplash.onStateUpdate: {"status":"installing-updates","current":3,"total":6,"progress":28}
[2025-06-18 13:03:54.329] [info]  Splash.onStateUpdate: {"status":"installing-updates","current":3,"total":6,"progress":28}
[2025-06-18 13:03:54.330] [info]  DiscordSplash.onStateUpdate: {"status":"installing-updates","current":3,"total":6,"progress":28}
[2025-06-18 13:03:54.330] [info]  Splash.onStateUpdate: {"status":"installing-updates","current":3,"total":6,"progress":28}
[2025-06-18 13:03:54.331] [info]  DiscordSplash.onStateUpdate: {"status":"installing-updates","current":3,"total":6,"progress":28}
[2025-06-18 13:03:54.331] [info]  Splash.onStateUpdate: {"status":"installing-updates","current":3,"total":6,"progress":28}
[2025-06-18 13:03:54.332] [info]  DiscordSplash.onStateUpdate: {"status":"installing-updates","current":3,"total":6,"progress":28}
[2025-06-18 13:03:54.332] [info]  Splash.onStateUpdate: {"status":"installing-updates","current":3,"total":6,"progress":28}
[2025-06-18 13:03:54.333] [info]  DiscordSplash.onStateUpdate: {"status":"installing-updates","current":3,"total":6,"progress":29}
[2025-06-18 13:03:54.333] [info]  Splash.onStateUpdate: {"status":"installing-updates","current":3,"total":6,"progress":29}
[2025-06-18 13:03:54.334] [info]  DiscordSplash.onStateUpdate: {"status":"installing-updates","current":3,"total":6,"progress":29}
[2025-06-18 13:03:54.334] [info]  Splash.onStateUpdate: {"status":"installing-updates","current":3,"total":6,"progress":29}
[2025-06-18 13:03:54.335] [info]  DiscordSplash.onStateUpdate: {"status":"installing-updates","current":3,"total":6,"progress":29}
[2025-06-18 13:03:54.335] [info]  Splash.onStateUpdate: {"status":"installing-updates","current":3,"total":6,"progress":29}
[2025-06-18 13:03:54.336] [info]  DiscordSplash.onStateUpdate: {"status":"installing-updates","current":3,"total":6,"progress":29}
[2025-06-18 13:03:54.336] [info]  Splash.onStateUpdate: {"status":"installing-updates","current":3,"total":6,"progress":29}
[2025-06-18 13:03:54.337] [info]  DiscordSplash.onStateUpdate: {"status":"installing-updates","current":3,"total":6,"progress":29}
[2025-06-18 13:03:54.338] [info]  Splash.onStateUpdate: {"status":"installing-updates","current":3,"total":6,"progress":29}
[2025-06-18 13:03:54.338] [info]  DiscordSplash.onStateUpdate: {"status":"installing-updates","current":3,"total":6,"progress":29}
[2025-06-18 13:03:54.338] [info]  Splash.onStateUpdate: {"status":"installing-updates","current":3,"total":6,"progress":29}
[2025-06-18 13:03:54.339] [info]  DiscordSplash.onStateUpdate: {"status":"installing-updates","current":3,"total":6,"progress":29}
[2025-06-18 13:03:54.339] [info]  Splash.onStateUpdate: {"status":"installing-updates","current":3,"total":6,"progress":29}
[2025-06-18 13:03:54.340] [info]  DiscordSplash.onStateUpdate: {"status":"installing-updates","current":3,"total":6,"progress":30}
[2025-06-18 13:03:54.340] [info]  Splash.onStateUpdate: {"status":"installing-updates","current":3,"total":6,"progress":30}
[2025-06-18 13:03:54.341] [info]  DiscordSplash.onStateUpdate: {"status":"installing-updates","current":3,"total":6,"progress":30}
[2025-06-18 13:03:54.341] [info]  Splash.onStateUpdate: {"status":"installing-updates","current":3,"total":6,"progress":30}
[2025-06-18 13:03:54.342] [info]  DiscordSplash.onStateUpdate: {"status":"installing-updates","current":3,"total":6,"progress":30}
[2025-06-18 13:03:54.342] [info]  Splash.onStateUpdate: {"status":"installing-updates","current":3,"total":6,"progress":30}
[2025-06-18 13:03:54.343] [info]  DiscordSplash.onStateUpdate: {"status":"installing-updates","current":3,"total":6,"progress":30}
[2025-06-18 13:03:54.343] [info]  Splash.onStateUpdate: {"status":"installing-updates","current":3,"total":6,"progress":30}
[2025-06-18 13:03:54.344] [info]  DiscordSplash.onStateUpdate: {"status":"installing-updates","current":3,"total":6,"progress":30}
[2025-06-18 13:03:54.344] [info]  Splash.onStateUpdate: {"status":"installing-updates","current":3,"total":6,"progress":30}
[2025-06-18 13:03:54.345] [info]  DiscordSplash.onStateUpdate: {"status":"installing-updates","current":3,"total":6,"progress":30}
[2025-06-18 13:03:54.345] [info]  Splash.onStateUpdate: {"status":"installing-updates","current":3,"total":6,"progress":30}
[2025-06-18 13:03:54.345] [info]  DiscordSplash.onStateUpdate: {"status":"installing-updates","current":3,"total":6,"progress":31}
[2025-06-18 13:03:54.346] [info]  Splash.onStateUpdate: {"status":"installing-updates","current":3,"total":6,"progress":31}
[2025-06-18 13:03:54.346] [info]  DiscordSplash.onStateUpdate: {"status":"installing-updates","current":3,"total":6,"progress":31}
[2025-06-18 13:03:54.347] [info]  Splash.onStateUpdate: {"status":"installing-updates","current":3,"total":6,"progress":31}
[2025-06-18 13:03:54.347] [info]  DiscordSplash.onStateUpdate: {"status":"installing-updates","current":3,"total":6,"progress":31}
[2025-06-18 13:03:54.347] [info]  Splash.onStateUpdate: {"status":"installing-updates","current":3,"total":6,"progress":31}
[2025-06-18 13:03:54.348] [info]  DiscordSplash.onStateUpdate: {"status":"installing-updates","current":3,"total":6,"progress":31}
[2025-06-18 13:03:54.348] [info]  Splash.onStateUpdate: {"status":"installing-updates","current":3,"total":6,"progress":31}
[2025-06-18 13:03:54.350] [info]  DiscordSplash.onStateUpdate: {"status":"installing-updates","current":3,"total":6,"progress":31}
[2025-06-18 13:03:54.351] [info]  Splash.onStateUpdate: {"status":"installing-updates","current":3,"total":6,"progress":31}
[2025-06-18 13:03:54.351] [info]  DiscordSplash.onStateUpdate: {"status":"installing-updates","current":3,"total":6,"progress":31}
[2025-06-18 13:03:54.351] [info]  Splash.onStateUpdate: {"status":"installing-updates","current":3,"total":6,"progress":31}
[2025-06-18 13:03:54.352] [info]  DiscordSplash.onStateUpdate: {"status":"installing-updates","current":3,"total":6,"progress":32}
[2025-06-18 13:03:54.352] [info]  Splash.onStateUpdate: {"status":"installing-updates","current":3,"total":6,"progress":32}
[2025-06-18 13:03:54.353] [info]  DiscordSplash.onStateUpdate: {"status":"installing-updates","current":3,"total":6,"progress":32}
[2025-06-18 13:03:54.353] [info]  Splash.onStateUpdate: {"status":"installing-updates","current":3,"total":6,"progress":32}
[2025-06-18 13:03:54.354] [info]  DiscordSplash.onStateUpdate: {"status":"installing-updates","current":3,"total":6,"progress":32}
[2025-06-18 13:03:54.354] [info]  Splash.onStateUpdate: {"status":"installing-updates","current":3,"total":6,"progress":32}
[2025-06-18 13:03:54.355] [info]  DiscordSplash.onStateUpdate: {"status":"installing-updates","current":3,"total":6,"progress":32}
[2025-06-18 13:03:54.355] [info]  Splash.onStateUpdate: {"status":"installing-updates","current":3,"total":6,"progress":32}
[2025-06-18 13:03:54.355] [info]  DiscordSplash.onStateUpdate: {"status":"installing-updates","current":3,"total":6,"progress":32}
[2025-06-18 13:03:54.355] [info]  Splash.onStateUpdate: {"status":"installing-updates","current":3,"total":6,"progress":32}
[2025-06-18 13:03:54.356] [info]  DiscordSplash.onStateUpdate: {"status":"installing-updates","current":3,"total":6,"progress":32}
[2025-06-18 13:03:54.356] [info]  Splash.onStateUpdate: {"status":"installing-updates","current":3,"total":6,"progress":32}
[2025-06-18 13:03:54.357] [info]  DiscordSplash.onStateUpdate: {"status":"installing-updates","current":3,"total":6,"progress":33}
[2025-06-18 13:03:54.357] [info]  Splash.onStateUpdate: {"status":"installing-updates","current":3,"total":6,"progress":33}
[2025-06-18 13:03:54.358] [info]  DiscordSplash.onStateUpdate: {"status":"installing-updates","current":3,"total":6,"progress":33}
[2025-06-18 13:03:54.358] [info]  Splash.onStateUpdate: {"status":"installing-updates","current":3,"total":6,"progress":33}
[2025-06-18 13:03:54.358] [info]  DiscordSplash.onStateUpdate: {"status":"installing-updates","current":3,"total":6,"progress":33}
[2025-06-18 13:03:54.359] [info]  Splash.onStateUpdate: {"status":"installing-updates","current":3,"total":6,"progress":33}
[2025-06-18 13:03:54.359] [info]  DiscordSplash.onStateUpdate: {"status":"installing-updates","current":3,"total":6,"progress":33}
[2025-06-18 13:03:54.359] [info]  Splash.onStateUpdate: {"status":"installing-updates","current":3,"total":6,"progress":33}
[2025-06-18 13:03:54.360] [info]  DiscordSplash.onStateUpdate: {"status":"installing-updates","current":3,"total":6,"progress":33}
[2025-06-18 13:03:54.360] [info]  Splash.onStateUpdate: {"status":"installing-updates","current":3,"total":6,"progress":33}
[2025-06-18 13:03:54.361] [info]  DiscordSplash.onStateUpdate: {"status":"installing-updates","current":3,"total":6,"progress":33}
[2025-06-18 13:03:54.361] [info]  Splash.onStateUpdate: {"status":"installing-updates","current":3,"total":6,"progress":33}
[2025-06-18 13:03:54.362] [info]  DiscordSplash.onStateUpdate: {"status":"installing-updates","current":3,"total":6,"progress":34}
[2025-06-18 13:03:54.362] [info]  Splash.onStateUpdate: {"status":"installing-updates","current":3,"total":6,"progress":34}
[2025-06-18 13:03:54.363] [info]  DiscordSplash.onStateUpdate: {"status":"installing-updates","current":3,"total":6,"progress":34}
[2025-06-18 13:03:54.363] [info]  Splash.onStateUpdate: {"status":"installing-updates","current":3,"total":6,"progress":34}
[2025-06-18 13:03:54.364] [info]  DiscordSplash.onStateUpdate: {"status":"installing-updates","current":3,"total":6,"progress":34}
[2025-06-18 13:03:54.364] [info]  Splash.onStateUpdate: {"status":"installing-updates","current":3,"total":6,"progress":34}
[2025-06-18 13:03:54.365] [info]  DiscordSplash.onStateUpdate: {"status":"installing-updates","current":3,"total":6,"progress":34}
[2025-06-18 13:03:54.365] [info]  Splash.onStateUpdate: {"status":"installing-updates","current":3,"total":6,"progress":34}
[2025-06-18 13:03:54.367] [info]  DiscordSplash.onStateUpdate: {"status":"installing-updates","current":3,"total":6,"progress":34}
[2025-06-18 13:03:54.367] [info]  Splash.onStateUpdate: {"status":"installing-updates","current":3,"total":6,"progress":34}
[2025-06-18 13:03:54.367] [info]  DiscordSplash.onStateUpdate: {"status":"installing-updates","current":3,"total":6,"progress":34}
[2025-06-18 13:03:54.367] [info]  Splash.onStateUpdate: {"status":"installing-updates","current":3,"total":6,"progress":34}
[2025-06-18 13:03:54.368] [info]  DiscordSplash.onStateUpdate: {"status":"installing-updates","current":3,"total":6,"progress":35}
[2025-06-18 13:03:54.368] [info]  Splash.onStateUpdate: {"status":"installing-updates","current":3,"total":6,"progress":35}
[2025-06-18 13:03:54.369] [info]  DiscordSplash.onStateUpdate: {"status":"installing-updates","current":3,"total":6,"progress":35}
[2025-06-18 13:03:54.369] [info]  Splash.onStateUpdate: {"status":"installing-updates","current":3,"total":6,"progress":35}
[2025-06-18 13:03:54.370] [info]  DiscordSplash.onStateUpdate: {"status":"installing-updates","current":3,"total":6,"progress":35}
[2025-06-18 13:03:54.370] [info]  Splash.onStateUpdate: {"status":"installing-updates","current":3,"total":6,"progress":35}
[2025-06-18 13:03:54.371] [info]  DiscordSplash.onStateUpdate: {"status":"installing-updates","current":3,"total":6,"progress":35}
[2025-06-18 13:03:54.371] [info]  Splash.onStateUpdate: {"status":"installing-updates","current":3,"total":6,"progress":35}
[2025-06-18 13:03:54.372] [info]  DiscordSplash.onStateUpdate: {"status":"installing-updates","current":3,"total":6,"progress":35}
[2025-06-18 13:03:54.372] [info]  Splash.onStateUpdate: {"status":"installing-updates","current":3,"total":6,"progress":35}
[2025-06-18 13:03:54.373] [info]  DiscordSplash.onStateUpdate: {"status":"installing-updates","current":3,"total":6,"progress":35}
[2025-06-18 13:03:54.373] [info]  Splash.onStateUpdate: {"status":"installing-updates","current":3,"total":6,"progress":35}
[2025-06-18 13:03:54.373] [info]  DiscordSplash.onStateUpdate: {"status":"installing-updates","current":3,"total":6,"progress":35}
[2025-06-18 13:03:54.374] [info]  Splash.onStateUpdate: {"status":"installing-updates","current":3,"total":6,"progress":35}
[2025-06-18 13:03:54.374] [info]  DiscordSplash.onStateUpdate: {"status":"installing-updates","current":3,"total":6,"progress":36}
[2025-06-18 13:03:54.375] [info]  Splash.onStateUpdate: {"status":"installing-updates","current":3,"total":6,"progress":36}
[2025-06-18 13:03:54.376] [info]  DiscordSplash.onStateUpdate: {"status":"installing-updates","current":3,"total":6,"progress":36}
[2025-06-18 13:03:54.376] [info]  Splash.onStateUpdate: {"status":"installing-updates","current":3,"total":6,"progress":36}
[2025-06-18 13:03:54.377] [info]  DiscordSplash.onStateUpdate: {"status":"installing-updates","current":3,"total":6,"progress":36}
[2025-06-18 13:03:54.377] [info]  Splash.onStateUpdate: {"status":"installing-updates","current":3,"total":6,"progress":36}
[2025-06-18 13:03:54.378] [info]  DiscordSplash.onStateUpdate: {"status":"installing-updates","current":3,"total":6,"progress":36}
[2025-06-18 13:03:54.378] [info]  Splash.onStateUpdate: {"status":"installing-updates","current":3,"total":6,"progress":36}
[2025-06-18 13:03:54.379] [info]  DiscordSplash.onStateUpdate: {"status":"installing-updates","current":3,"total":6,"progress":36}
[2025-06-18 13:03:54.379] [info]  Splash.onStateUpdate: {"status":"installing-updates","current":3,"total":6,"progress":36}
[2025-06-18 13:03:54.380] [info]  DiscordSplash.onStateUpdate: {"status":"installing-updates","current":3,"total":6,"progress":36}
[2025-06-18 13:03:54.380] [info]  Splash.onStateUpdate: {"status":"installing-updates","current":3,"total":6,"progress":36}
[2025-06-18 13:03:54.381] [info]  DiscordSplash.onStateUpdate: {"status":"installing-updates","current":3,"total":6,"progress":37}
[2025-06-18 13:03:54.381] [info]  Splash.onStateUpdate: {"status":"installing-updates","current":3,"total":6,"progress":37}
[2025-06-18 13:03:54.382] [info]  DiscordSplash.onStateUpdate: {"status":"installing-updates","current":3,"total":6,"progress":37}
[2025-06-18 13:03:54.382] [info]  Splash.onStateUpdate: {"status":"installing-updates","current":3,"total":6,"progress":37}
[2025-06-18 13:03:54.383] [info]  DiscordSplash.onStateUpdate: {"status":"installing-updates","current":3,"total":6,"progress":37}
[2025-06-18 13:03:54.383] [info]  Splash.onStateUpdate: {"status":"installing-updates","current":3,"total":6,"progress":37}
[2025-06-18 13:03:54.384] [info]  DiscordSplash.onStateUpdate: {"status":"installing-updates","current":3,"total":6,"progress":37}
[2025-06-18 13:03:54.384] [info]  Splash.onStateUpdate: {"status":"installing-updates","current":3,"total":6,"progress":37}
[2025-06-18 13:03:54.385] [info]  DiscordSplash.onStateUpdate: {"status":"installing-updates","current":3,"total":6,"progress":37}
[2025-06-18 13:03:54.385] [info]  Splash.onStateUpdate: {"status":"installing-updates","current":3,"total":6,"progress":37}
[2025-06-18 13:03:54.386] [info]  DiscordSplash.onStateUpdate: {"status":"installing-updates","current":3,"total":6,"progress":37}
[2025-06-18 13:03:54.386] [info]  Splash.onStateUpdate: {"status":"installing-updates","current":3,"total":6,"progress":37}
[2025-06-18 13:03:54.386] [info]  DiscordSplash.onStateUpdate: {"status":"installing-updates","current":3,"total":6,"progress":38}
[2025-06-18 13:03:54.387] [info]  Splash.onStateUpdate: {"status":"installing-updates","current":3,"total":6,"progress":38}
[2025-06-18 13:03:54.387] [info]  DiscordSplash.onStateUpdate: {"status":"installing-updates","current":3,"total":6,"progress":38}
[2025-06-18 13:03:54.387] [info]  Splash.onStateUpdate: {"status":"installing-updates","current":3,"total":6,"progress":38}
[2025-06-18 13:03:54.388] [info]  DiscordSplash.onStateUpdate: {"status":"installing-updates","current":3,"total":6,"progress":38}
[2025-06-18 13:03:54.388] [info]  Splash.onStateUpdate: {"status":"installing-updates","current":3,"total":6,"progress":38}
[2025-06-18 13:03:54.389] [info]  DiscordSplash.onStateUpdate: {"status":"installing-updates","current":3,"total":6,"progress":38}
[2025-06-18 13:03:54.389] [info]  Splash.onStateUpdate: {"status":"installing-updates","current":3,"total":6,"progress":38}
[2025-06-18 13:03:54.390] [info]  DiscordSplash.onStateUpdate: {"status":"installing-updates","current":3,"total":6,"progress":38}
[2025-06-18 13:03:54.390] [info]  Splash.onStateUpdate: {"status":"installing-updates","current":3,"total":6,"progress":38}
[2025-06-18 13:03:54.391] [info]  DiscordSplash.onStateUpdate: {"status":"installing-updates","current":3,"total":6,"progress":38}
[2025-06-18 13:03:54.391] [info]  Splash.onStateUpdate: {"status":"installing-updates","current":3,"total":6,"progress":38}
[2025-06-18 13:03:54.392] [info]  DiscordSplash.onStateUpdate: {"status":"installing-updates","current":3,"total":6,"progress":39}
[2025-06-18 13:03:54.392] [info]  Splash.onStateUpdate: {"status":"installing-updates","current":3,"total":6,"progress":39}
[2025-06-18 13:03:54.393] [info]  DiscordSplash.onStateUpdate: {"status":"installing-updates","current":3,"total":6,"progress":39}
[2025-06-18 13:03:54.393] [info]  Splash.onStateUpdate: {"status":"installing-updates","current":3,"total":6,"progress":39}
[2025-06-18 13:03:54.394] [info]  DiscordSplash.onStateUpdate: {"status":"installing-updates","current":3,"total":6,"progress":39}
[2025-06-18 13:03:54.394] [info]  Splash.onStateUpdate: {"status":"installing-updates","current":3,"total":6,"progress":39}
[2025-06-18 13:03:54.395] [info]  DiscordSplash.onStateUpdate: {"status":"installing-updates","current":3,"total":6,"progress":39}
[2025-06-18 13:03:54.395] [info]  Splash.onStateUpdate: {"status":"installing-updates","current":3,"total":6,"progress":39}
[2025-06-18 13:03:54.397] [info]  DiscordSplash.onStateUpdate: {"status":"installing-updates","current":3,"total":6,"progress":39}
[2025-06-18 13:03:54.397] [info]  Splash.onStateUpdate: {"status":"installing-updates","current":3,"total":6,"progress":39}
[2025-06-18 13:03:54.398] [info]  DiscordSplash.onStateUpdate: {"status":"installing-updates","current":3,"total":6,"progress":39}
[2025-06-18 13:03:54.399] [info]  Splash.onStateUpdate: {"status":"installing-updates","current":3,"total":6,"progress":39}
[2025-06-18 13:03:54.400] [info]  DiscordSplash.onStateUpdate: {"status":"installing-updates","current":3,"total":6,"progress":40}
[2025-06-18 13:03:54.400] [info]  Splash.onStateUpdate: {"status":"installing-updates","current":3,"total":6,"progress":40}
[2025-06-18 13:03:54.400] [info]  DiscordSplash.onStateUpdate: {"status":"installing-updates","current":3,"total":6,"progress":40}
[2025-06-18 13:03:54.400] [info]  Splash.onStateUpdate: {"status":"installing-updates","current":3,"total":6,"progress":40}
[2025-06-18 13:03:54.401] [info]  DiscordSplash.onStateUpdate: {"status":"installing-updates","current":3,"total":6,"progress":40}
[2025-06-18 13:03:54.401] [info]  Splash.onStateUpdate: {"status":"installing-updates","current":3,"total":6,"progress":40}
[2025-06-18 13:03:54.402] [info]  DiscordSplash.onStateUpdate: {"status":"installing-updates","current":3,"total":6,"progress":40}
[2025-06-18 13:03:54.402] [info]  Splash.onStateUpdate: {"status":"installing-updates","current":3,"total":6,"progress":40}
[2025-06-18 13:03:54.403] [info]  DiscordSplash.onStateUpdate: {"status":"installing-updates","current":3,"total":6,"progress":40}
[2025-06-18 13:03:54.403] [info]  Splash.onStateUpdate: {"status":"installing-updates","current":3,"total":6,"progress":40}
[2025-06-18 13:03:54.404] [info]  DiscordSplash.onStateUpdate: {"status":"installing-updates","current":3,"total":6,"progress":40}
[2025-06-18 13:03:54.404] [info]  Splash.onStateUpdate: {"status":"installing-updates","current":3,"total":6,"progress":40}
[2025-06-18 13:03:54.404] [info]  DiscordSplash.onStateUpdate: {"status":"installing-updates","current":3,"total":6,"progress":41}
[2025-06-18 13:03:54.405] [info]  Splash.onStateUpdate: {"status":"installing-updates","current":3,"total":6,"progress":41}
[2025-06-18 13:03:54.405] [info]  DiscordSplash.onStateUpdate: {"status":"installing-updates","current":3,"total":6,"progress":41}
[2025-06-18 13:03:54.405] [info]  Splash.onStateUpdate: {"status":"installing-updates","current":3,"total":6,"progress":41}
[2025-06-18 13:03:54.406] [info]  DiscordSplash.onStateUpdate: {"status":"installing-updates","current":3,"total":6,"progress":41}
[2025-06-18 13:03:54.406] [info]  Splash.onStateUpdate: {"status":"installing-updates","current":3,"total":6,"progress":41}
[2025-06-18 13:03:54.407] [info]  DiscordSplash.onStateUpdate: {"status":"installing-updates","current":3,"total":6,"progress":41}
[2025-06-18 13:03:54.407] [info]  Splash.onStateUpdate: {"status":"installing-updates","current":3,"total":6,"progress":41}
[2025-06-18 13:03:54.408] [info]  DiscordSplash.onStateUpdate: {"status":"installing-updates","current":3,"total":6,"progress":41}
[2025-06-18 13:03:54.408] [info]  Splash.onStateUpdate: {"status":"installing-updates","current":3,"total":6,"progress":41}
[2025-06-18 13:03:54.409] [info]  DiscordSplash.onStateUpdate: {"status":"installing-updates","current":3,"total":6,"progress":41}
[2025-06-18 13:03:54.409] [info]  Splash.onStateUpdate: {"status":"installing-updates","current":3,"total":6,"progress":41}
[2025-06-18 13:03:54.409] [info]  DiscordSplash.onStateUpdate: {"status":"installing-updates","current":3,"total":6,"progress":41}
[2025-06-18 13:03:54.409] [info]  Splash.onStateUpdate: {"status":"installing-updates","current":3,"total":6,"progress":41}
[2025-06-18 13:03:54.410] [info]  DiscordSplash.onStateUpdate: {"status":"installing-updates","current":3,"total":6,"progress":42}
[2025-06-18 13:03:54.410] [info]  Splash.onStateUpdate: {"status":"installing-updates","current":3,"total":6,"progress":42}
[2025-06-18 13:03:54.411] [info]  DiscordSplash.onStateUpdate: {"status":"installing-updates","current":3,"total":6,"progress":42}
[2025-06-18 13:03:54.411] [info]  Splash.onStateUpdate: {"status":"installing-updates","current":3,"total":6,"progress":42}
[2025-06-18 13:03:54.412] [info]  DiscordSplash.onStateUpdate: {"status":"installing-updates","current":3,"total":6,"progress":42}
[2025-06-18 13:03:54.412] [info]  Splash.onStateUpdate: {"status":"installing-updates","current":3,"total":6,"progress":42}
[2025-06-18 13:03:54.413] [info]  DiscordSplash.onStateUpdate: {"status":"installing-updates","current":3,"total":6,"progress":42}
[2025-06-18 13:03:54.413] [info]  Splash.onStateUpdate: {"status":"installing-updates","current":3,"total":6,"progress":42}
[2025-06-18 13:03:54.414] [info]  DiscordSplash.onStateUpdate: {"status":"installing-updates","current":3,"total":6,"progress":42}
[2025-06-18 13:03:54.414] [info]  Splash.onStateUpdate: {"status":"installing-updates","current":3,"total":6,"progress":42}
[2025-06-18 13:03:54.414] [info]  DiscordSplash.onStateUpdate: {"status":"installing-updates","current":3,"total":6,"progress":42}
[2025-06-18 13:03:54.414] [info]  Splash.onStateUpdate: {"status":"installing-updates","current":3,"total":6,"progress":42}
[2025-06-18 13:03:54.415] [info]  DiscordSplash.onStateUpdate: {"status":"installing-updates","current":3,"total":6,"progress":43}
[2025-06-18 13:03:54.415] [info]  Splash.onStateUpdate: {"status":"installing-updates","current":3,"total":6,"progress":43}
[2025-06-18 13:03:54.417] [info]  DiscordSplash.onStateUpdate: {"status":"installing-updates","current":3,"total":6,"progress":43}
[2025-06-18 13:03:54.417] [info]  Splash.onStateUpdate: {"status":"installing-updates","current":3,"total":6,"progress":43}
[2025-06-18 13:03:54.417] [info]  DiscordSplash.onStateUpdate: {"status":"installing-updates","current":3,"total":6,"progress":43}
[2025-06-18 13:03:54.417] [info]  Splash.onStateUpdate: {"status":"installing-updates","current":3,"total":6,"progress":43}
[2025-06-18 13:03:54.418] [info]  DiscordSplash.onStateUpdate: {"status":"installing-updates","current":3,"total":6,"progress":43}
[2025-06-18 13:03:54.418] [info]  Splash.onStateUpdate: {"status":"installing-updates","current":3,"total":6,"progress":43}
[2025-06-18 13:03:54.419] [info]  DiscordSplash.onStateUpdate: {"status":"installing-updates","current":3,"total":6,"progress":43}
[2025-06-18 13:03:54.419] [info]  Splash.onStateUpdate: {"status":"installing-updates","current":3,"total":6,"progress":43}
[2025-06-18 13:03:54.420] [info]  DiscordSplash.onStateUpdate: {"status":"installing-updates","current":3,"total":6,"progress":43}
[2025-06-18 13:03:54.420] [info]  Splash.onStateUpdate: {"status":"installing-updates","current":3,"total":6,"progress":43}
[2025-06-18 13:03:54.421] [info]  DiscordSplash.onStateUpdate: {"status":"installing-updates","current":3,"total":6,"progress":44}
[2025-06-18 13:03:54.421] [info]  Splash.onStateUpdate: {"status":"installing-updates","current":3,"total":6,"progress":44}
[2025-06-18 13:03:54.422] [info]  DiscordSplash.onStateUpdate: {"status":"installing-updates","current":3,"total":6,"progress":44}
[2025-06-18 13:03:54.422] [info]  Splash.onStateUpdate: {"status":"installing-updates","current":3,"total":6,"progress":44}
[2025-06-18 13:03:54.423] [info]  DiscordSplash.onStateUpdate: {"status":"installing-updates","current":3,"total":6,"progress":44}
[2025-06-18 13:03:54.423] [info]  Splash.onStateUpdate: {"status":"installing-updates","current":3,"total":6,"progress":44}
[2025-06-18 13:03:54.424] [info]  DiscordSplash.onStateUpdate: {"status":"installing-updates","current":3,"total":6,"progress":44}
[2025-06-18 13:03:54.424] [info]  Splash.onStateUpdate: {"status":"installing-updates","current":3,"total":6,"progress":44}
[2025-06-18 13:03:54.425] [info]  DiscordSplash.onStateUpdate: {"status":"installing-updates","current":3,"total":6,"progress":44}
[2025-06-18 13:03:54.425] [info]  Splash.onStateUpdate: {"status":"installing-updates","current":3,"total":6,"progress":44}
[2025-06-18 13:03:54.425] [info]  DiscordSplash.onStateUpdate: {"status":"installing-updates","current":3,"total":6,"progress":44}
[2025-06-18 13:03:54.425] [info]  Splash.onStateUpdate: {"status":"installing-updates","current":3,"total":6,"progress":44}
[2025-06-18 13:03:54.426] [info]  DiscordSplash.onStateUpdate: {"status":"installing-updates","current":3,"total":6,"progress":45}
[2025-06-18 13:03:54.426] [info]  Splash.onStateUpdate: {"status":"installing-updates","current":3,"total":6,"progress":45}
[2025-06-18 13:03:54.427] [info]  DiscordSplash.onStateUpdate: {"status":"installing-updates","current":3,"total":6,"progress":45}
[2025-06-18 13:03:54.427] [info]  Splash.onStateUpdate: {"status":"installing-updates","current":3,"total":6,"progress":45}
[2025-06-18 13:03:54.428] [info]  DiscordSplash.onStateUpdate: {"status":"installing-updates","current":3,"total":6,"progress":45}
[2025-06-18 13:03:54.428] [info]  Splash.onStateUpdate: {"status":"installing-updates","current":3,"total":6,"progress":45}
[2025-06-18 13:03:54.429] [info]  DiscordSplash.onStateUpdate: {"status":"installing-updates","current":3,"total":6,"progress":45}
[2025-06-18 13:03:54.429] [info]  Splash.onStateUpdate: {"status":"installing-updates","current":3,"total":6,"progress":45}
[2025-06-18 13:03:54.429] [info]  DiscordSplash.onStateUpdate: {"status":"installing-updates","current":3,"total":6,"progress":45}
[2025-06-18 13:03:54.429] [info]  Splash.onStateUpdate: {"status":"installing-updates","current":3,"total":6,"progress":45}
[2025-06-18 13:03:54.430] [info]  DiscordSplash.onStateUpdate: {"status":"installing-updates","current":3,"total":6,"progress":45}
[2025-06-18 13:03:54.430] [info]  Splash.onStateUpdate: {"status":"installing-updates","current":3,"total":6,"progress":45}
[2025-06-18 13:03:54.431] [info]  DiscordSplash.onStateUpdate: {"status":"installing-updates","current":3,"total":6,"progress":46}
[2025-06-18 13:03:54.431] [info]  Splash.onStateUpdate: {"status":"installing-updates","current":3,"total":6,"progress":46}
[2025-06-18 13:03:54.432] [info]  DiscordSplash.onStateUpdate: {"status":"installing-updates","current":3,"total":6,"progress":46}
[2025-06-18 13:03:54.432] [info]  Splash.onStateUpdate: {"status":"installing-updates","current":3,"total":6,"progress":46}
[2025-06-18 13:03:54.433] [info]  DiscordSplash.onStateUpdate: {"status":"installing-updates","current":3,"total":6,"progress":46}
[2025-06-18 13:03:54.433] [info]  Splash.onStateUpdate: {"status":"installing-updates","current":3,"total":6,"progress":46}
[2025-06-18 13:03:54.434] [info]  DiscordSplash.onStateUpdate: {"status":"installing-updates","current":3,"total":6,"progress":46}
[2025-06-18 13:03:54.434] [info]  Splash.onStateUpdate: {"status":"installing-updates","current":3,"total":6,"progress":46}
[2025-06-18 13:03:54.434] [info]  DiscordSplash.onStateUpdate: {"status":"installing-updates","current":3,"total":6,"progress":46}
[2025-06-18 13:03:54.434] [info]  Splash.onStateUpdate: {"status":"installing-updates","current":3,"total":6,"progress":46}
[2025-06-18 13:03:54.435] [info]  DiscordSplash.onStateUpdate: {"status":"installing-updates","current":3,"total":6,"progress":46}
[2025-06-18 13:03:54.435] [info]  Splash.onStateUpdate: {"status":"installing-updates","current":3,"total":6,"progress":46}
[2025-06-18 13:03:54.436] [info]  DiscordSplash.onStateUpdate: {"status":"installing-updates","current":3,"total":6,"progress":47}
[2025-06-18 13:03:54.436] [info]  Splash.onStateUpdate: {"status":"installing-updates","current":3,"total":6,"progress":47}
[2025-06-18 13:03:54.437] [info]  DiscordSplash.onStateUpdate: {"status":"installing-updates","current":3,"total":6,"progress":47}
[2025-06-18 13:03:54.437] [info]  Splash.onStateUpdate: {"status":"installing-updates","current":3,"total":6,"progress":47}
[2025-06-18 13:03:54.438] [info]  DiscordSplash.onStateUpdate: {"status":"installing-updates","current":3,"total":6,"progress":47}
[2025-06-18 13:03:54.438] [info]  Splash.onStateUpdate: {"status":"installing-updates","current":3,"total":6,"progress":47}
[2025-06-18 13:03:54.439] [info]  DiscordSplash.onStateUpdate: {"status":"installing-updates","current":3,"total":6,"progress":47}
[2025-06-18 13:03:54.439] [info]  Splash.onStateUpdate: {"status":"installing-updates","current":3,"total":6,"progress":47}
[2025-06-18 13:03:54.440] [info]  DiscordSplash.onStateUpdate: {"status":"installing-updates","current":3,"total":6,"progress":47}
[2025-06-18 13:03:54.440] [info]  Splash.onStateUpdate: {"status":"installing-updates","current":3,"total":6,"progress":47}
[2025-06-18 13:03:54.440] [info]  DiscordSplash.onStateUpdate: {"status":"installing-updates","current":3,"total":6,"progress":47}
[2025-06-18 13:03:54.440] [info]  Splash.onStateUpdate: {"status":"installing-updates","current":3,"total":6,"progress":47}
[2025-06-18 13:03:54.441] [info]  DiscordSplash.onStateUpdate: {"status":"installing-updates","current":3,"total":6,"progress":47}
[2025-06-18 13:03:54.441] [info]  Splash.onStateUpdate: {"status":"installing-updates","current":3,"total":6,"progress":47}
[2025-06-18 13:03:54.442] [info]  DiscordSplash.onStateUpdate: {"status":"installing-updates","current":3,"total":6,"progress":48}
[2025-06-18 13:03:54.442] [info]  Splash.onStateUpdate: {"status":"installing-updates","current":3,"total":6,"progress":48}
[2025-06-18 13:03:54.443] [info]  DiscordSplash.onStateUpdate: {"status":"installing-updates","current":3,"total":6,"progress":48}
[2025-06-18 13:03:54.443] [info]  Splash.onStateUpdate: {"status":"installing-updates","current":3,"total":6,"progress":48}
[2025-06-18 13:03:54.444] [info]  DiscordSplash.onStateUpdate: {"status":"installing-updates","current":3,"total":6,"progress":48}
[2025-06-18 13:03:54.444] [info]  Splash.onStateUpdate: {"status":"installing-updates","current":3,"total":6,"progress":48}
[2025-06-18 13:03:54.445] [info]  DiscordSplash.onStateUpdate: {"status":"installing-updates","current":3,"total":6,"progress":48}
[2025-06-18 13:03:54.445] [info]  Splash.onStateUpdate: {"status":"installing-updates","current":3,"total":6,"progress":48}
[2025-06-18 13:03:54.446] [info]  DiscordSplash.onStateUpdate: {"status":"installing-updates","current":3,"total":6,"progress":48}
[2025-06-18 13:03:54.446] [info]  Splash.onStateUpdate: {"status":"installing-updates","current":3,"total":6,"progress":48}
[2025-06-18 13:03:54.447] [info]  DiscordSplash.onStateUpdate: {"status":"installing-updates","current":3,"total":6,"progress":48}
[2025-06-18 13:03:54.447] [info]  Splash.onStateUpdate: {"status":"installing-updates","current":3,"total":6,"progress":48}
[2025-06-18 13:03:54.448] [info]  DiscordSplash.onStateUpdate: {"status":"installing-updates","current":3,"total":6,"progress":49}
[2025-06-18 13:03:54.448] [info]  Splash.onStateUpdate: {"status":"installing-updates","current":3,"total":6,"progress":49}
[2025-06-18 13:03:54.450] [info]  DiscordSplash.onStateUpdate: {"status":"installing-updates","current":3,"total":6,"progress":49}
[2025-06-18 13:03:54.450] [info]  Splash.onStateUpdate: {"status":"installing-updates","current":3,"total":6,"progress":49}
[2025-06-18 13:03:54.451] [info]  DiscordSplash.onStateUpdate: {"status":"installing-updates","current":3,"total":6,"progress":49}
[2025-06-18 13:03:54.451] [info]  Splash.onStateUpdate: {"status":"installing-updates","current":3,"total":6,"progress":49}
[2025-06-18 13:03:54.452] [info]  DiscordSplash.onStateUpdate: {"status":"installing-updates","current":3,"total":6,"progress":49}
[2025-06-18 13:03:54.452] [info]  Splash.onStateUpdate: {"status":"installing-updates","current":3,"total":6,"progress":49}
[2025-06-18 13:03:54.453] [info]  DiscordSplash.onStateUpdate: {"status":"installing-updates","current":3,"total":6,"progress":49}
[2025-06-18 13:03:54.453] [info]  Splash.onStateUpdate: {"status":"installing-updates","current":3,"total":6,"progress":49}
[2025-06-18 13:03:54.454] [info]  DiscordSplash.onStateUpdate: {"status":"installing-updates","current":3,"total":6,"progress":49}
[2025-06-18 13:03:54.454] [info]  Splash.onStateUpdate: {"status":"installing-updates","current":3,"total":6,"progress":49}
[2025-06-18 13:03:54.455] [info]  DiscordSplash.onStateUpdate: {"status":"installing-updates","current":3,"total":6,"progress":50}
[2025-06-18 13:03:54.455] [info]  Splash.onStateUpdate: {"status":"installing-updates","current":3,"total":6,"progress":50}
[2025-06-18 13:03:54.456] [info]  DiscordSplash.onStateUpdate: {"status":"installing-updates","current":3,"total":6,"progress":50}
[2025-06-18 13:03:54.456] [info]  Splash.onStateUpdate: {"status":"installing-updates","current":3,"total":6,"progress":50}
[2025-06-18 13:03:54.456] [info]  DiscordSplash.onStateUpdate: {"status":"installing-updates","current":3,"total":6,"progress":50}
[2025-06-18 13:03:54.457] [info]  Splash.onStateUpdate: {"status":"installing-updates","current":3,"total":6,"progress":50}
[2025-06-18 13:03:54.457] [info]  DiscordSplash.onStateUpdate: {"status":"installing-updates","current":3,"total":6,"progress":50}
[2025-06-18 13:03:54.457] [info]  Splash.onStateUpdate: {"status":"installing-updates","current":3,"total":6,"progress":50}
[2025-06-18 13:03:54.458] [info]  DiscordSplash.onStateUpdate: {"status":"installing-updates","current":3,"total":6,"progress":50}
[2025-06-18 13:03:54.458] [info]  Splash.onStateUpdate: {"status":"installing-updates","current":3,"total":6,"progress":50}
[2025-06-18 13:03:54.459] [info]  DiscordSplash.onStateUpdate: {"status":"installing-updates","current":3,"total":6,"progress":50}
[2025-06-18 13:03:54.459] [info]  Splash.onStateUpdate: {"status":"installing-updates","current":3,"total":6,"progress":50}
[2025-06-18 13:03:54.460] [info]  DiscordSplash.onStateUpdate: {"status":"installing-updates","current":3,"total":6,"progress":51}
[2025-06-18 13:03:54.460] [info]  Splash.onStateUpdate: {"status":"installing-updates","current":3,"total":6,"progress":51}
[2025-06-18 13:03:54.461] [info]  DiscordSplash.onStateUpdate: {"status":"installing-updates","current":3,"total":6,"progress":51}
[2025-06-18 13:03:54.461] [info]  Splash.onStateUpdate: {"status":"installing-updates","current":3,"total":6,"progress":51}
[2025-06-18 13:03:54.462] [info]  DiscordSplash.onStateUpdate: {"status":"installing-updates","current":3,"total":6,"progress":51}
[2025-06-18 13:03:54.462] [info]  Splash.onStateUpdate: {"status":"installing-updates","current":3,"total":6,"progress":51}
[2025-06-18 13:03:54.462] [info]  DiscordSplash.onStateUpdate: {"status":"installing-updates","current":3,"total":6,"progress":51}
[2025-06-18 13:03:54.463] [info]  Splash.onStateUpdate: {"status":"installing-updates","current":3,"total":6,"progress":51}
[2025-06-18 13:03:54.464] [info]  DiscordSplash.onStateUpdate: {"status":"installing-updates","current":3,"total":6,"progress":51}
[2025-06-18 13:03:54.464] [info]  Splash.onStateUpdate: {"status":"installing-updates","current":3,"total":6,"progress":51}
[2025-06-18 13:03:54.465] [info]  DiscordSplash.onStateUpdate: {"status":"installing-updates","current":3,"total":6,"progress":51}
[2025-06-18 13:03:54.465] [info]  Splash.onStateUpdate: {"status":"installing-updates","current":3,"total":6,"progress":51}
[2025-06-18 13:03:54.465] [info]  DiscordSplash.onStateUpdate: {"status":"installing-updates","current":3,"total":6,"progress":52}
[2025-06-18 13:03:54.466] [info]  Splash.onStateUpdate: {"status":"installing-updates","current":3,"total":6,"progress":52}
[2025-06-18 13:03:54.466] [info]  DiscordSplash.onStateUpdate: {"status":"installing-updates","current":3,"total":6,"progress":52}
[2025-06-18 13:03:54.467] [info]  Splash.onStateUpdate: {"status":"installing-updates","current":3,"total":6,"progress":52}
[2025-06-18 13:03:54.468] [info]  DiscordSplash.onStateUpdate: {"status":"installing-updates","current":3,"total":6,"progress":52}
[2025-06-18 13:03:54.468] [info]  Splash.onStateUpdate: {"status":"installing-updates","current":3,"total":6,"progress":52}
[2025-06-18 13:03:54.469] [info]  DiscordSplash.onStateUpdate: {"status":"installing-updates","current":3,"total":6,"progress":52}
[2025-06-18 13:03:54.469] [info]  Splash.onStateUpdate: {"status":"installing-updates","current":3,"total":6,"progress":52}
[2025-06-18 13:03:54.469] [info]  DiscordSplash.onStateUpdate: {"status":"installing-updates","current":3,"total":6,"progress":52}
[2025-06-18 13:03:54.470] [info]  Splash.onStateUpdate: {"status":"installing-updates","current":3,"total":6,"progress":52}
[2025-06-18 13:03:54.470] [info]  DiscordSplash.onStateUpdate: {"status":"installing-updates","current":3,"total":6,"progress":52}
[2025-06-18 13:03:54.470] [info]  Splash.onStateUpdate: {"status":"installing-updates","current":3,"total":6,"progress":52}
[2025-06-18 13:03:54.471] [info]  DiscordSplash.onStateUpdate: {"status":"installing-updates","current":3,"total":6,"progress":52}
[2025-06-18 13:03:54.471] [info]  Splash.onStateUpdate: {"status":"installing-updates","current":3,"total":6,"progress":52}
[2025-06-18 13:03:54.473] [info]  DiscordSplash.onStateUpdate: {"status":"installing-updates","current":3,"total":6,"progress":53}
[2025-06-18 13:03:54.474] [info]  Splash.onStateUpdate: {"status":"installing-updates","current":3,"total":6,"progress":53}
[2025-06-18 13:03:54.475] [info]  DiscordSplash.onStateUpdate: {"status":"installing-updates","current":3,"total":6,"progress":53}
[2025-06-18 13:03:54.475] [info]  Splash.onStateUpdate: {"status":"installing-updates","current":3,"total":6,"progress":53}
[2025-06-18 13:03:54.476] [info]  DiscordSplash.onStateUpdate: {"status":"installing-updates","current":3,"total":6,"progress":53}
[2025-06-18 13:03:54.476] [info]  Splash.onStateUpdate: {"status":"installing-updates","current":3,"total":6,"progress":53}
[2025-06-18 13:03:54.477] [info]  DiscordSplash.onStateUpdate: {"status":"installing-updates","current":3,"total":6,"progress":53}
[2025-06-18 13:03:54.477] [info]  Splash.onStateUpdate: {"status":"installing-updates","current":3,"total":6,"progress":53}
[2025-06-18 13:03:54.478] [info]  DiscordSplash.onStateUpdate: {"status":"installing-updates","current":3,"total":6,"progress":53}
[2025-06-18 13:03:54.478] [info]  Splash.onStateUpdate: {"status":"installing-updates","current":3,"total":6,"progress":53}
[2025-06-18 13:03:54.479] [info]  DiscordSplash.onStateUpdate: {"status":"installing-updates","current":3,"total":6,"progress":53}
[2025-06-18 13:03:54.479] [info]  Splash.onStateUpdate: {"status":"installing-updates","current":3,"total":6,"progress":53}
[2025-06-18 13:03:54.480] [info]  DiscordSplash.onStateUpdate: {"status":"installing-updates","current":3,"total":6,"progress":54}
[2025-06-18 13:03:54.480] [info]  Splash.onStateUpdate: {"status":"installing-updates","current":3,"total":6,"progress":54}
[2025-06-18 13:03:54.481] [info]  DiscordSplash.onStateUpdate: {"status":"installing-updates","current":3,"total":6,"progress":54}
[2025-06-18 13:03:54.481] [info]  Splash.onStateUpdate: {"status":"installing-updates","current":3,"total":6,"progress":54}
[2025-06-18 13:03:54.481] [info]  DiscordSplash.onStateUpdate: {"status":"installing-updates","current":3,"total":6,"progress":54}
[2025-06-18 13:03:54.482] [info]  Splash.onStateUpdate: {"status":"installing-updates","current":3,"total":6,"progress":54}
[2025-06-18 13:03:54.483] [info]  DiscordSplash.onStateUpdate: {"status":"installing-updates","current":3,"total":6,"progress":54}
[2025-06-18 13:03:54.483] [info]  Splash.onStateUpdate: {"status":"installing-updates","current":3,"total":6,"progress":54}
[2025-06-18 13:03:54.483] [info]  DiscordSplash.onStateUpdate: {"status":"installing-updates","current":3,"total":6,"progress":54}
[2025-06-18 13:03:54.484] [info]  Splash.onStateUpdate: {"status":"installing-updates","current":3,"total":6,"progress":54}
[2025-06-18 13:03:54.484] [info]  DiscordSplash.onStateUpdate: {"status":"installing-updates","current":3,"total":6,"progress":54}
[2025-06-18 13:03:54.484] [info]  Splash.onStateUpdate: {"status":"installing-updates","current":3,"total":6,"progress":54}
[2025-06-18 13:03:54.485] [info]  DiscordSplash.onStateUpdate: {"status":"installing-updates","current":3,"total":6,"progress":55}
[2025-06-18 13:03:54.485] [info]  Splash.onStateUpdate: {"status":"installing-updates","current":3,"total":6,"progress":55}
[2025-06-18 13:03:54.486] [info]  DiscordSplash.onStateUpdate: {"status":"installing-updates","current":3,"total":6,"progress":55}
[2025-06-18 13:03:54.486] [info]  Splash.onStateUpdate: {"status":"installing-updates","current":3,"total":6,"progress":55}
[2025-06-18 13:03:54.487] [info]  DiscordSplash.onStateUpdate: {"status":"installing-updates","current":3,"total":6,"progress":55}
[2025-06-18 13:03:54.487] [info]  Splash.onStateUpdate: {"status":"installing-updates","current":3,"total":6,"progress":55}
[2025-06-18 13:03:54.487] [info]  DiscordSplash.onStateUpdate: {"status":"installing-updates","current":3,"total":6,"progress":55}
[2025-06-18 13:03:54.488] [info]  Splash.onStateUpdate: {"status":"installing-updates","current":3,"total":6,"progress":55}
[2025-06-18 13:03:54.488] [info]  DiscordSplash.onStateUpdate: {"status":"installing-updates","current":3,"total":6,"progress":55}
[2025-06-18 13:03:54.488] [info]  Splash.onStateUpdate: {"status":"installing-updates","current":3,"total":6,"progress":55}
[2025-06-18 13:03:54.489] [info]  DiscordSplash.onStateUpdate: {"status":"installing-updates","current":3,"total":6,"progress":55}
[2025-06-18 13:03:54.489] [info]  Splash.onStateUpdate: {"status":"installing-updates","current":3,"total":6,"progress":55}
[2025-06-18 13:03:54.490] [info]  DiscordSplash.onStateUpdate: {"status":"installing-updates","current":3,"total":6,"progress":56}
[2025-06-18 13:03:54.490] [info]  Splash.onStateUpdate: {"status":"installing-updates","current":3,"total":6,"progress":56}
[2025-06-18 13:03:54.491] [info]  DiscordSplash.onStateUpdate: {"status":"installing-updates","current":3,"total":6,"progress":56}
[2025-06-18 13:03:54.491] [info]  Splash.onStateUpdate: {"status":"installing-updates","current":3,"total":6,"progress":56}
[2025-06-18 13:03:54.492] [info]  DiscordSplash.onStateUpdate: {"status":"installing-updates","current":3,"total":6,"progress":56}
[2025-06-18 13:03:54.492] [info]  Splash.onStateUpdate: {"status":"installing-updates","current":3,"total":6,"progress":56}
[2025-06-18 13:03:54.493] [info]  DiscordSplash.onStateUpdate: {"status":"installing-updates","current":3,"total":6,"progress":56}
[2025-06-18 13:03:54.493] [info]  Splash.onStateUpdate: {"status":"installing-updates","current":3,"total":6,"progress":56}
[2025-06-18 13:03:54.494] [info]  DiscordSplash.onStateUpdate: {"status":"installing-updates","current":3,"total":6,"progress":56}
[2025-06-18 13:03:54.494] [info]  Splash.onStateUpdate: {"status":"installing-updates","current":3,"total":6,"progress":56}
[2025-06-18 13:03:54.495] [info]  DiscordSplash.onStateUpdate: {"status":"installing-updates","current":3,"total":6,"progress":56}
[2025-06-18 13:03:54.495] [info]  Splash.onStateUpdate: {"status":"installing-updates","current":3,"total":6,"progress":56}
[2025-06-18 13:03:54.496] [info]  DiscordSplash.onStateUpdate: {"status":"installing-updates","current":3,"total":6,"progress":57}
[2025-06-18 13:03:54.496] [info]  Splash.onStateUpdate: {"status":"installing-updates","current":3,"total":6,"progress":57}
[2025-06-18 13:03:54.497] [info]  DiscordSplash.onStateUpdate: {"status":"installing-updates","current":3,"total":6,"progress":57}
[2025-06-18 13:03:54.497] [info]  Splash.onStateUpdate: {"status":"installing-updates","current":3,"total":6,"progress":57}
[2025-06-18 13:03:54.498] [info]  DiscordSplash.onStateUpdate: {"status":"installing-updates","current":3,"total":6,"progress":57}
[2025-06-18 13:03:54.498] [info]  Splash.onStateUpdate: {"status":"installing-updates","current":3,"total":6,"progress":57}
[2025-06-18 13:03:54.498] [info]  DiscordSplash.onStateUpdate: {"status":"installing-updates","current":3,"total":6,"progress":57}
[2025-06-18 13:03:54.499] [info]  Splash.onStateUpdate: {"status":"installing-updates","current":3,"total":6,"progress":57}
[2025-06-18 13:03:54.500] [info]  DiscordSplash.onStateUpdate: {"status":"installing-updates","current":3,"total":6,"progress":57}
[2025-06-18 13:03:54.500] [info]  Splash.onStateUpdate: {"status":"installing-updates","current":3,"total":6,"progress":57}
[2025-06-18 13:03:54.500] [info]  DiscordSplash.onStateUpdate: {"status":"installing-updates","current":3,"total":6,"progress":57}
[2025-06-18 13:03:54.501] [info]  Splash.onStateUpdate: {"status":"installing-updates","current":3,"total":6,"progress":57}
[2025-06-18 13:03:54.501] [info]  DiscordSplash.onStateUpdate: {"status":"installing-updates","current":3,"total":6,"progress":58}
[2025-06-18 13:03:54.501] [info]  Splash.onStateUpdate: {"status":"installing-updates","current":3,"total":6,"progress":58}
[2025-06-18 13:03:54.502] [info]  DiscordSplash.onStateUpdate: {"status":"installing-updates","current":3,"total":6,"progress":58}
[2025-06-18 13:03:54.502] [info]  Splash.onStateUpdate: {"status":"installing-updates","current":3,"total":6,"progress":58}
[2025-06-18 13:03:54.503] [info]  DiscordSplash.onStateUpdate: {"status":"installing-updates","current":3,"total":6,"progress":58}
[2025-06-18 13:03:54.503] [info]  Splash.onStateUpdate: {"status":"installing-updates","current":3,"total":6,"progress":58}
[2025-06-18 13:03:54.504] [info]  DiscordSplash.onStateUpdate: {"status":"installing-updates","current":3,"total":6,"progress":58}
[2025-06-18 13:03:54.504] [info]  Splash.onStateUpdate: {"status":"installing-updates","current":3,"total":6,"progress":58}
[2025-06-18 13:03:54.505] [info]  DiscordSplash.onStateUpdate: {"status":"installing-updates","current":3,"total":6,"progress":58}
[2025-06-18 13:03:54.505] [info]  Splash.onStateUpdate: {"status":"installing-updates","current":3,"total":6,"progress":58}
[2025-06-18 13:03:54.506] [info]  DiscordSplash.onStateUpdate: {"status":"installing-updates","current":3,"total":6,"progress":58}
[2025-06-18 13:03:54.506] [info]  Splash.onStateUpdate: {"status":"installing-updates","current":3,"total":6,"progress":58}
[2025-06-18 13:03:54.506] [info]  DiscordSplash.onStateUpdate: {"status":"installing-updates","current":3,"total":6,"progress":58}
[2025-06-18 13:03:54.506] [info]  Splash.onStateUpdate: {"status":"installing-updates","current":3,"total":6,"progress":58}
[2025-06-18 13:03:54.507] [info]  DiscordSplash.onStateUpdate: {"status":"installing-updates","current":3,"total":6,"progress":59}
[2025-06-18 13:03:54.507] [info]  Splash.onStateUpdate: {"status":"installing-updates","current":3,"total":6,"progress":59}
[2025-06-18 13:03:54.508] [info]  DiscordSplash.onStateUpdate: {"status":"installing-updates","current":3,"total":6,"progress":59}
[2025-06-18 13:03:54.508] [info]  Splash.onStateUpdate: {"status":"installing-updates","current":3,"total":6,"progress":59}
[2025-06-18 13:03:54.509] [info]  DiscordSplash.onStateUpdate: {"status":"installing-updates","current":3,"total":6,"progress":59}
[2025-06-18 13:03:54.509] [info]  Splash.onStateUpdate: {"status":"installing-updates","current":3,"total":6,"progress":59}
[2025-06-18 13:03:54.510] [info]  DiscordSplash.onStateUpdate: {"status":"installing-updates","current":3,"total":6,"progress":59}
[2025-06-18 13:03:54.510] [info]  Splash.onStateUpdate: {"status":"installing-updates","current":3,"total":6,"progress":59}
[2025-06-18 13:03:54.511] [info]  DiscordSplash.onStateUpdate: {"status":"installing-updates","current":3,"total":6,"progress":59}
[2025-06-18 13:03:54.511] [info]  Splash.onStateUpdate: {"status":"installing-updates","current":3,"total":6,"progress":59}
[2025-06-18 13:03:54.511] [info]  DiscordSplash.onStateUpdate: {"status":"installing-updates","current":3,"total":6,"progress":59}
[2025-06-18 13:03:54.512] [info]  Splash.onStateUpdate: {"status":"installing-updates","current":3,"total":6,"progress":59}
[2025-06-18 13:03:54.512] [info]  DiscordSplash.onStateUpdate: {"status":"installing-updates","current":3,"total":6,"progress":60}
[2025-06-18 13:03:54.512] [info]  Splash.onStateUpdate: {"status":"installing-updates","current":3,"total":6,"progress":60}
[2025-06-18 13:03:54.513] [info]  DiscordSplash.onStateUpdate: {"status":"installing-updates","current":3,"total":6,"progress":60}
[2025-06-18 13:03:54.513] [info]  Splash.onStateUpdate: {"status":"installing-updates","current":3,"total":6,"progress":60}
[2025-06-18 13:03:54.514] [info]  DiscordSplash.onStateUpdate: {"status":"installing-updates","current":3,"total":6,"progress":60}
[2025-06-18 13:03:54.514] [info]  Splash.onStateUpdate: {"status":"installing-updates","current":3,"total":6,"progress":60}
[2025-06-18 13:03:54.515] [info]  DiscordSplash.onStateUpdate: {"status":"installing-updates","current":3,"total":6,"progress":60}
[2025-06-18 13:03:54.515] [info]  Splash.onStateUpdate: {"status":"installing-updates","current":3,"total":6,"progress":60}
[2025-06-18 13:03:54.516] [info]  DiscordSplash.onStateUpdate: {"status":"installing-updates","current":3,"total":6,"progress":60}
[2025-06-18 13:03:54.516] [info]  Splash.onStateUpdate: {"status":"installing-updates","current":3,"total":6,"progress":60}
[2025-06-18 13:03:54.517] [info]  DiscordSplash.onStateUpdate: {"status":"installing-updates","current":3,"total":6,"progress":60}
[2025-06-18 13:03:54.517] [info]  Splash.onStateUpdate: {"status":"installing-updates","current":3,"total":6,"progress":60}
[2025-06-18 13:03:54.518] [info]  DiscordSplash.onStateUpdate: {"status":"installing-updates","current":3,"total":6,"progress":61}
[2025-06-18 13:03:54.518] [info]  Splash.onStateUpdate: {"status":"installing-updates","current":3,"total":6,"progress":61}
[2025-06-18 13:03:54.519] [info]  DiscordSplash.onStateUpdate: {"status":"installing-updates","current":3,"total":6,"progress":61}
[2025-06-18 13:03:54.519] [info]  Splash.onStateUpdate: {"status":"installing-updates","current":3,"total":6,"progress":61}
[2025-06-18 13:03:54.520] [info]  DiscordSplash.onStateUpdate: {"status":"installing-updates","current":3,"total":6,"progress":61}
[2025-06-18 13:03:54.520] [info]  Splash.onStateUpdate: {"status":"installing-updates","current":3,"total":6,"progress":61}
[2025-06-18 13:03:54.520] [info]  DiscordSplash.onStateUpdate: {"status":"installing-updates","current":3,"total":6,"progress":61}
[2025-06-18 13:03:54.521] [info]  Splash.onStateUpdate: {"status":"installing-updates","current":3,"total":6,"progress":61}
[2025-06-18 13:03:54.521] [info]  DiscordSplash.onStateUpdate: {"status":"installing-updates","current":3,"total":6,"progress":61}
[2025-06-18 13:03:54.521] [info]  Splash.onStateUpdate: {"status":"installing-updates","current":3,"total":6,"progress":61}
[2025-06-18 13:03:54.522] [info]  DiscordSplash.onStateUpdate: {"status":"installing-updates","current":3,"total":6,"progress":61}
[2025-06-18 13:03:54.522] [info]  Splash.onStateUpdate: {"status":"installing-updates","current":3,"total":6,"progress":61}
[2025-06-18 13:03:54.523] [info]  DiscordSplash.onStateUpdate: {"status":"installing-updates","current":3,"total":6,"progress":62}
[2025-06-18 13:03:54.523] [info]  Splash.onStateUpdate: {"status":"installing-updates","current":3,"total":6,"progress":62}
[2025-06-18 13:03:54.524] [info]  DiscordSplash.onStateUpdate: {"status":"installing-updates","current":3,"total":6,"progress":62}
[2025-06-18 13:03:54.524] [info]  Splash.onStateUpdate: {"status":"installing-updates","current":3,"total":6,"progress":62}
[2025-06-18 13:03:54.525] [info]  DiscordSplash.onStateUpdate: {"status":"installing-updates","current":3,"total":6,"progress":62}
[2025-06-18 13:03:54.525] [info]  Splash.onStateUpdate: {"status":"installing-updates","current":3,"total":6,"progress":62}
[2025-06-18 13:03:54.525] [info]  DiscordSplash.onStateUpdate: {"status":"installing-updates","current":3,"total":6,"progress":62}
[2025-06-18 13:03:54.526] [info]  Splash.onStateUpdate: {"status":"installing-updates","current":3,"total":6,"progress":62}
[2025-06-18 13:03:54.526] [info]  DiscordSplash.onStateUpdate: {"status":"installing-updates","current":3,"total":6,"progress":62}
[2025-06-18 13:03:54.526] [info]  Splash.onStateUpdate: {"status":"installing-updates","current":3,"total":6,"progress":62}
[2025-06-18 13:03:54.527] [info]  DiscordSplash.onStateUpdate: {"status":"installing-updates","current":3,"total":6,"progress":62}
[2025-06-18 13:03:54.527] [info]  Splash.onStateUpdate: {"status":"installing-updates","current":3,"total":6,"progress":62}
[2025-06-18 13:03:54.528] [info]  DiscordSplash.onStateUpdate: {"status":"installing-updates","current":3,"total":6,"progress":63}
[2025-06-18 13:03:54.528] [info]  Splash.onStateUpdate: {"status":"installing-updates","current":3,"total":6,"progress":63}
[2025-06-18 13:03:54.529] [info]  DiscordSplash.onStateUpdate: {"status":"installing-updates","current":3,"total":6,"progress":63}
[2025-06-18 13:03:54.529] [info]  Splash.onStateUpdate: {"status":"installing-updates","current":3,"total":6,"progress":63}
[2025-06-18 13:03:54.530] [info]  DiscordSplash.onStateUpdate: {"status":"installing-updates","current":3,"total":6,"progress":63}
[2025-06-18 13:03:54.530] [info]  Splash.onStateUpdate: {"status":"installing-updates","current":3,"total":6,"progress":63}
[2025-06-18 13:03:54.531] [info]  DiscordSplash.onStateUpdate: {"status":"installing-updates","current":3,"total":6,"progress":63}
[2025-06-18 13:03:54.531] [info]  Splash.onStateUpdate: {"status":"installing-updates","current":3,"total":6,"progress":63}
[2025-06-18 13:03:54.531] [info]  DiscordSplash.onStateUpdate: {"status":"installing-updates","current":3,"total":6,"progress":63}
[2025-06-18 13:03:54.532] [info]  Splash.onStateUpdate: {"status":"installing-updates","current":3,"total":6,"progress":63}
[2025-06-18 13:03:54.532] [info]  DiscordSplash.onStateUpdate: {"status":"installing-updates","current":3,"total":6,"progress":63}
[2025-06-18 13:03:54.533] [info]  Splash.onStateUpdate: {"status":"installing-updates","current":3,"total":6,"progress":63}
[2025-06-18 13:03:54.534] [info]  DiscordSplash.onStateUpdate: {"status":"installing-updates","current":3,"total":6,"progress":64}
[2025-06-18 13:03:54.534] [info]  Splash.onStateUpdate: {"status":"installing-updates","current":3,"total":6,"progress":64}
[2025-06-18 13:03:54.535] [info]  DiscordSplash.onStateUpdate: {"status":"installing-updates","current":3,"total":6,"progress":64}
[2025-06-18 13:03:54.535] [info]  Splash.onStateUpdate: {"status":"installing-updates","current":3,"total":6,"progress":64}
[2025-06-18 13:03:54.535] [info]  DiscordSplash.onStateUpdate: {"status":"installing-updates","current":3,"total":6,"progress":64}
[2025-06-18 13:03:54.536] [info]  Splash.onStateUpdate: {"status":"installing-updates","current":3,"total":6,"progress":64}
[2025-06-18 13:03:54.536] [info]  DiscordSplash.onStateUpdate: {"status":"installing-updates","current":3,"total":6,"progress":64}
[2025-06-18 13:03:54.536] [info]  Splash.onStateUpdate: {"status":"installing-updates","current":3,"total":6,"progress":64}
[2025-06-18 13:03:54.537] [info]  DiscordSplash.onStateUpdate: {"status":"installing-updates","current":3,"total":6,"progress":64}
[2025-06-18 13:03:54.538] [info]  Splash.onStateUpdate: {"status":"installing-updates","current":3,"total":6,"progress":64}
[2025-06-18 13:03:54.539] [info]  DiscordSplash.onStateUpdate: {"status":"installing-updates","current":3,"total":6,"progress":64}
[2025-06-18 13:03:54.539] [info]  Splash.onStateUpdate: {"status":"installing-updates","current":3,"total":6,"progress":64}
[2025-06-18 13:03:54.540] [info]  DiscordSplash.onStateUpdate: {"status":"installing-updates","current":3,"total":6,"progress":64}
[2025-06-18 13:03:54.540] [info]  Splash.onStateUpdate: {"status":"installing-updates","current":3,"total":6,"progress":64}
[2025-06-18 13:03:54.541] [info]  DiscordSplash.onStateUpdate: {"status":"installing-updates","current":3,"total":6,"progress":65}
[2025-06-18 13:03:54.541] [info]  Splash.onStateUpdate: {"status":"installing-updates","current":3,"total":6,"progress":65}
[2025-06-18 13:03:54.542] [info]  DiscordSplash.onStateUpdate: {"status":"installing-updates","current":3,"total":6,"progress":65}
[2025-06-18 13:03:54.542] [info]  Splash.onStateUpdate: {"status":"installing-updates","current":3,"total":6,"progress":65}
[2025-06-18 13:03:54.542] [info]  DiscordSplash.onStateUpdate: {"status":"installing-updates","current":3,"total":6,"progress":65}
[2025-06-18 13:03:54.543] [info]  Splash.onStateUpdate: {"status":"installing-updates","current":3,"total":6,"progress":65}
[2025-06-18 13:03:54.544] [info]  DiscordSplash.onStateUpdate: {"status":"installing-updates","current":3,"total":6,"progress":65}
[2025-06-18 13:03:54.544] [info]  Splash.onStateUpdate: {"status":"installing-updates","current":3,"total":6,"progress":65}
[2025-06-18 13:03:54.545] [info]  DiscordSplash.onStateUpdate: {"status":"installing-updates","current":3,"total":6,"progress":65}
[2025-06-18 13:03:54.545] [info]  Splash.onStateUpdate: {"status":"installing-updates","current":3,"total":6,"progress":65}
[2025-06-18 13:03:54.545] [info]  DiscordSplash.onStateUpdate: {"status":"installing-updates","current":3,"total":6,"progress":65}
[2025-06-18 13:03:54.546] [info]  Splash.onStateUpdate: {"status":"installing-updates","current":3,"total":6,"progress":65}
[2025-06-18 13:03:54.546] [info]  DiscordSplash.onStateUpdate: {"status":"installing-updates","current":3,"total":6,"progress":66}
[2025-06-18 13:03:54.546] [info]  Splash.onStateUpdate: {"status":"installing-updates","current":3,"total":6,"progress":66}
[2025-06-18 13:03:54.547] [info]  DiscordSplash.onStateUpdate: {"status":"installing-updates","current":3,"total":6,"progress":66}
[2025-06-18 13:03:54.547] [info]  Splash.onStateUpdate: {"status":"installing-updates","current":3,"total":6,"progress":66}
[2025-06-18 13:03:54.548] [info]  DiscordSplash.onStateUpdate: {"status":"installing-updates","current":3,"total":6,"progress":66}
[2025-06-18 13:03:54.548] [info]  Splash.onStateUpdate: {"status":"installing-updates","current":3,"total":6,"progress":66}
[2025-06-18 13:03:54.551] [info]  DiscordSplash.onStateUpdate: {"status":"installing-updates","current":3,"total":6,"progress":66}
[2025-06-18 13:03:54.551] [info]  Splash.onStateUpdate: {"status":"installing-updates","current":3,"total":6,"progress":66}
[2025-06-18 13:03:54.552] [info]  DiscordSplash.onStateUpdate: {"status":"installing-updates","current":3,"total":6,"progress":66}
[2025-06-18 13:03:54.552] [info]  Splash.onStateUpdate: {"status":"installing-updates","current":3,"total":6,"progress":66}
[2025-06-18 13:03:54.553] [info]  DiscordSplash.onStateUpdate: {"status":"installing-updates","current":3,"total":6,"progress":66}
[2025-06-18 13:03:54.553] [info]  Splash.onStateUpdate: {"status":"installing-updates","current":3,"total":6,"progress":66}
[2025-06-18 13:03:54.553] [info]  DiscordSplash.onStateUpdate: {"status":"installing-updates","current":3,"total":6,"progress":67}
[2025-06-18 13:03:54.554] [info]  Splash.onStateUpdate: {"status":"installing-updates","current":3,"total":6,"progress":67}
[2025-06-18 13:03:54.554] [info]  DiscordSplash.onStateUpdate: {"status":"installing-updates","current":3,"total":6,"progress":67}
[2025-06-18 13:03:54.554] [info]  Splash.onStateUpdate: {"status":"installing-updates","current":3,"total":6,"progress":67}
[2025-06-18 13:03:54.555] [info]  DiscordSplash.onStateUpdate: {"status":"installing-updates","current":3,"total":6,"progress":67}
[2025-06-18 13:03:54.555] [info]  Splash.onStateUpdate: {"status":"installing-updates","current":3,"total":6,"progress":67}
[2025-06-18 13:03:54.556] [info]  DiscordSplash.onStateUpdate: {"status":"installing-updates","current":3,"total":6,"progress":67}
[2025-06-18 13:03:54.556] [info]  Splash.onStateUpdate: {"status":"installing-updates","current":3,"total":6,"progress":67}
[2025-06-18 13:03:54.556] [info]  DiscordSplash.onStateUpdate: {"status":"installing-updates","current":3,"total":6,"progress":67}
[2025-06-18 13:03:54.557] [info]  Splash.onStateUpdate: {"status":"installing-updates","current":3,"total":6,"progress":67}
[2025-06-18 13:03:54.557] [info]  DiscordSplash.onStateUpdate: {"status":"installing-updates","current":3,"total":6,"progress":67}
[2025-06-18 13:03:54.557] [info]  Splash.onStateUpdate: {"status":"installing-updates","current":3,"total":6,"progress":67}
[2025-06-18 13:03:54.558] [info]  DiscordSplash.onStateUpdate: {"status":"installing-updates","current":3,"total":6,"progress":68}
[2025-06-18 13:03:54.558] [info]  Splash.onStateUpdate: {"status":"installing-updates","current":3,"total":6,"progress":68}
[2025-06-18 13:03:54.559] [info]  DiscordSplash.onStateUpdate: {"status":"installing-updates","current":3,"total":6,"progress":68}
[2025-06-18 13:03:54.559] [info]  Splash.onStateUpdate: {"status":"installing-updates","current":3,"total":6,"progress":68}
[2025-06-18 13:03:54.560] [info]  DiscordSplash.onStateUpdate: {"status":"installing-updates","current":3,"total":6,"progress":68}
[2025-06-18 13:03:54.560] [info]  Splash.onStateUpdate: {"status":"installing-updates","current":3,"total":6,"progress":68}
[2025-06-18 13:03:54.561] [info]  DiscordSplash.onStateUpdate: {"status":"installing-updates","current":3,"total":6,"progress":68}
[2025-06-18 13:03:54.561] [info]  Splash.onStateUpdate: {"status":"installing-updates","current":3,"total":6,"progress":68}
[2025-06-18 13:03:54.562] [info]  DiscordSplash.onStateUpdate: {"status":"installing-updates","current":3,"total":6,"progress":68}
[2025-06-18 13:03:54.562] [info]  Splash.onStateUpdate: {"status":"installing-updates","current":3,"total":6,"progress":68}
[2025-06-18 13:03:54.563] [info]  DiscordSplash.onStateUpdate: {"status":"installing-updates","current":3,"total":6,"progress":68}
[2025-06-18 13:03:54.563] [info]  Splash.onStateUpdate: {"status":"installing-updates","current":3,"total":6,"progress":68}
[2025-06-18 13:03:54.564] [info]  DiscordSplash.onStateUpdate: {"status":"installing-updates","current":3,"total":6,"progress":69}
[2025-06-18 13:03:54.564] [info]  Splash.onStateUpdate: {"status":"installing-updates","current":3,"total":6,"progress":69}
[2025-06-18 13:03:54.565] [info]  DiscordSplash.onStateUpdate: {"status":"installing-updates","current":3,"total":6,"progress":69}
[2025-06-18 13:03:54.565] [info]  Splash.onStateUpdate: {"status":"installing-updates","current":3,"total":6,"progress":69}
[2025-06-18 13:03:54.565] [info]  DiscordSplash.onStateUpdate: {"status":"installing-updates","current":3,"total":6,"progress":69}
[2025-06-18 13:03:54.565] [info]  Splash.onStateUpdate: {"status":"installing-updates","current":3,"total":6,"progress":69}
[2025-06-18 13:03:54.567] [info]  DiscordSplash.onStateUpdate: {"status":"installing-updates","current":3,"total":6,"progress":69}
[2025-06-18 13:03:54.567] [info]  Splash.onStateUpdate: {"status":"installing-updates","current":3,"total":6,"progress":69}
[2025-06-18 13:03:54.568] [info]  DiscordSplash.onStateUpdate: {"status":"installing-updates","current":3,"total":6,"progress":69}
[2025-06-18 13:03:54.568] [info]  Splash.onStateUpdate: {"status":"installing-updates","current":3,"total":6,"progress":69}
[2025-06-18 13:03:54.569] [info]  DiscordSplash.onStateUpdate: {"status":"installing-updates","current":3,"total":6,"progress":69}
[2025-06-18 13:03:54.569] [info]  Splash.onStateUpdate: {"status":"installing-updates","current":3,"total":6,"progress":69}
[2025-06-18 13:03:54.570] [info]  DiscordSplash.onStateUpdate: {"status":"installing-updates","current":3,"total":6,"progress":70}
[2025-06-18 13:03:54.570] [info]  Splash.onStateUpdate: {"status":"installing-updates","current":3,"total":6,"progress":70}
[2025-06-18 13:03:54.571] [info]  DiscordSplash.onStateUpdate: {"status":"installing-updates","current":3,"total":6,"progress":70}
[2025-06-18 13:03:54.572] [info]  Splash.onStateUpdate: {"status":"installing-updates","current":3,"total":6,"progress":70}
[2025-06-18 13:03:54.574] [info]  DiscordSplash.onStateUpdate: {"status":"installing-updates","current":3,"total":6,"progress":70}
[2025-06-18 13:03:54.575] [info]  Splash.onStateUpdate: {"status":"installing-updates","current":3,"total":6,"progress":70}
[2025-06-18 13:03:54.577] [info]  DiscordSplash.onStateUpdate: {"status":"installing-updates","current":3,"total":6,"progress":70}
[2025-06-18 13:03:54.577] [info]  Splash.onStateUpdate: {"status":"installing-updates","current":3,"total":6,"progress":70}
[2025-06-18 13:03:54.578] [info]  DiscordSplash.onStateUpdate: {"status":"installing-updates","current":3,"total":6,"progress":70}
[2025-06-18 13:03:54.578] [info]  Splash.onStateUpdate: {"status":"installing-updates","current":3,"total":6,"progress":70}
[2025-06-18 13:03:54.579] [info]  DiscordSplash.onStateUpdate: {"status":"installing-updates","current":3,"total":6,"progress":70}
[2025-06-18 13:03:54.579] [info]  Splash.onStateUpdate: {"status":"installing-updates","current":3,"total":6,"progress":70}
[2025-06-18 13:03:54.580] [info]  DiscordSplash.onStateUpdate: {"status":"installing-updates","current":3,"total":6,"progress":70}
[2025-06-18 13:03:54.580] [info]  Splash.onStateUpdate: {"status":"installing-updates","current":3,"total":6,"progress":70}
[2025-06-18 13:03:54.581] [info]  DiscordSplash.onStateUpdate: {"status":"installing-updates","current":3,"total":6,"progress":71}
[2025-06-18 13:03:54.581] [info]  Splash.onStateUpdate: {"status":"installing-updates","current":3,"total":6,"progress":71}
[2025-06-18 13:03:54.581] [info]  DiscordSplash.onStateUpdate: {"status":"installing-updates","current":3,"total":6,"progress":71}
[2025-06-18 13:03:54.582] [info]  Splash.onStateUpdate: {"status":"installing-updates","current":3,"total":6,"progress":71}
[2025-06-18 13:03:54.582] [info]  DiscordSplash.onStateUpdate: {"status":"installing-updates","current":3,"total":6,"progress":71}
[2025-06-18 13:03:54.582] [info]  Splash.onStateUpdate: {"status":"installing-updates","current":3,"total":6,"progress":71}
[2025-06-18 13:03:54.584] [info]  DiscordSplash.onStateUpdate: {"status":"installing-updates","current":3,"total":6,"progress":71}
[2025-06-18 13:03:54.584] [info]  Splash.onStateUpdate: {"status":"installing-updates","current":3,"total":6,"progress":71}
[2025-06-18 13:03:54.584] [info]  DiscordSplash.onStateUpdate: {"status":"installing-updates","current":3,"total":6,"progress":71}
[2025-06-18 13:03:54.584] [info]  Splash.onStateUpdate: {"status":"installing-updates","current":3,"total":6,"progress":71}
[2025-06-18 13:03:54.585] [info]  DiscordSplash.onStateUpdate: {"status":"installing-updates","current":3,"total":6,"progress":71}
[2025-06-18 13:03:54.585] [info]  Splash.onStateUpdate: {"status":"installing-updates","current":3,"total":6,"progress":71}
[2025-06-18 13:03:54.586] [info]  DiscordSplash.onStateUpdate: {"status":"installing-updates","current":3,"total":6,"progress":72}
[2025-06-18 13:03:54.586] [info]  Splash.onStateUpdate: {"status":"installing-updates","current":3,"total":6,"progress":72}
[2025-06-18 13:03:54.587] [info]  DiscordSplash.onStateUpdate: {"status":"installing-updates","current":3,"total":6,"progress":72}
[2025-06-18 13:03:54.587] [info]  Splash.onStateUpdate: {"status":"installing-updates","current":3,"total":6,"progress":72}
[2025-06-18 13:03:54.588] [info]  DiscordSplash.onStateUpdate: {"status":"installing-updates","current":3,"total":6,"progress":72}
[2025-06-18 13:03:54.588] [info]  Splash.onStateUpdate: {"status":"installing-updates","current":3,"total":6,"progress":72}
[2025-06-18 13:03:54.589] [info]  DiscordSplash.onStateUpdate: {"status":"installing-updates","current":3,"total":6,"progress":72}
[2025-06-18 13:03:54.589] [info]  Splash.onStateUpdate: {"status":"installing-updates","current":3,"total":6,"progress":72}
[2025-06-18 13:03:54.589] [info]  DiscordSplash.onStateUpdate: {"status":"installing-updates","current":3,"total":6,"progress":72}
[2025-06-18 13:03:54.589] [info]  Splash.onStateUpdate: {"status":"installing-updates","current":3,"total":6,"progress":72}
[2025-06-18 13:03:54.590] [info]  DiscordSplash.onStateUpdate: {"status":"installing-updates","current":3,"total":6,"progress":72}
[2025-06-18 13:03:54.590] [info]  Splash.onStateUpdate: {"status":"installing-updates","current":3,"total":6,"progress":72}
[2025-06-18 13:03:54.591] [info]  DiscordSplash.onStateUpdate: {"status":"installing-updates","current":3,"total":6,"progress":73}
[2025-06-18 13:03:54.591] [info]  Splash.onStateUpdate: {"status":"installing-updates","current":3,"total":6,"progress":73}
[2025-06-18 13:03:54.592] [info]  DiscordSplash.onStateUpdate: {"status":"installing-updates","current":3,"total":6,"progress":73}
[2025-06-18 13:03:54.592] [info]  Splash.onStateUpdate: {"status":"installing-updates","current":3,"total":6,"progress":73}
[2025-06-18 13:03:54.593] [info]  DiscordSplash.onStateUpdate: {"status":"installing-updates","current":3,"total":6,"progress":73}
[2025-06-18 13:03:54.593] [info]  Splash.onStateUpdate: {"status":"installing-updates","current":3,"total":6,"progress":73}
[2025-06-18 13:03:54.594] [info]  DiscordSplash.onStateUpdate: {"status":"installing-updates","current":3,"total":6,"progress":73}
[2025-06-18 13:03:54.594] [info]  Splash.onStateUpdate: {"status":"installing-updates","current":3,"total":6,"progress":73}
[2025-06-18 13:03:54.595] [info]  DiscordSplash.onStateUpdate: {"status":"installing-updates","current":3,"total":6,"progress":73}
[2025-06-18 13:03:54.595] [info]  Splash.onStateUpdate: {"status":"installing-updates","current":3,"total":6,"progress":73}
[2025-06-18 13:03:54.596] [info]  DiscordSplash.onStateUpdate: {"status":"installing-updates","current":3,"total":6,"progress":73}
[2025-06-18 13:03:54.596] [info]  Splash.onStateUpdate: {"status":"installing-updates","current":3,"total":6,"progress":73}
[2025-06-18 13:03:54.597] [info]  DiscordSplash.onStateUpdate: {"status":"installing-updates","current":3,"total":6,"progress":74}
[2025-06-18 13:03:54.597] [info]  Splash.onStateUpdate: {"status":"installing-updates","current":3,"total":6,"progress":74}
[2025-06-18 13:03:54.598] [info]  DiscordSplash.onStateUpdate: {"status":"installing-updates","current":3,"total":6,"progress":74}
[2025-06-18 13:03:54.598] [info]  Splash.onStateUpdate: {"status":"installing-updates","current":3,"total":6,"progress":74}
[2025-06-18 13:03:54.599] [info]  DiscordSplash.onStateUpdate: {"status":"installing-updates","current":3,"total":6,"progress":74}
[2025-06-18 13:03:54.599] [info]  Splash.onStateUpdate: {"status":"installing-updates","current":3,"total":6,"progress":74}
[2025-06-18 13:03:54.600] [info]  DiscordSplash.onStateUpdate: {"status":"installing-updates","current":3,"total":6,"progress":74}
[2025-06-18 13:03:54.600] [info]  Splash.onStateUpdate: {"status":"installing-updates","current":3,"total":6,"progress":74}
[2025-06-18 13:03:54.601] [info]  DiscordSplash.onStateUpdate: {"status":"installing-updates","current":3,"total":6,"progress":74}
[2025-06-18 13:03:54.601] [info]  Splash.onStateUpdate: {"status":"installing-updates","current":3,"total":6,"progress":74}
[2025-06-18 13:03:54.602] [info]  DiscordSplash.onStateUpdate: {"status":"installing-updates","current":3,"total":6,"progress":74}
[2025-06-18 13:03:54.602] [info]  Splash.onStateUpdate: {"status":"installing-updates","current":3,"total":6,"progress":74}
[2025-06-18 13:03:54.603] [info]  DiscordSplash.onStateUpdate: {"status":"installing-updates","current":3,"total":6,"progress":75}
[2025-06-18 13:03:54.603] [info]  Splash.onStateUpdate: {"status":"installing-updates","current":3,"total":6,"progress":75}
[2025-06-18 13:03:54.604] [info]  DiscordSplash.onStateUpdate: {"status":"installing-updates","current":3,"total":6,"progress":75}
[2025-06-18 13:03:54.604] [info]  Splash.onStateUpdate: {"status":"installing-updates","current":3,"total":6,"progress":75}
[2025-06-18 13:03:54.605] [info]  DiscordSplash.onStateUpdate: {"status":"installing-updates","current":3,"total":6,"progress":75}
[2025-06-18 13:03:54.605] [info]  Splash.onStateUpdate: {"status":"installing-updates","current":3,"total":6,"progress":75}
[2025-06-18 13:03:54.606] [info]  DiscordSplash.onStateUpdate: {"status":"installing-updates","current":3,"total":6,"progress":75}
[2025-06-18 13:03:54.606] [info]  Splash.onStateUpdate: {"status":"installing-updates","current":3,"total":6,"progress":75}
[2025-06-18 13:03:54.606] [info]  DiscordSplash.onStateUpdate: {"status":"installing-updates","current":3,"total":6,"progress":75}
[2025-06-18 13:03:54.607] [info]  Splash.onStateUpdate: {"status":"installing-updates","current":3,"total":6,"progress":75}
[2025-06-18 13:03:54.607] [info]  DiscordSplash.onStateUpdate: {"status":"installing-updates","current":3,"total":6,"progress":75}
[2025-06-18 13:03:54.608] [info]  Splash.onStateUpdate: {"status":"installing-updates","current":3,"total":6,"progress":75}
[2025-06-18 13:03:54.608] [info]  DiscordSplash.onStateUpdate: {"status":"installing-updates","current":3,"total":6,"progress":76}
[2025-06-18 13:03:54.609] [info]  Splash.onStateUpdate: {"status":"installing-updates","current":3,"total":6,"progress":76}
[2025-06-18 13:03:54.609] [info]  DiscordSplash.onStateUpdate: {"status":"installing-updates","current":3,"total":6,"progress":76}
[2025-06-18 13:03:54.609] [info]  Splash.onStateUpdate: {"status":"installing-updates","current":3,"total":6,"progress":76}
[2025-06-18 13:03:54.610] [info]  DiscordSplash.onStateUpdate: {"status":"installing-updates","current":3,"total":6,"progress":76}
[2025-06-18 13:03:54.610] [info]  Splash.onStateUpdate: {"status":"installing-updates","current":3,"total":6,"progress":76}
[2025-06-18 13:03:54.611] [info]  DiscordSplash.onStateUpdate: {"status":"installing-updates","current":3,"total":6,"progress":76}
[2025-06-18 13:03:54.611] [info]  Splash.onStateUpdate: {"status":"installing-updates","current":3,"total":6,"progress":76}
[2025-06-18 13:03:54.612] [info]  DiscordSplash.onStateUpdate: {"status":"installing-updates","current":3,"total":6,"progress":76}
[2025-06-18 13:03:54.612] [info]  Splash.onStateUpdate: {"status":"installing-updates","current":3,"total":6,"progress":76}
[2025-06-18 13:03:54.613] [info]  DiscordSplash.onStateUpdate: {"status":"installing-updates","current":3,"total":6,"progress":76}
[2025-06-18 13:03:54.613] [info]  Splash.onStateUpdate: {"status":"installing-updates","current":3,"total":6,"progress":76}
[2025-06-18 13:03:54.614] [info]  DiscordSplash.onStateUpdate: {"status":"installing-updates","current":3,"total":6,"progress":76}
[2025-06-18 13:03:54.614] [info]  Splash.onStateUpdate: {"status":"installing-updates","current":3,"total":6,"progress":76}
[2025-06-18 13:03:54.615] [info]  DiscordSplash.onStateUpdate: {"status":"installing-updates","current":3,"total":6,"progress":77}
[2025-06-18 13:03:54.615] [info]  Splash.onStateUpdate: {"status":"installing-updates","current":3,"total":6,"progress":77}
[2025-06-18 13:03:54.616] [info]  DiscordSplash.onStateUpdate: {"status":"installing-updates","current":3,"total":6,"progress":77}
[2025-06-18 13:03:54.616] [info]  Splash.onStateUpdate: {"status":"installing-updates","current":3,"total":6,"progress":77}
[2025-06-18 13:03:54.617] [info]  DiscordSplash.onStateUpdate: {"status":"installing-updates","current":3,"total":6,"progress":77}
[2025-06-18 13:03:54.617] [info]  Splash.onStateUpdate: {"status":"installing-updates","current":3,"total":6,"progress":77}
[2025-06-18 13:03:54.618] [info]  DiscordSplash.onStateUpdate: {"status":"installing-updates","current":3,"total":6,"progress":77}
[2025-06-18 13:03:54.618] [info]  Splash.onStateUpdate: {"status":"installing-updates","current":3,"total":6,"progress":77}
[2025-06-18 13:03:54.618] [info]  DiscordSplash.onStateUpdate: {"status":"installing-updates","current":3,"total":6,"progress":77}
[2025-06-18 13:03:54.619] [info]  Splash.onStateUpdate: {"status":"installing-updates","current":3,"total":6,"progress":77}
[2025-06-18 13:03:54.619] [info]  DiscordSplash.onStateUpdate: {"status":"installing-updates","current":3,"total":6,"progress":77}
[2025-06-18 13:03:54.619] [info]  Splash.onStateUpdate: {"status":"installing-updates","current":3,"total":6,"progress":77}
[2025-06-18 13:03:54.620] [info]  DiscordSplash.onStateUpdate: {"status":"installing-updates","current":3,"total":6,"progress":78}
[2025-06-18 13:03:54.620] [info]  Splash.onStateUpdate: {"status":"installing-updates","current":3,"total":6,"progress":78}
[2025-06-18 13:03:54.621] [info]  DiscordSplash.onStateUpdate: {"status":"installing-updates","current":3,"total":6,"progress":78}
[2025-06-18 13:03:54.621] [info]  Splash.onStateUpdate: {"status":"installing-updates","current":3,"total":6,"progress":78}
[2025-06-18 13:03:54.622] [info]  DiscordSplash.onStateUpdate: {"status":"installing-updates","current":3,"total":6,"progress":78}
[2025-06-18 13:03:54.622] [info]  Splash.onStateUpdate: {"status":"installing-updates","current":3,"total":6,"progress":78}
[2025-06-18 13:03:54.622] [info]  DiscordSplash.onStateUpdate: {"status":"installing-updates","current":3,"total":6,"progress":78}
[2025-06-18 13:03:54.623] [info]  Splash.onStateUpdate: {"status":"installing-updates","current":3,"total":6,"progress":78}
[2025-06-18 13:03:54.623] [info]  DiscordSplash.onStateUpdate: {"status":"installing-updates","current":3,"total":6,"progress":78}
[2025-06-18 13:03:54.623] [info]  Splash.onStateUpdate: {"status":"installing-updates","current":3,"total":6,"progress":78}
[2025-06-18 13:03:54.624] [info]  DiscordSplash.onStateUpdate: {"status":"installing-updates","current":3,"total":6,"progress":78}
[2025-06-18 13:03:54.624] [info]  Splash.onStateUpdate: {"status":"installing-updates","current":3,"total":6,"progress":78}
[2025-06-18 13:03:54.625] [info]  DiscordSplash.onStateUpdate: {"status":"installing-updates","current":3,"total":6,"progress":79}
[2025-06-18 13:03:54.625] [info]  Splash.onStateUpdate: {"status":"installing-updates","current":3,"total":6,"progress":79}
[2025-06-18 13:03:54.626] [info]  DiscordSplash.onStateUpdate: {"status":"installing-updates","current":3,"total":6,"progress":79}
[2025-06-18 13:03:54.626] [info]  Splash.onStateUpdate: {"status":"installing-updates","current":3,"total":6,"progress":79}
[2025-06-18 13:03:54.627] [info]  DiscordSplash.onStateUpdate: {"status":"installing-updates","current":3,"total":6,"progress":79}
[2025-06-18 13:03:54.627] [info]  Splash.onStateUpdate: {"status":"installing-updates","current":3,"total":6,"progress":79}
[2025-06-18 13:03:54.628] [info]  DiscordSplash.onStateUpdate: {"status":"installing-updates","current":3,"total":6,"progress":79}
[2025-06-18 13:03:54.628] [info]  Splash.onStateUpdate: {"status":"installing-updates","current":3,"total":6,"progress":79}
[2025-06-18 13:03:54.628] [info]  DiscordSplash.onStateUpdate: {"status":"installing-updates","current":3,"total":6,"progress":79}
[2025-06-18 13:03:54.629] [info]  Splash.onStateUpdate: {"status":"installing-updates","current":3,"total":6,"progress":79}
[2025-06-18 13:03:54.629] [info]  DiscordSplash.onStateUpdate: {"status":"installing-updates","current":3,"total":6,"progress":79}
[2025-06-18 13:03:54.629] [info]  Splash.onStateUpdate: {"status":"installing-updates","current":3,"total":6,"progress":79}
[2025-06-18 13:03:54.630] [info]  DiscordSplash.onStateUpdate: {"status":"installing-updates","current":3,"total":6,"progress":80}
[2025-06-18 13:03:54.630] [info]  Splash.onStateUpdate: {"status":"installing-updates","current":3,"total":6,"progress":80}
[2025-06-18 13:03:54.631] [info]  DiscordSplash.onStateUpdate: {"status":"installing-updates","current":3,"total":6,"progress":80}
[2025-06-18 13:03:54.631] [info]  Splash.onStateUpdate: {"status":"installing-updates","current":3,"total":6,"progress":80}
[2025-06-18 13:03:54.632] [info]  DiscordSplash.onStateUpdate: {"status":"installing-updates","current":3,"total":6,"progress":80}
[2025-06-18 13:03:54.632] [info]  Splash.onStateUpdate: {"status":"installing-updates","current":3,"total":6,"progress":80}
[2025-06-18 13:03:54.633] [info]  DiscordSplash.onStateUpdate: {"status":"installing-updates","current":3,"total":6,"progress":80}
[2025-06-18 13:03:54.634] [info]  Splash.onStateUpdate: {"status":"installing-updates","current":3,"total":6,"progress":80}
[2025-06-18 13:03:54.634] [info]  DiscordSplash.onStateUpdate: {"status":"installing-updates","current":3,"total":6,"progress":80}
[2025-06-18 13:03:54.634] [info]  Splash.onStateUpdate: {"status":"installing-updates","current":3,"total":6,"progress":80}
[2025-06-18 13:03:54.635] [info]  DiscordSplash.onStateUpdate: {"status":"installing-updates","current":3,"total":6,"progress":80}
[2025-06-18 13:03:54.635] [info]  Splash.onStateUpdate: {"status":"installing-updates","current":3,"total":6,"progress":80}
[2025-06-18 13:03:54.636] [info]  DiscordSplash.onStateUpdate: {"status":"installing-updates","current":3,"total":6,"progress":81}
[2025-06-18 13:03:54.636] [info]  Splash.onStateUpdate: {"status":"installing-updates","current":3,"total":6,"progress":81}
[2025-06-18 13:03:54.637] [info]  DiscordSplash.onStateUpdate: {"status":"installing-updates","current":3,"total":6,"progress":81}
[2025-06-18 13:03:54.637] [info]  Splash.onStateUpdate: {"status":"installing-updates","current":3,"total":6,"progress":81}
[2025-06-18 13:03:54.638] [info]  DiscordSplash.onStateUpdate: {"status":"installing-updates","current":3,"total":6,"progress":81}
[2025-06-18 13:03:54.638] [info]  Splash.onStateUpdate: {"status":"installing-updates","current":3,"total":6,"progress":81}
[2025-06-18 13:03:54.639] [info]  DiscordSplash.onStateUpdate: {"status":"installing-updates","current":3,"total":6,"progress":81}
[2025-06-18 13:03:54.639] [info]  Splash.onStateUpdate: {"status":"installing-updates","current":3,"total":6,"progress":81}
[2025-06-18 13:03:54.640] [info]  DiscordSplash.onStateUpdate: {"status":"installing-updates","current":3,"total":6,"progress":81}
[2025-06-18 13:03:54.640] [info]  Splash.onStateUpdate: {"status":"installing-updates","current":3,"total":6,"progress":81}
[2025-06-18 13:03:54.641] [info]  DiscordSplash.onStateUpdate: {"status":"installing-updates","current":3,"total":6,"progress":81}
[2025-06-18 13:03:54.641] [info]  Splash.onStateUpdate: {"status":"installing-updates","current":3,"total":6,"progress":81}
[2025-06-18 13:03:54.642] [info]  DiscordSplash.onStateUpdate: {"status":"installing-updates","current":3,"total":6,"progress":82}
[2025-06-18 13:03:54.642] [info]  Splash.onStateUpdate: {"status":"installing-updates","current":3,"total":6,"progress":82}
[2025-06-18 13:03:54.643] [info]  DiscordSplash.onStateUpdate: {"status":"installing-updates","current":3,"total":6,"progress":82}
[2025-06-18 13:03:54.643] [info]  Splash.onStateUpdate: {"status":"installing-updates","current":3,"total":6,"progress":82}
[2025-06-18 13:03:54.645] [info]  DiscordSplash.onStateUpdate: {"status":"installing-updates","current":3,"total":6,"progress":82}
[2025-06-18 13:03:54.646] [info]  Splash.onStateUpdate: {"status":"installing-updates","current":3,"total":6,"progress":82}
[2025-06-18 13:03:54.646] [info]  DiscordSplash.onStateUpdate: {"status":"installing-updates","current":3,"total":6,"progress":82}
[2025-06-18 13:03:54.647] [info]  Splash.onStateUpdate: {"status":"installing-updates","current":3,"total":6,"progress":82}
[2025-06-18 13:03:54.647] [info]  DiscordSplash.onStateUpdate: {"status":"installing-updates","current":3,"total":6,"progress":82}
[2025-06-18 13:03:54.647] [info]  Splash.onStateUpdate: {"status":"installing-updates","current":3,"total":6,"progress":82}
[2025-06-18 13:03:54.648] [info]  DiscordSplash.onStateUpdate: {"status":"installing-updates","current":3,"total":6,"progress":82}
[2025-06-18 13:03:54.648] [info]  Splash.onStateUpdate: {"status":"installing-updates","current":3,"total":6,"progress":82}
[2025-06-18 13:03:54.649] [info]  DiscordSplash.onStateUpdate: {"status":"installing-updates","current":3,"total":6,"progress":82}
[2025-06-18 13:03:54.649] [info]  Splash.onStateUpdate: {"status":"installing-updates","current":3,"total":6,"progress":82}
[2025-06-18 13:03:54.650] [info]  DiscordSplash.onStateUpdate: {"status":"installing-updates","current":3,"total":6,"progress":83}
[2025-06-18 13:03:54.650] [info]  Splash.onStateUpdate: {"status":"installing-updates","current":3,"total":6,"progress":83}
[2025-06-18 13:03:54.651] [info]  DiscordSplash.onStateUpdate: {"status":"installing-updates","current":3,"total":6,"progress":83}
[2025-06-18 13:03:54.651] [info]  Splash.onStateUpdate: {"status":"installing-updates","current":3,"total":6,"progress":83}
[2025-06-18 13:03:54.652] [info]  DiscordSplash.onStateUpdate: {"status":"installing-updates","current":3,"total":6,"progress":83}
[2025-06-18 13:03:54.652] [info]  Splash.onStateUpdate: {"status":"installing-updates","current":3,"total":6,"progress":83}
[2025-06-18 13:03:54.652] [info]  DiscordSplash.onStateUpdate: {"status":"installing-updates","current":3,"total":6,"progress":83}
[2025-06-18 13:03:54.652] [info]  Splash.onStateUpdate: {"status":"installing-updates","current":3,"total":6,"progress":83}
[2025-06-18 13:03:54.653] [info]  DiscordSplash.onStateUpdate: {"status":"installing-updates","current":3,"total":6,"progress":83}
[2025-06-18 13:03:54.653] [info]  Splash.onStateUpdate: {"status":"installing-updates","current":3,"total":6,"progress":83}
[2025-06-18 13:03:54.654] [info]  DiscordSplash.onStateUpdate: {"status":"installing-updates","current":3,"total":6,"progress":83}
[2025-06-18 13:03:54.654] [info]  Splash.onStateUpdate: {"status":"installing-updates","current":3,"total":6,"progress":83}
[2025-06-18 13:03:54.655] [info]  DiscordSplash.onStateUpdate: {"status":"installing-updates","current":3,"total":6,"progress":84}
[2025-06-18 13:03:54.655] [info]  Splash.onStateUpdate: {"status":"installing-updates","current":3,"total":6,"progress":84}
[2025-06-18 13:03:54.656] [info]  DiscordSplash.onStateUpdate: {"status":"installing-updates","current":3,"total":6,"progress":84}
[2025-06-18 13:03:54.656] [info]  Splash.onStateUpdate: {"status":"installing-updates","current":3,"total":6,"progress":84}
[2025-06-18 13:03:54.656] [info]  DiscordSplash.onStateUpdate: {"status":"installing-updates","current":3,"total":6,"progress":84}
[2025-06-18 13:03:54.657] [info]  Splash.onStateUpdate: {"status":"installing-updates","current":3,"total":6,"progress":84}
[2025-06-18 13:03:54.657] [info]  DiscordSplash.onStateUpdate: {"status":"installing-updates","current":3,"total":6,"progress":84}
[2025-06-18 13:03:54.657] [info]  Splash.onStateUpdate: {"status":"installing-updates","current":3,"total":6,"progress":84}
[2025-06-18 13:03:54.659] [info]  DiscordSplash.onStateUpdate: {"status":"installing-updates","current":3,"total":6,"progress":84}
[2025-06-18 13:03:54.659] [info]  Splash.onStateUpdate: {"status":"installing-updates","current":3,"total":6,"progress":84}
[2025-06-18 13:03:54.660] [info]  DiscordSplash.onStateUpdate: {"status":"installing-updates","current":3,"total":6,"progress":84}
[2025-06-18 13:03:54.660] [info]  Splash.onStateUpdate: {"status":"installing-updates","current":3,"total":6,"progress":84}
[2025-06-18 13:03:54.661] [info]  DiscordSplash.onStateUpdate: {"status":"installing-updates","current":3,"total":6,"progress":85}
[2025-06-18 13:03:54.661] [info]  Splash.onStateUpdate: {"status":"installing-updates","current":3,"total":6,"progress":85}
[2025-06-18 13:03:54.662] [info]  DiscordSplash.onStateUpdate: {"status":"installing-updates","current":3,"total":6,"progress":85}
[2025-06-18 13:03:54.662] [info]  Splash.onStateUpdate: {"status":"installing-updates","current":3,"total":6,"progress":85}
[2025-06-18 13:03:54.663] [info]  DiscordSplash.onStateUpdate: {"status":"installing-updates","current":3,"total":6,"progress":85}
[2025-06-18 13:03:54.663] [info]  Splash.onStateUpdate: {"status":"installing-updates","current":3,"total":6,"progress":85}
[2025-06-18 13:03:54.663] [info]  DiscordSplash.onStateUpdate: {"status":"installing-updates","current":3,"total":6,"progress":85}
[2025-06-18 13:03:54.663] [info]  Splash.onStateUpdate: {"status":"installing-updates","current":3,"total":6,"progress":85}
[2025-06-18 13:03:54.664] [info]  DiscordSplash.onStateUpdate: {"status":"installing-updates","current":3,"total":6,"progress":85}
[2025-06-18 13:03:54.665] [info]  Splash.onStateUpdate: {"status":"installing-updates","current":3,"total":6,"progress":85}
[2025-06-18 13:03:54.665] [info]  DiscordSplash.onStateUpdate: {"status":"installing-updates","current":3,"total":6,"progress":85}
[2025-06-18 13:03:54.666] [info]  Splash.onStateUpdate: {"status":"installing-updates","current":3,"total":6,"progress":85}
[2025-06-18 13:03:54.667] [info]  DiscordSplash.onStateUpdate: {"status":"installing-updates","current":3,"total":6,"progress":86}
[2025-06-18 13:03:54.667] [info]  Splash.onStateUpdate: {"status":"installing-updates","current":3,"total":6,"progress":86}
[2025-06-18 13:03:54.667] [info]  DiscordSplash.onStateUpdate: {"status":"installing-updates","current":3,"total":6,"progress":86}
[2025-06-18 13:03:54.667] [info]  Splash.onStateUpdate: {"status":"installing-updates","current":3,"total":6,"progress":86}
[2025-06-18 13:03:54.668] [info]  DiscordSplash.onStateUpdate: {"status":"installing-updates","current":3,"total":6,"progress":86}
[2025-06-18 13:03:54.668] [info]  Splash.onStateUpdate: {"status":"installing-updates","current":3,"total":6,"progress":86}
[2025-06-18 13:03:54.669] [info]  DiscordSplash.onStateUpdate: {"status":"installing-updates","current":3,"total":6,"progress":86}
[2025-06-18 13:03:54.669] [info]  Splash.onStateUpdate: {"status":"installing-updates","current":3,"total":6,"progress":86}
[2025-06-18 13:03:54.670] [info]  DiscordSplash.onStateUpdate: {"status":"installing-updates","current":3,"total":6,"progress":86}
[2025-06-18 13:03:54.670] [info]  Splash.onStateUpdate: {"status":"installing-updates","current":3,"total":6,"progress":86}
[2025-06-18 13:03:54.670] [info]  DiscordSplash.onStateUpdate: {"status":"installing-updates","current":3,"total":6,"progress":86}
[2025-06-18 13:03:54.671] [info]  Splash.onStateUpdate: {"status":"installing-updates","current":3,"total":6,"progress":86}
[2025-06-18 13:03:54.671] [info]  DiscordSplash.onStateUpdate: {"status":"installing-updates","current":3,"total":6,"progress":87}
[2025-06-18 13:03:54.671] [info]  Splash.onStateUpdate: {"status":"installing-updates","current":3,"total":6,"progress":87}
[2025-06-18 13:03:54.672] [info]  DiscordSplash.onStateUpdate: {"status":"installing-updates","current":3,"total":6,"progress":87}
[2025-06-18 13:03:54.672] [info]  Splash.onStateUpdate: {"status":"installing-updates","current":3,"total":6,"progress":87}
[2025-06-18 13:03:54.673] [info]  DiscordSplash.onStateUpdate: {"status":"installing-updates","current":3,"total":6,"progress":87}
[2025-06-18 13:03:54.673] [info]  Splash.onStateUpdate: {"status":"installing-updates","current":3,"total":6,"progress":87}
[2025-06-18 13:03:54.673] [info]  DiscordSplash.onStateUpdate: {"status":"installing-updates","current":3,"total":6,"progress":87}
[2025-06-18 13:03:54.674] [info]  Splash.onStateUpdate: {"status":"installing-updates","current":3,"total":6,"progress":87}
[2025-06-18 13:03:54.674] [info]  DiscordSplash.onStateUpdate: {"status":"installing-updates","current":3,"total":6,"progress":87}
[2025-06-18 13:03:54.674] [info]  Splash.onStateUpdate: {"status":"installing-updates","current":3,"total":6,"progress":87}
[2025-06-18 13:03:54.675] [info]  DiscordSplash.onStateUpdate: {"status":"installing-updates","current":3,"total":6,"progress":87}
[2025-06-18 13:03:54.675] [info]  Splash.onStateUpdate: {"status":"installing-updates","current":3,"total":6,"progress":87}
[2025-06-18 13:03:54.676] [info]  DiscordSplash.onStateUpdate: {"status":"installing-updates","current":3,"total":6,"progress":88}
[2025-06-18 13:03:54.676] [info]  Splash.onStateUpdate: {"status":"installing-updates","current":3,"total":6,"progress":88}
[2025-06-18 13:03:54.677] [info]  DiscordSplash.onStateUpdate: {"status":"installing-updates","current":3,"total":6,"progress":88}
[2025-06-18 13:03:54.677] [info]  Splash.onStateUpdate: {"status":"installing-updates","current":3,"total":6,"progress":88}
[2025-06-18 13:03:54.677] [info]  DiscordSplash.onStateUpdate: {"status":"installing-updates","current":3,"total":6,"progress":88}
[2025-06-18 13:03:54.678] [info]  Splash.onStateUpdate: {"status":"installing-updates","current":3,"total":6,"progress":88}
[2025-06-18 13:03:54.678] [info]  DiscordSplash.onStateUpdate: {"status":"installing-updates","current":3,"total":6,"progress":88}
[2025-06-18 13:03:54.678] [info]  Splash.onStateUpdate: {"status":"installing-updates","current":3,"total":6,"progress":88}
[2025-06-18 13:03:54.679] [info]  DiscordSplash.onStateUpdate: {"status":"installing-updates","current":3,"total":6,"progress":88}
[2025-06-18 13:03:54.679] [info]  Splash.onStateUpdate: {"status":"installing-updates","current":3,"total":6,"progress":88}
[2025-06-18 13:03:54.680] [info]  DiscordSplash.onStateUpdate: {"status":"installing-updates","current":3,"total":6,"progress":88}
[2025-06-18 13:03:54.680] [info]  Splash.onStateUpdate: {"status":"installing-updates","current":3,"total":6,"progress":88}
[2025-06-18 13:03:54.681] [info]  DiscordSplash.onStateUpdate: {"status":"installing-updates","current":3,"total":6,"progress":88}
[2025-06-18 13:03:54.681] [info]  Splash.onStateUpdate: {"status":"installing-updates","current":3,"total":6,"progress":88}
[2025-06-18 13:03:54.681] [info]  DiscordSplash.onStateUpdate: {"status":"installing-updates","current":3,"total":6,"progress":89}
[2025-06-18 13:03:54.682] [info]  Splash.onStateUpdate: {"status":"installing-updates","current":3,"total":6,"progress":89}
[2025-06-18 13:03:54.682] [info]  DiscordSplash.onStateUpdate: {"status":"installing-updates","current":3,"total":6,"progress":89}
[2025-06-18 13:03:54.682] [info]  Splash.onStateUpdate: {"status":"installing-updates","current":3,"total":6,"progress":89}
[2025-06-18 13:03:54.683] [info]  DiscordSplash.onStateUpdate: {"status":"installing-updates","current":3,"total":6,"progress":89}
[2025-06-18 13:03:54.684] [info]  Splash.onStateUpdate: {"status":"installing-updates","current":3,"total":6,"progress":89}
[2025-06-18 13:03:54.684] [info]  DiscordSplash.onStateUpdate: {"status":"installing-updates","current":3,"total":6,"progress":89}
[2025-06-18 13:03:54.684] [info]  Splash.onStateUpdate: {"status":"installing-updates","current":3,"total":6,"progress":89}
[2025-06-18 13:03:54.685] [info]  DiscordSplash.onStateUpdate: {"status":"installing-updates","current":3,"total":6,"progress":89}
[2025-06-18 13:03:54.685] [info]  Splash.onStateUpdate: {"status":"installing-updates","current":3,"total":6,"progress":89}
[2025-06-18 13:03:54.686] [info]  DiscordSplash.onStateUpdate: {"status":"installing-updates","current":3,"total":6,"progress":89}
[2025-06-18 13:03:54.686] [info]  Splash.onStateUpdate: {"status":"installing-updates","current":3,"total":6,"progress":89}
[2025-06-18 13:03:54.686] [info]  DiscordSplash.onStateUpdate: {"status":"installing-updates","current":3,"total":6,"progress":90}
[2025-06-18 13:03:54.687] [info]  Splash.onStateUpdate: {"status":"installing-updates","current":3,"total":6,"progress":90}
[2025-06-18 13:03:54.687] [info]  DiscordSplash.onStateUpdate: {"status":"installing-updates","current":3,"total":6,"progress":90}
[2025-06-18 13:03:54.687] [info]  Splash.onStateUpdate: {"status":"installing-updates","current":3,"total":6,"progress":90}
[2025-06-18 13:03:54.688] [info]  DiscordSplash.onStateUpdate: {"status":"installing-updates","current":3,"total":6,"progress":90}
[2025-06-18 13:03:54.688] [info]  Splash.onStateUpdate: {"status":"installing-updates","current":3,"total":6,"progress":90}
[2025-06-18 13:03:54.689] [info]  DiscordSplash.onStateUpdate: {"status":"installing-updates","current":3,"total":6,"progress":90}
[2025-06-18 13:03:54.689] [info]  Splash.onStateUpdate: {"status":"installing-updates","current":3,"total":6,"progress":90}
[2025-06-18 13:03:54.690] [info]  DiscordSplash.onStateUpdate: {"status":"installing-updates","current":3,"total":6,"progress":90}
[2025-06-18 13:03:54.690] [info]  Splash.onStateUpdate: {"status":"installing-updates","current":3,"total":6,"progress":90}
[2025-06-18 13:03:54.690] [info]  DiscordSplash.onStateUpdate: {"status":"installing-updates","current":3,"total":6,"progress":90}
[2025-06-18 13:03:54.690] [info]  Splash.onStateUpdate: {"status":"installing-updates","current":3,"total":6,"progress":90}
[2025-06-18 13:03:54.691] [info]  DiscordSplash.onStateUpdate: {"status":"installing-updates","current":3,"total":6,"progress":91}
[2025-06-18 13:03:54.691] [info]  Splash.onStateUpdate: {"status":"installing-updates","current":3,"total":6,"progress":91}
[2025-06-18 13:03:54.692] [info]  DiscordSplash.onStateUpdate: {"status":"installing-updates","current":3,"total":6,"progress":91}
[2025-06-18 13:03:54.692] [info]  Splash.onStateUpdate: {"status":"installing-updates","current":3,"total":6,"progress":91}
[2025-06-18 13:03:54.693] [info]  DiscordSplash.onStateUpdate: {"status":"installing-updates","current":3,"total":6,"progress":91}
[2025-06-18 13:03:54.693] [info]  Splash.onStateUpdate: {"status":"installing-updates","current":3,"total":6,"progress":91}
[2025-06-18 13:03:54.694] [info]  DiscordSplash.onStateUpdate: {"status":"installing-updates","current":3,"total":6,"progress":91}
[2025-06-18 13:03:54.694] [info]  Splash.onStateUpdate: {"status":"installing-updates","current":3,"total":6,"progress":91}
[2025-06-18 13:03:54.695] [info]  DiscordSplash.onStateUpdate: {"status":"installing-updates","current":3,"total":6,"progress":91}
[2025-06-18 13:03:54.695] [info]  Splash.onStateUpdate: {"status":"installing-updates","current":3,"total":6,"progress":91}
[2025-06-18 13:03:54.696] [info]  DiscordSplash.onStateUpdate: {"status":"installing-updates","current":3,"total":6,"progress":91}
[2025-06-18 13:03:54.696] [info]  Splash.onStateUpdate: {"status":"installing-updates","current":3,"total":6,"progress":91}
[2025-06-18 13:03:54.697] [info]  DiscordSplash.onStateUpdate: {"status":"installing-updates","current":3,"total":6,"progress":92}
[2025-06-18 13:03:54.697] [info]  Splash.onStateUpdate: {"status":"installing-updates","current":3,"total":6,"progress":92}
[2025-06-18 13:03:54.697] [info]  DiscordSplash.onStateUpdate: {"status":"installing-updates","current":3,"total":6,"progress":92}
[2025-06-18 13:03:54.698] [info]  Splash.onStateUpdate: {"status":"installing-updates","current":3,"total":6,"progress":92}
[2025-06-18 13:03:54.698] [info]  DiscordSplash.onStateUpdate: {"status":"installing-updates","current":3,"total":6,"progress":92}
[2025-06-18 13:03:54.698] [info]  Splash.onStateUpdate: {"status":"installing-updates","current":3,"total":6,"progress":92}
[2025-06-18 13:03:54.699] [info]  DiscordSplash.onStateUpdate: {"status":"installing-updates","current":3,"total":6,"progress":92}
[2025-06-18 13:03:54.699] [info]  Splash.onStateUpdate: {"status":"installing-updates","current":3,"total":6,"progress":92}
[2025-06-18 13:03:54.700] [info]  DiscordSplash.onStateUpdate: {"status":"installing-updates","current":3,"total":6,"progress":92}
[2025-06-18 13:03:54.700] [info]  Splash.onStateUpdate: {"status":"installing-updates","current":3,"total":6,"progress":92}
[2025-06-18 13:03:54.701] [info]  DiscordSplash.onStateUpdate: {"status":"installing-updates","current":3,"total":6,"progress":92}
[2025-06-18 13:03:54.701] [info]  Splash.onStateUpdate: {"status":"installing-updates","current":3,"total":6,"progress":92}
[2025-06-18 13:03:54.702] [info]  DiscordSplash.onStateUpdate: {"status":"installing-updates","current":3,"total":6,"progress":93}
[2025-06-18 13:03:54.702] [info]  Splash.onStateUpdate: {"status":"installing-updates","current":3,"total":6,"progress":93}
[2025-06-18 13:03:54.703] [info]  DiscordSplash.onStateUpdate: {"status":"installing-updates","current":3,"total":6,"progress":93}
[2025-06-18 13:03:54.703] [info]  Splash.onStateUpdate: {"status":"installing-updates","current":3,"total":6,"progress":93}
[2025-06-18 13:03:54.704] [info]  DiscordSplash.onStateUpdate: {"status":"installing-updates","current":3,"total":6,"progress":93}
[2025-06-18 13:03:54.704] [info]  Splash.onStateUpdate: {"status":"installing-updates","current":3,"total":6,"progress":93}
[2025-06-18 13:03:54.705] [info]  DiscordSplash.onStateUpdate: {"status":"installing-updates","current":3,"total":6,"progress":93}
[2025-06-18 13:03:54.705] [info]  Splash.onStateUpdate: {"status":"installing-updates","current":3,"total":6,"progress":93}
[2025-06-18 13:03:54.706] [info]  DiscordSplash.onStateUpdate: {"status":"installing-updates","current":3,"total":6,"progress":93}
[2025-06-18 13:03:54.706] [info]  Splash.onStateUpdate: {"status":"installing-updates","current":3,"total":6,"progress":93}
[2025-06-18 13:03:54.707] [info]  DiscordSplash.onStateUpdate: {"status":"installing-updates","current":3,"total":6,"progress":93}
[2025-06-18 13:03:54.707] [info]  Splash.onStateUpdate: {"status":"installing-updates","current":3,"total":6,"progress":93}
[2025-06-18 13:03:54.708] [info]  DiscordSplash.onStateUpdate: {"status":"installing-updates","current":3,"total":6,"progress":94}
[2025-06-18 13:03:54.708] [info]  Splash.onStateUpdate: {"status":"installing-updates","current":3,"total":6,"progress":94}
[2025-06-18 13:03:54.709] [info]  DiscordSplash.onStateUpdate: {"status":"installing-updates","current":3,"total":6,"progress":94}
[2025-06-18 13:03:54.709] [info]  Splash.onStateUpdate: {"status":"installing-updates","current":3,"total":6,"progress":94}
[2025-06-18 13:03:54.710] [info]  DiscordSplash.onStateUpdate: {"status":"installing-updates","current":3,"total":6,"progress":94}
[2025-06-18 13:03:54.710] [info]  Splash.onStateUpdate: {"status":"installing-updates","current":3,"total":6,"progress":94}
[2025-06-18 13:03:54.711] [info]  DiscordSplash.onStateUpdate: {"status":"installing-updates","current":3,"total":6,"progress":94}
[2025-06-18 13:03:54.711] [info]  Splash.onStateUpdate: {"status":"installing-updates","current":3,"total":6,"progress":94}
[2025-06-18 13:03:54.711] [info]  DiscordSplash.onStateUpdate: {"status":"installing-updates","current":3,"total":6,"progress":94}
[2025-06-18 13:03:54.712] [info]  Splash.onStateUpdate: {"status":"installing-updates","current":3,"total":6,"progress":94}
[2025-06-18 13:03:54.712] [info]  DiscordSplash.onStateUpdate: {"status":"installing-updates","current":3,"total":6,"progress":94}
[2025-06-18 13:03:54.712] [info]  Splash.onStateUpdate: {"status":"installing-updates","current":3,"total":6,"progress":94}
[2025-06-18 13:03:54.713] [info]  DiscordSplash.onStateUpdate: {"status":"installing-updates","current":3,"total":6,"progress":94}
[2025-06-18 13:03:54.713] [info]  Splash.onStateUpdate: {"status":"installing-updates","current":3,"total":6,"progress":94}
[2025-06-18 13:03:54.714] [info]  DiscordSplash.onStateUpdate: {"status":"installing-updates","current":3,"total":6,"progress":95}
[2025-06-18 13:03:54.714] [info]  Splash.onStateUpdate: {"status":"installing-updates","current":3,"total":6,"progress":95}
[2025-06-18 13:03:54.715] [info]  DiscordSplash.onStateUpdate: {"status":"installing-updates","current":3,"total":6,"progress":95}
[2025-06-18 13:03:54.715] [info]  Splash.onStateUpdate: {"status":"installing-updates","current":3,"total":6,"progress":95}
[2025-06-18 13:03:54.716] [info]  DiscordSplash.onStateUpdate: {"status":"installing-updates","current":3,"total":6,"progress":95}
[2025-06-18 13:03:54.716] [info]  Splash.onStateUpdate: {"status":"installing-updates","current":3,"total":6,"progress":95}
[2025-06-18 13:03:54.717] [info]  DiscordSplash.onStateUpdate: {"status":"installing-updates","current":3,"total":6,"progress":95}
[2025-06-18 13:03:54.717] [info]  Splash.onStateUpdate: {"status":"installing-updates","current":3,"total":6,"progress":95}
[2025-06-18 13:03:54.718] [info]  DiscordSplash.onStateUpdate: {"status":"installing-updates","current":3,"total":6,"progress":95}
[2025-06-18 13:03:54.718] [info]  Splash.onStateUpdate: {"status":"installing-updates","current":3,"total":6,"progress":95}
[2025-06-18 13:03:54.719] [info]  DiscordSplash.onStateUpdate: {"status":"installing-updates","current":3,"total":6,"progress":95}
[2025-06-18 13:03:54.719] [info]  Splash.onStateUpdate: {"status":"installing-updates","current":3,"total":6,"progress":95}
[2025-06-18 13:03:54.720] [info]  DiscordSplash.onStateUpdate: {"status":"installing-updates","current":3,"total":6,"progress":96}
[2025-06-18 13:03:54.720] [info]  Splash.onStateUpdate: {"status":"installing-updates","current":3,"total":6,"progress":96}
[2025-06-18 13:03:54.720] [info]  DiscordSplash.onStateUpdate: {"status":"installing-updates","current":3,"total":6,"progress":96}
[2025-06-18 13:03:54.720] [info]  Splash.onStateUpdate: {"status":"installing-updates","current":3,"total":6,"progress":96}
[2025-06-18 13:03:54.721] [info]  DiscordSplash.onStateUpdate: {"status":"installing-updates","current":3,"total":6,"progress":96}
[2025-06-18 13:03:54.721] [info]  Splash.onStateUpdate: {"status":"installing-updates","current":3,"total":6,"progress":96}
[2025-06-18 13:03:54.722] [info]  DiscordSplash.onStateUpdate: {"status":"installing-updates","current":3,"total":6,"progress":96}
[2025-06-18 13:03:54.722] [info]  Splash.onStateUpdate: {"status":"installing-updates","current":3,"total":6,"progress":96}
[2025-06-18 13:03:54.723] [info]  DiscordSplash.onStateUpdate: {"status":"installing-updates","current":3,"total":6,"progress":96}
[2025-06-18 13:03:54.723] [info]  Splash.onStateUpdate: {"status":"installing-updates","current":3,"total":6,"progress":96}
[2025-06-18 13:03:54.723] [info]  DiscordSplash.onStateUpdate: {"status":"installing-updates","current":3,"total":6,"progress":96}
[2025-06-18 13:03:54.723] [info]  Splash.onStateUpdate: {"status":"installing-updates","current":3,"total":6,"progress":96}
[2025-06-18 13:03:54.724] [info]  DiscordSplash.onStateUpdate: {"status":"installing-updates","current":3,"total":6,"progress":97}
[2025-06-18 13:03:54.724] [info]  Splash.onStateUpdate: {"status":"installing-updates","current":3,"total":6,"progress":97}
[2025-06-18 13:03:54.725] [info]  DiscordSplash.onStateUpdate: {"status":"installing-updates","current":3,"total":6,"progress":97}
[2025-06-18 13:03:54.725] [info]  Splash.onStateUpdate: {"status":"installing-updates","current":3,"total":6,"progress":97}
[2025-06-18 13:03:54.726] [info]  DiscordSplash.onStateUpdate: {"status":"installing-updates","current":3,"total":6,"progress":97}
[2025-06-18 13:03:54.726] [info]  Splash.onStateUpdate: {"status":"installing-updates","current":3,"total":6,"progress":97}
[2025-06-18 13:03:54.727] [info]  DiscordSplash.onStateUpdate: {"status":"installing-updates","current":3,"total":6,"progress":97}
[2025-06-18 13:03:54.727] [info]  Splash.onStateUpdate: {"status":"installing-updates","current":3,"total":6,"progress":97}
[2025-06-18 13:03:54.728] [info]  DiscordSplash.onStateUpdate: {"status":"installing-updates","current":3,"total":6,"progress":97}
[2025-06-18 13:03:54.728] [info]  Splash.onStateUpdate: {"status":"installing-updates","current":3,"total":6,"progress":97}
[2025-06-18 13:03:54.729] [info]  DiscordSplash.onStateUpdate: {"status":"installing-updates","current":3,"total":6,"progress":97}
[2025-06-18 13:03:54.729] [info]  Splash.onStateUpdate: {"status":"installing-updates","current":3,"total":6,"progress":97}
[2025-06-18 13:03:54.730] [info]  DiscordSplash.onStateUpdate: {"status":"installing-updates","current":3,"total":6,"progress":98}
[2025-06-18 13:03:54.730] [info]  Splash.onStateUpdate: {"status":"installing-updates","current":3,"total":6,"progress":98}
[2025-06-18 13:03:54.732] [info]  DiscordSplash.onStateUpdate: {"status":"installing-updates","current":3,"total":6,"progress":98}
[2025-06-18 13:03:54.732] [info]  Splash.onStateUpdate: {"status":"installing-updates","current":3,"total":6,"progress":98}
[2025-06-18 13:03:54.733] [info]  DiscordSplash.onStateUpdate: {"status":"installing-updates","current":3,"total":6,"progress":98}
[2025-06-18 13:03:54.733] [info]  Splash.onStateUpdate: {"status":"installing-updates","current":3,"total":6,"progress":98}
[2025-06-18 13:03:54.734] [info]  DiscordSplash.onStateUpdate: {"status":"installing-updates","current":3,"total":6,"progress":98}
[2025-06-18 13:03:54.734] [info]  Splash.onStateUpdate: {"status":"installing-updates","current":3,"total":6,"progress":98}
[2025-06-18 13:03:54.735] [info]  DiscordSplash.onStateUpdate: {"status":"installing-updates","current":3,"total":6,"progress":98}
[2025-06-18 13:03:54.735] [info]  Splash.onStateUpdate: {"status":"installing-updates","current":3,"total":6,"progress":98}
[2025-06-18 13:03:54.736] [info]  DiscordSplash.onStateUpdate: {"status":"installing-updates","current":3,"total":6,"progress":98}
[2025-06-18 13:03:54.736] [info]  Splash.onStateUpdate: {"status":"installing-updates","current":3,"total":6,"progress":98}
[2025-06-18 13:03:54.736] [info]  DiscordSplash.onStateUpdate: {"status":"installing-updates","current":3,"total":6,"progress":99}
[2025-06-18 13:03:54.737] [info]  Splash.onStateUpdate: {"status":"installing-updates","current":3,"total":6,"progress":99}
[2025-06-18 13:03:54.737] [info]  DiscordSplash.onStateUpdate: {"status":"installing-updates","current":3,"total":6,"progress":99}
[2025-06-18 13:03:54.737] [info]  Splash.onStateUpdate: {"status":"installing-updates","current":3,"total":6,"progress":99}
[2025-06-18 13:03:54.738] [info]  DiscordSplash.onStateUpdate: {"status":"installing-updates","current":3,"total":6,"progress":99}
[2025-06-18 13:03:54.738] [info]  Splash.onStateUpdate: {"status":"installing-updates","current":3,"total":6,"progress":99}
[2025-06-18 13:03:54.739] [info]  DiscordSplash.onStateUpdate: {"status":"installing-updates","current":3,"total":6,"progress":99}
[2025-06-18 13:03:54.739] [info]  Splash.onStateUpdate: {"status":"installing-updates","current":3,"total":6,"progress":99}
[2025-06-18 13:03:54.740] [info]  DiscordSplash.onStateUpdate: {"status":"installing-updates","current":3,"total":6,"progress":99}
[2025-06-18 13:03:54.740] [info]  Splash.onStateUpdate: {"status":"installing-updates","current":3,"total":6,"progress":99}
[2025-06-18 13:03:54.741] [info]  DiscordSplash.onStateUpdate: {"status":"installing-updates","current":3,"total":6,"progress":99}
[2025-06-18 13:03:54.741] [info]  Splash.onStateUpdate: {"status":"installing-updates","current":3,"total":6,"progress":99}
[2025-06-18 13:03:54.742] [info]  DiscordSplash.onStateUpdate: {"status":"installing-updates","current":3,"total":6,"progress":100}
[2025-06-18 13:03:54.742] [info]  Splash.onStateUpdate: {"status":"installing-updates","current":3,"total":6,"progress":100}
[2025-06-18 13:03:54.743] [info]  DiscordSplash.onStateUpdate: {"status":"installing-updates","current":4,"total":6}
[2025-06-18 13:03:54.743] [info]  Splash.onStateUpdate: {"status":"installing-updates","current":4,"total":6}
[2025-06-18 13:03:54.743] [info]  DiscordSplash.onStateUpdate: {"status":"installing-updates","current":4,"total":6,"progress":3}
[2025-06-18 13:03:54.744] [info]  Splash.onStateUpdate: {"status":"installing-updates","current":4,"total":6,"progress":3}
[2025-06-18 13:03:54.745] [info]  DiscordSplash.onStateUpdate: {"status":"installing-updates","current":4,"total":6,"progress":6}
[2025-06-18 13:03:54.745] [info]  Splash.onStateUpdate: {"status":"installing-updates","current":4,"total":6,"progress":6}
[2025-06-18 13:03:54.746] [info]  DiscordSplash.onStateUpdate: {"status":"installing-updates","current":4,"total":6,"progress":9}
[2025-06-18 13:03:54.746] [info]  Splash.onStateUpdate: {"status":"installing-updates","current":4,"total":6,"progress":9}
[2025-06-18 13:03:54.747] [info]  DiscordSplash.onStateUpdate: {"status":"installing-updates","current":4,"total":6,"progress":12}
[2025-06-18 13:03:54.747] [info]  Splash.onStateUpdate: {"status":"installing-updates","current":4,"total":6,"progress":12}
[2025-06-18 13:03:54.747] [info]  DiscordSplash.onStateUpdate: {"status":"installing-updates","current":4,"total":6,"progress":15}
[2025-06-18 13:03:54.747] [info]  Splash.onStateUpdate: {"status":"installing-updates","current":4,"total":6,"progress":15}
[2025-06-18 13:03:54.748] [info]  DiscordSplash.onStateUpdate: {"status":"installing-updates","current":4,"total":6,"progress":18}
[2025-06-18 13:03:54.748] [info]  Splash.onStateUpdate: {"status":"installing-updates","current":4,"total":6,"progress":18}
[2025-06-18 13:03:54.749] [info]  DiscordSplash.onStateUpdate: {"status":"installing-updates","current":4,"total":6,"progress":21}
[2025-06-18 13:03:54.749] [info]  Splash.onStateUpdate: {"status":"installing-updates","current":4,"total":6,"progress":21}
[2025-06-18 13:03:54.750] [info]  DiscordSplash.onStateUpdate: {"status":"installing-updates","current":4,"total":6,"progress":24}
[2025-06-18 13:03:54.750] [info]  Splash.onStateUpdate: {"status":"installing-updates","current":4,"total":6,"progress":24}
[2025-06-18 13:03:54.751] [info]  DiscordSplash.onStateUpdate: {"status":"installing-updates","current":4,"total":6,"progress":27}
[2025-06-18 13:03:54.752] [info]  Splash.onStateUpdate: {"status":"installing-updates","current":4,"total":6,"progress":27}
[2025-06-18 13:03:54.752] [info]  DiscordSplash.onStateUpdate: {"status":"installing-updates","current":4,"total":6,"progress":30}
[2025-06-18 13:03:54.752] [info]  Splash.onStateUpdate: {"status":"installing-updates","current":4,"total":6,"progress":30}
[2025-06-18 13:03:54.753] [info]  DiscordSplash.onStateUpdate: {"status":"installing-updates","current":4,"total":6,"progress":33}
[2025-06-18 13:03:54.753] [info]  Splash.onStateUpdate: {"status":"installing-updates","current":4,"total":6,"progress":33}
[2025-06-18 13:03:54.754] [info]  DiscordSplash.onStateUpdate: {"status":"installing-updates","current":4,"total":6,"progress":36}
[2025-06-18 13:03:54.754] [info]  Splash.onStateUpdate: {"status":"installing-updates","current":4,"total":6,"progress":36}
[2025-06-18 13:03:54.754] [info]  DiscordSplash.onStateUpdate: {"status":"installing-updates","current":4,"total":6,"progress":39}
[2025-06-18 13:03:54.754] [info]  Splash.onStateUpdate: {"status":"installing-updates","current":4,"total":6,"progress":39}
[2025-06-18 13:03:54.755] [info]  DiscordSplash.onStateUpdate: {"status":"installing-updates","current":4,"total":6,"progress":42}
[2025-06-18 13:03:54.755] [info]  Splash.onStateUpdate: {"status":"installing-updates","current":4,"total":6,"progress":42}
[2025-06-18 13:03:54.756] [info]  DiscordSplash.onStateUpdate: {"status":"installing-updates","current":4,"total":6,"progress":45}
[2025-06-18 13:03:54.756] [info]  Splash.onStateUpdate: {"status":"installing-updates","current":4,"total":6,"progress":45}
[2025-06-18 13:03:54.757] [info]  DiscordSplash.onStateUpdate: {"status":"installing-updates","current":4,"total":6,"progress":48}
[2025-06-18 13:03:54.757] [info]  Splash.onStateUpdate: {"status":"installing-updates","current":4,"total":6,"progress":48}
[2025-06-18 13:03:54.757] [info]  DiscordSplash.onStateUpdate: {"status":"installing-updates","current":4,"total":6,"progress":51}
[2025-06-18 13:03:54.758] [info]  Splash.onStateUpdate: {"status":"installing-updates","current":4,"total":6,"progress":51}
[2025-06-18 13:03:54.758] [info]  DiscordSplash.onStateUpdate: {"status":"installing-updates","current":4,"total":6,"progress":54}
[2025-06-18 13:03:54.759] [info]  Splash.onStateUpdate: {"status":"installing-updates","current":4,"total":6,"progress":54}
[2025-06-18 13:03:54.760] [info]  DiscordSplash.onStateUpdate: {"status":"installing-updates","current":4,"total":6,"progress":57}
[2025-06-18 13:03:54.760] [info]  Splash.onStateUpdate: {"status":"installing-updates","current":4,"total":6,"progress":57}
[2025-06-18 13:03:54.761] [info]  DiscordSplash.onStateUpdate: {"status":"installing-updates","current":4,"total":6,"progress":60}
[2025-06-18 13:03:54.761] [info]  Splash.onStateUpdate: {"status":"installing-updates","current":4,"total":6,"progress":60}
[2025-06-18 13:03:54.761] [info]  DiscordSplash.onStateUpdate: {"status":"installing-updates","current":4,"total":6,"progress":63}
[2025-06-18 13:03:54.761] [info]  Splash.onStateUpdate: {"status":"installing-updates","current":4,"total":6,"progress":63}
[2025-06-18 13:03:54.762] [info]  DiscordSplash.onStateUpdate: {"status":"installing-updates","current":4,"total":6,"progress":66}
[2025-06-18 13:03:54.762] [info]  Splash.onStateUpdate: {"status":"installing-updates","current":4,"total":6,"progress":66}
[2025-06-18 13:03:54.763] [info]  DiscordSplash.onStateUpdate: {"status":"installing-updates","current":4,"total":6,"progress":69}
[2025-06-18 13:03:54.763] [info]  Splash.onStateUpdate: {"status":"installing-updates","current":4,"total":6,"progress":69}
[2025-06-18 13:03:54.764] [info]  DiscordSplash.onStateUpdate: {"status":"installing-updates","current":4,"total":6,"progress":72}
[2025-06-18 13:03:54.764] [info]  Splash.onStateUpdate: {"status":"installing-updates","current":4,"total":6,"progress":72}
[2025-06-18 13:03:54.764] [info]  Splash.updateCountdownSeconds: undefined
[2025-06-18 13:03:54.765] [info]  DiscordSplash.onStateUpdate: {"status":"installing-updates","current":4,"total":6,"progress":75}
[2025-06-18 13:03:54.765] [info]  Splash.onStateUpdate: {"status":"installing-updates","current":4,"total":6,"progress":75}
[2025-06-18 13:03:54.766] [info]  DiscordSplash.onStateUpdate: {"status":"installing-updates","current":4,"total":6,"progress":78}
[2025-06-18 13:03:54.766] [info]  Splash.onStateUpdate: {"status":"installing-updates","current":4,"total":6,"progress":78}
[2025-06-18 13:03:54.766] [info]  DiscordSplash.onStateUpdate: {"status":"installing-updates","current":4,"total":6,"progress":81}
[2025-06-18 13:03:54.767] [info]  Splash.onStateUpdate: {"status":"installing-updates","current":4,"total":6,"progress":81}
[2025-06-18 13:03:54.767] [info]  DiscordSplash.onStateUpdate: {"status":"installing-updates","current":4,"total":6,"progress":84}
[2025-06-18 13:03:54.767] [info]  Splash.onStateUpdate: {"status":"installing-updates","current":4,"total":6,"progress":84}
[2025-06-18 13:03:54.768] [info]  DiscordSplash.onStateUpdate: {"status":"installing-updates","current":4,"total":6,"progress":87}
[2025-06-18 13:03:54.768] [info]  Splash.onStateUpdate: {"status":"installing-updates","current":4,"total":6,"progress":87}
[2025-06-18 13:03:54.852] [info]  DiscordSplash.onStateUpdate: {"status":"installing-updates","current":4,"total":6,"progress":90}
[2025-06-18 13:03:54.852] [info]  Splash.onStateUpdate: {"status":"installing-updates","current":4,"total":6,"progress":90}
[2025-06-18 13:03:54.853] [info]  DiscordSplash.onStateUpdate: {"status":"installing-updates","current":4,"total":6,"progress":93}
[2025-06-18 13:03:54.853] [info]  Splash.onStateUpdate: {"status":"installing-updates","current":4,"total":6,"progress":93}
[2025-06-18 13:03:54.853] [info]  DiscordSplash.onStateUpdate: {"status":"installing-updates","current":4,"total":6,"progress":96}
[2025-06-18 13:03:54.854] [info]  Splash.onStateUpdate: {"status":"installing-updates","current":4,"total":6,"progress":96}
[2025-06-18 13:03:54.854] [info]  DiscordSplash.onStateUpdate: {"status":"installing-updates","current":4,"total":6,"progress":100}
[2025-06-18 13:03:54.854] [info]  Splash.onStateUpdate: {"status":"installing-updates","current":4,"total":6,"progress":100}
[2025-06-18 13:03:54.855] [info]  DiscordSplash.onStateUpdate: {"status":"installing-updates","current":5,"total":6}
[2025-06-18 13:03:54.856] [info]  Splash.onStateUpdate: {"status":"installing-updates","current":5,"total":6}
[2025-06-18 13:03:54.856] [info]  DiscordSplash.onStateUpdate: {"status":"installing-updates","current":5,"total":6,"progress":20}
[2025-06-18 13:03:54.856] [info]  Splash.onStateUpdate: {"status":"installing-updates","current":5,"total":6,"progress":20}
[2025-06-18 13:03:54.857] [info]  DiscordSplash.onStateUpdate: {"status":"installing-updates","current":5,"total":6,"progress":40}
[2025-06-18 13:03:54.857] [info]  Splash.onStateUpdate: {"status":"installing-updates","current":5,"total":6,"progress":40}
[2025-06-18 13:03:54.858] [info]  DiscordSplash.onStateUpdate: {"status":"installing-updates","current":5,"total":6,"progress":60}
[2025-06-18 13:03:54.858] [info]  Splash.onStateUpdate: {"status":"installing-updates","current":5,"total":6,"progress":60}
[2025-06-18 13:03:54.859] [info]  DiscordSplash.onStateUpdate: {"status":"installing-updates","current":5,"total":6,"progress":80}
[2025-06-18 13:03:54.859] [info]  Splash.onStateUpdate: {"status":"installing-updates","current":5,"total":6,"progress":80}
[2025-06-18 13:03:54.869] [info]  DiscordSplash.onStateUpdate: {"status":"installing-updates","current":5,"total":6,"progress":100}
[2025-06-18 13:03:54.869] [info]  Splash.onStateUpdate: {"status":"installing-updates","current":5,"total":6,"progress":100}
[2025-06-18 13:03:55.326] [info]  DiscordSplash.onStateUpdate: {"status":"installing-updates","current":6,"total":6}
[2025-06-18 13:03:55.326] [info]  Splash.onStateUpdate: {"status":"installing-updates","current":6,"total":6}
[2025-06-18 13:03:55.327] [info]  DiscordSplash.onStateUpdate: {"status":"installing-updates","current":6,"total":6,"progress":25}
[2025-06-18 13:03:55.327] [info]  Splash.onStateUpdate: {"status":"installing-updates","current":6,"total":6,"progress":25}
[2025-06-18 13:03:55.329] [info]  DiscordSplash.onStateUpdate: {"status":"installing-updates","current":6,"total":6,"progress":50}
[2025-06-18 13:03:55.329] [info]  Splash.onStateUpdate: {"status":"installing-updates","current":6,"total":6,"progress":50}
[2025-06-18 13:03:55.336] [info]  DiscordSplash.onStateUpdate: {"status":"installing-updates","current":6,"total":6,"progress":75}
[2025-06-18 13:03:55.336] [info]  Splash.onStateUpdate: {"status":"installing-updates","current":6,"total":6,"progress":75}
[2025-06-18 13:03:55.337] [info]  DiscordSplash.onStateUpdate: {"status":"installing-updates","current":6,"total":6,"progress":100}
[2025-06-18 13:03:55.337] [info]  Splash.onStateUpdate: {"status":"installing-updates","current":6,"total":6,"progress":100}
[2025-06-18 13:03:55.339] [info]  DiscordSplash.onStateUpdate: {"status":"checking-for-updates","current":6,"total":6}
[2025-06-18 13:03:55.339] [info]  Splash.onStateUpdate: {"status":"checking-for-updates","current":6,"total":6}
[2025-06-18 13:03:55.764] [info]  Splash.updateCountdownSeconds: undefined
[2025-06-18 13:03:55.893] [info]  DiscordSplash.onStateUpdate: {"status":"launching","current":6,"total":6}
[2025-06-18 13:03:55.902] [info]  Splash.onStateUpdate: {"status":"launching","current":6,"total":6}
[2025-06-18 13:03:56.764] [info]  Splash.updateCountdownSeconds: undefined
[2025-06-18 13:03:57.234] [info]  [libdiscore] [experiment_manager] Loaded experiments from cache
[2025-06-18 13:03:57.501] [info]  Initializing voice engine with audio subsystem: standard
[2025-06-18 13:03:57.617] [info]  [default] [BUILD INFO] Release Channel: stable, Build Number: 410706, Version Hash: 47190172cae712865d239ac522d4b72fafd2df37
[2025-06-18 13:03:57.764] [info]  Splash.updateCountdownSeconds: undefined
[2025-06-18 13:03:57.852] [info]  [NoteStore] libdiscore enabled: false
[2025-06-18 13:03:57.871] [info]  [default] [NATIVE INFO] host 0.0.98, modules: discord_desktop_core: 1, discord_erlpack: 1, discord_spellcheck: 1, discord_utils: 1, discord_voice: 1, discord_zstd: 1, build: null
[2025-06-18 13:03:57.875] [info]  [libdiscore] The answer for life the universe and everything is: 42
[2025-06-18 13:03:57.931] [error] [Spellchecker] sh is not a valid locale.
[2025-06-18 13:03:57.954] [info]  [Spellchecker] Switching to en-US (available)
[2025-06-18 13:03:58.461] [warn]  [CloudSyncUtils] CloudSync is not supported on this platform
[2025-06-18 13:03:59.376] [info]  [RPCServer:WSS] Starting on 6463
[2025-06-18 13:03:59.380] [info]  [RPCServer:IPC] Starting on /run/user/1000/discord-ipc-0
[2025-06-18 13:04:02.194] [info]  [RPCServer:WSS] Socket Message: 4 [object Object]
[2025-06-18 13:04:02.232] [info]  [LoginQRSocket] [0ms] connecting to wss://remote-auth-gateway.discord.gg/?v=2
[2025-06-18 13:04:02.235] [info]  [RPCServer:WSS] Socket Emit: 4 [object Object]
[2025-06-18 13:04:02.402] [info]  [LoginQRSocket] [171ms] got hello, auth timeout=337569ms
[2025-06-18 13:04:02.480] [info]  [LoginQRSocket] [248ms] connected, handshaking with fingerprint: V0NtqUGKGOG1wP4kK_5-b242VRsYtQUaqjr8pSj8tTQ
[2025-06-18 13:04:02.565] [info]  [LoginQRSocket] [334ms] computed nonce proof
[2025-06-18 13:04:02.652] [info]  [LoginQRSocket] [421ms] handshake complete awaiting remote auth.
[2025-06-18 13:04:05.668] [warn]  The resource https://discordapp.com/assets/189422196a4f8b53.woff2 was preloaded using link preload but not used within a few seconds from the window's load event. Please make sure it has an appropriate `as` value and it is preloaded intentionally.
[2025-06-18 13:04:05.668] [warn]  The resource https://discordapp.com/assets/dd24010f3cf7def7.woff2 was preloaded using link preload but not used within a few seconds from the window's load event. Please make sure it has an appropriate `as` value and it is preloaded intentionally.
[2025-06-18 13:04:05.668] [warn]  The resource https://discordapp.com/assets/7a6a566c2e88a35d.woff2 was preloaded using link preload but not used within a few seconds from the window's load event. Please make sure it has an appropriate `as` value and it is preloaded intentionally.
[2025-06-18 13:04:05.668] [warn]  The resource https://discordapp.com/assets/e52f0cba712e2fb4.woff2 was preloaded using link preload but not used within a few seconds from the window's load event. Please make sure it has an appropriate `as` value and it is preloaded intentionally.
[2025-06-18 13:04:05.668] [warn]  The resource https://discordapp.com/assets/ce3b8055f5114434.woff2 was preloaded using link preload but not used within a few seconds from the window's load event. Please make sure it has an appropriate `as` value and it is preloaded intentionally.
[2025-06-18 13:04:05.669] [warn]  The resource https://discordapp.com/assets/cb2006dbced0e246.woff2 was preloaded using link preload but not used within a few seconds from the window's load event. Please make sure it has an appropriate `as` value and it is preloaded intentionally.
[2025-06-18 13:04:30.560] [info]  [LoginQRSocket] [28329ms] remote auth handshake started, awaiting ticket/cancel.
[2025-06-18 13:04:33.837] [warn]  The resource https://discordapp.com/assets/189422196a4f8b53.woff2 was preloaded using link preload but not used within a few seconds from the window's load event. Please make sure it has an appropriate `as` value and it is preloaded intentionally.
[2025-06-18 13:04:33.837] [warn]  The resource https://discordapp.com/assets/dd24010f3cf7def7.woff2 was preloaded using link preload but not used within a few seconds from the window's load event. Please make sure it has an appropriate `as` value and it is preloaded intentionally.
[2025-06-18 13:04:33.838] [warn]  The resource https://discordapp.com/assets/7a6a566c2e88a35d.woff2 was preloaded using link preload but not used within a few seconds from the window's load event. Please make sure it has an appropriate `as` value and it is preloaded intentionally.
[2025-06-18 13:04:33.838] [warn]  The resource https://discordapp.com/assets/e52f0cba712e2fb4.woff2 was preloaded using link preload but not used within a few seconds from the window's load event. Please make sure it has an appropriate `as` value and it is preloaded intentionally.
[2025-06-18 13:04:33.838] [warn]  The resource https://discordapp.com/assets/ce3b8055f5114434.woff2 was preloaded using link preload but not used within a few seconds from the window's load event. Please make sure it has an appropriate `as` value and it is preloaded intentionally.
[2025-06-18 13:04:33.838] [warn]  The resource https://discordapp.com/assets/cb2006dbced0e246.woff2 was preloaded using link preload but not used within a few seconds from the window's load event. Please make sure it has an appropriate `as` value and it is preloaded intentionally.
[2025-06-18 13:04:34.368] [info]  [Flux] Dispatching LOGIN
[2025-06-18 13:04:34.374] [info]  [Flux] Dispatching LOGIN_SUCCESS
[2025-06-18 13:04:34.381] [info]  [Routing/Utils] transitionTo - Transitioning to /app
[2025-06-18 13:04:34.393] [info]  [GatewaySocket] [CONNECT] wss://gateway.discord.gg, encoding: etf, version: 9, compression: zstd-stream
[2025-06-18 13:04:34.394] [info]  [LoginQRSocket] [32163ms] cleaning up
[2025-06-18 13:04:34.568] [info]  [GatewaySocket] [CONNECTED] wss://gateway.discord.gg/?encoding=etf&v=9&compress=zstd-stream in 175 ms
[2025-06-18 13:04:37.264] [info]  [GatewaySocket] [READY] took 2870ms, as df54c7cb290b93f242027200e4bf8e39
[2025-06-18 13:04:37.534] [info]  [Flux] Dispatching CONNECTION_OPEN
[2025-06-18 13:04:37.537] [info]  [DatabaseManager] removing database (user: 689556810142974050, database: undefined)
[2025-06-18 13:04:37.580] [warn]  [NativeDispatchUtils] Tried getting Dispatch instance before instantiated
[2025-06-18 13:04:37.630] [info]  [Spotify] WS Connecting
[2025-06-18 13:04:37.631] [info]  [Spotify] Added account: x5m5sty6er60i01r15mw3qy3n
[2025-06-18 13:04:38.227] [info]  [GatewaySocket] [READY_SUPPLEMENTAL] took 3834ms
[2025-06-18 13:04:38.231] [warn]  The resource https://discordapp.com/assets/189422196a4f8b53.woff2 was preloaded using link preload but not used within a few seconds from the window's load event. Please make sure it has an appropriate `as` value and it is preloaded intentionally.
[2025-06-18 13:04:38.231] [warn]  The resource https://discordapp.com/assets/dd24010f3cf7def7.woff2 was preloaded using link preload but not used within a few seconds from the window's load event. Please make sure it has an appropriate `as` value and it is preloaded intentionally.
[2025-06-18 13:04:38.231] [warn]  The resource https://discordapp.com/assets/7a6a566c2e88a35d.woff2 was preloaded using link preload but not used within a few seconds from the window's load event. Please make sure it has an appropriate `as` value and it is preloaded intentionally.
[2025-06-18 13:04:38.232] [warn]  The resource https://discordapp.com/assets/e52f0cba712e2fb4.woff2 was preloaded using link preload but not used within a few seconds from the window's load event. Please make sure it has an appropriate `as` value and it is preloaded intentionally.
[2025-06-18 13:04:38.232] [warn]  The resource https://discordapp.com/assets/ce3b8055f5114434.woff2 was preloaded using link preload but not used within a few seconds from the window's load event. Please make sure it has an appropriate `as` value and it is preloaded intentionally.
[2025-06-18 13:04:38.232] [warn]  The resource https://discordapp.com/assets/cb2006dbced0e246.woff2 was preloaded using link preload but not used within a few seconds from the window's load event. Please make sure it has an appropriate `as` value and it is preloaded intentionally.
[2025-06-18 13:04:38.407] [info]  [Spotify] WS Connected
[2025-06-18 13:04:38.589] [info]  [Spotify] Profile updated for x5m5sty6er60i01r15mw3qy3n: isPremium = true
[2025-06-18 13:04:38.592] [info]  [Spotify] Devices updated for x5m5sty6er60i01r15mw3qy3n: 
[2025-06-18 13:04:40.512] [error] Access to XMLHttpRequest at 'https://cdn.discordapp.com/changelogs/config_0.json?x=0' from origin 'https://discordapp.com' has been blocked by CORS policy: No 'Access-Control-Allow-Origin' header is present on the requested resource.
[2025-06-18 13:04:40.521] [error] Uncaught (in promise) Error: Request has been terminated
Possible causes: the network is offline, Origin is not allowed by Access-Control-Allow-Origin, the page is being unloaded, etc.
[2025-06-18 13:04:40.543] [error] Uncaught (in promise) #<Object>
[2025-06-18 13:04:46.054] [info]  [MessageActionCreators] Fetching messages for 1316989375036391515 between undefined and undefined. jump={"jumpType":"ANIMATED"}
[2025-06-18 13:04:46.331] [info]  [MessageActionCreators] Fetched 50 messages for 1316989375036391515 isBefore:false isAfter:false
[2025-06-18 13:04:46.339] [info]  [ChannelMessages] loadComplete: resetting state for channelId=1316989375036391515, sending.length=0
[2025-06-18 13:04:50.046] [warn]  The resource https://discordapp.com/assets/189422196a4f8b53.woff2 was preloaded using link preload but not used within a few seconds from the window's load event. Please make sure it has an appropriate `as` value and it is preloaded intentionally.
[2025-06-18 13:04:50.046] [warn]  The resource https://discordapp.com/assets/dd24010f3cf7def7.woff2 was preloaded using link preload but not used within a few seconds from the window's load event. Please make sure it has an appropriate `as` value and it is preloaded intentionally.
[2025-06-18 13:04:50.046] [warn]  The resource https://discordapp.com/assets/7a6a566c2e88a35d.woff2 was preloaded using link preload but not used within a few seconds from the window's load event. Please make sure it has an appropriate `as` value and it is preloaded intentionally.
[2025-06-18 13:04:50.046] [warn]  The resource https://discordapp.com/assets/e52f0cba712e2fb4.woff2 was preloaded using link preload but not used within a few seconds from the window's load event. Please make sure it has an appropriate `as` value and it is preloaded intentionally.
[2025-06-18 13:04:50.047] [warn]  The resource https://discordapp.com/assets/ce3b8055f5114434.woff2 was preloaded using link preload but not used within a few seconds from the window's load event. Please make sure it has an appropriate `as` value and it is preloaded intentionally.
[2025-06-18 13:04:50.047] [warn]  The resource https://discordapp.com/assets/cb2006dbced0e246.woff2 was preloaded using link preload but not used within a few seconds from the window's load event. Please make sure it has an appropriate `as` value and it is preloaded intentionally.
[2025-06-18 13:04:50.635] [info]  [MessageQueue] Queueing message to be sent LogId:8526
[2025-06-18 13:04:50.636] [info]  [MessageQueue] Draining message from queue LogId:8526 QueueLength: 0
[2025-06-18 13:04:50.636] [info]  [MessageQueue] Draining Message Queue with:  0
[2025-06-18 13:04:50.726] [info]  [libdiscore] [BlockedDomainsStore] Successfully fetched blocked domains
[2025-06-18 13:04:50.871] [info]  [MessageQueue] Finished draining message from queue LogId:8526 QueueLength: 0
[2025-06-18 13:04:57.159] [warn]  The resource https://discordapp.com/assets/189422196a4f8b53.woff2 was preloaded using link preload but not used within a few seconds from the window's load event. Please make sure it has an appropriate `as` value and it is preloaded intentionally.
[2025-06-18 13:04:57.160] [warn]  The resource https://discordapp.com/assets/dd24010f3cf7def7.woff2 was preloaded using link preload but not used within a few seconds from the window's load event. Please make sure it has an appropriate `as` value and it is preloaded intentionally.
[2025-06-18 13:04:57.160] [warn]  The resource https://discordapp.com/assets/7a6a566c2e88a35d.woff2 was preloaded using link preload but not used within a few seconds from the window's load event. Please make sure it has an appropriate `as` value and it is preloaded intentionally.
[2025-06-18 13:04:57.160] [warn]  The resource https://discordapp.com/assets/e52f0cba712e2fb4.woff2 was preloaded using link preload but not used within a few seconds from the window's load event. Please make sure it has an appropriate `as` value and it is preloaded intentionally.
[2025-06-18 13:04:57.160] [warn]  The resource https://discordapp.com/assets/ce3b8055f5114434.woff2 was preloaded using link preload but not used within a few seconds from the window's load event. Please make sure it has an appropriate `as` value and it is preloaded intentionally.
[2025-06-18 13:04:57.160] [warn]  The resource https://discordapp.com/assets/cb2006dbced0e246.woff2 was preloaded using link preload but not used within a few seconds from the window's load event. Please make sure it has an appropriate `as` value and it is preloaded intentionally.
[2025-06-18 13:05:00.533] [info]  [MessageActionCreators] Fetching messages for 1328107140983951523 between undefined and undefined. jump={"jumpType":"ANIMATED"}
[2025-06-18 13:05:00.595] [info]  [Routing/Utils] transitionTo - Transitioning to /channels/1327844790028730418/1328107140983951523
[2025-06-18 13:05:00.799] [info]  [MessageActionCreators] Fetched 1 messages for 1328107140983951523 isBefore:false isAfter:false
[2025-06-18 13:05:00.800] [info]  [ChannelMessages] loadComplete: resetting state for channelId=1328107140983951523, sending.length=0
[2025-06-18 13:05:03.110] [info]  [MessageActionCreators] Fetching messages for 1335418618753847418 between undefined and undefined. jump={"jumpType":"ANIMATED"}
[2025-06-18 13:05:03.478] [info]  [RTCControlSocket(default)] [CONNECT] wss://c-ord08-56326b31.discord.media:8443/
[2025-06-18 13:05:03.478] [info]  [RTCConnection(1327844790028730418, default)] Connecting to RTC server wss://c-ord08-56326b31.discord.media:8443/, rtc-connection-id: a24f09ef-bb2a-428f-ba1c-f306a4e39793, channel: 1335418618753847418(2)
[2025-06-18 13:05:03.478] [info]  [RTCConnection(1327844790028730418, default)] RTC connection state: AWAITING_ENDPOINT => CONNECTING
[2025-06-18 13:05:03.562] [info]  [MessageActionCreators] Fetched 29 messages for 1335418618753847418 isBefore:false isAfter:false
[2025-06-18 13:05:03.567] [info]  [ChannelMessages] loadComplete: resetting state for channelId=1335418618753847418, sending.length=0
[2025-06-18 13:05:03.776] [info]  [RTCConnection(1327844790028730418, default)] Connected to RTC server.
[2025-06-18 13:05:03.776] [info]  [RTCConnection(1327844790028730418, default)] RTC connection state: CONNECTING => AUTHENTICATING
[2025-06-18 13:05:03.778] [info]  [RTCControlSocket(default)] [CONNECTED] wss://c-ord08-56326b31.discord.media:8443/ in 300 ms
[2025-06-18 13:05:03.779] [info]  [RTCControlSocket(default)] [HELLO] heartbeat interval: 13750, version: 8, took 300 ms
[2025-06-18 13:05:03.779] [info]  [RTCControlSocket(default)] Starting heartbeat with interval: 13750
[2025-06-18 13:05:03.845] [info]  [RTCControlSocket(default)] [READY] took 367 ms
[2025-06-18 13:05:03.846] [info]  [RTCConnection(1327844790028730418, default)] RTC connection state: AUTHENTICATING => RTC_CONNECTING
[2025-06-18 13:05:03.850] [info]  [Connection(default)] Creating connection to 104.29.158.173:19316 with audio ssrc: 1450
[2025-06-18 13:05:03.955] [info]  [Connection(default)] Connected with local address 67.169.12.49:51920 and protocol: udp
[2025-06-18 13:05:03.956] [info]  [Connection(default)] Available codecs: "[{\"codec\":\"AV1\",\"decode\":true,\"encode\":false},{\"codec\":\"H264\",\"decode\":true,\"encode\":true},{\"codec\":\"VP8\",\"decode\":true,\"encode\":true},{\"codec\":\"VP9\",\"decode\":true,\"encode\":false}]\n"
[2025-06-18 13:05:03.956] [info]  [Connection(default)] Experimental codecs: [{"name":"AV1","encode":false,"decode":true}]
[2025-06-18 13:05:03.956] [info]  [Connection(default)] Audio codecs: opus
[2025-06-18 13:05:03.956] [info]  [Connection(default)] Video codecs: AV1[encode: false, decode: true],H264[encode: true, decode: true],VP8[encode: true, decode: true],VP9[encode: false, decode: true]
[2025-06-18 13:05:03.956] [info]  [Connection(default)] Encryption modes: aead_aes256_gcm_rtpsize,aead_aes256_gcm,aead_xchacha20_poly1305_rtpsize,xsalsa20_poly1305_lite_rtpsize,xsalsa20_poly1305_lite,xsalsa20_poly1305_suffix,xsalsa20_poly1305
[2025-06-18 13:05:03.958] [info]  [Connection(default)] Connection state change: CONNECTING => CONNECTED
[2025-06-18 13:05:03.958] [info]  [RTCConnection(1327844790028730418, default)] RTC media connection state change: RTC_CONNECTING => CONNECTED
[2025-06-18 13:05:03.958] [info]  [RTCConnection(1327844790028730418, default)] RTC connection state: RTC_CONNECTING => RTC_CONNECTED
[2025-06-18 13:05:03.961] [info]  [RTCConnection(1327844790028730418, default)] RTC connected to media server: 104.29.158.173:19316
[2025-06-18 13:05:03.962] [info]  [RTCConnection(1327844790028730418, default)] Sending UDP info to RTC server. [object Object] fixed_keyframe_interval,keyframe_on_join,network_aware_socket
[2025-06-18 13:05:04.034] [info]  [RTCConnection(1327844790028730418, default)] Setting media-session-id: bb09d8d37c040a5305f3daf71cc0165f for rtc-connection-id: a24f09ef-bb2a-428f-ba1c-f306a4e39793
[2025-06-18 13:05:04.035] [info]  [Connection(default)] Selected encryption mode: aead_aes256_gcm_rtpsize
[2025-06-18 13:05:04.035] [info]  [Connection(default)] DAVE protocol state update: {"version":0,"epochAuthenticator":""}
[2025-06-18 13:05:04.036] [info]  [RTCConnection(1327844790028730418, default)] Remote media sink wants: {"any":100}
[2025-06-18 13:05:12.110] [info]  [RTCConnection(1327844790028730418, default)] Updating channel: 1335418618753847418(2)
[2025-06-18 13:05:12.976] [info]  [RTCConnection(1327844790028730418, default)] Updating channel: 1335418618753847418(2)
[2025-06-18 13:05:16.283] [info]  [RTCConnection(1327844790028730418, default)] Destroy RTCConnection
[2025-06-18 13:05:16.284] [info]  [RTCControlSocket(default)] CLOSE
[2025-06-18 13:05:16.284] [info]  [RTCConnection(1327844790028730418, default)] Disconnected from RTC server, clean: true, code: 1000, reason: Force Close, state: RTC_CONNECTED
[2025-06-18 13:05:16.286] [info]  [Connection(default)] Connection state change: CONNECTED => DISCONNECTED
[2025-06-18 13:05:16.287] [info]  [RTCConnection(1327844790028730418, default)] RTC media connection state change: RTC_CONNECTED => DISCONNECTED
[2025-06-18 13:05:16.287] [info]  [RTCConnection(1327844790028730418, default)] RTC connection state: RTC_CONNECTED => RTC_DISCONNECTED
[2025-06-18 13:05:16.287] [info]  [Connection(default)] Connection state change: DISCONNECTED => DISCONNECTED
[2025-06-18 13:05:16.287] [info]  [RTCConnection(1327844790028730418, default)] RTC media connection state change: RTC_DISCONNECTED => DISCONNECTED
[2025-06-18 13:05:16.287] [info]  [RTCConnection(1327844790028730418, default)] RTC connection state: RTC_DISCONNECTED => RTC_DISCONNECTED
[2025-06-18 13:05:16.288] [info]  [RTCConnection(1327844790028730418, default)] RTC connection state: RTC_DISCONNECTED => DISCONNECTED
[2025-06-18 13:05:16.377] [warn]  [RTCConnection(1327844790028730418, default)] Error: codec survey is not available
[2025-06-18 13:05:18.032] [info]  [discord_protos.discord_users.v1.FrecencyUserSettings] Loading proto
[2025-06-18 13:05:21.504] [warn]  The resource https://discordapp.com/assets/189422196a4f8b53.woff2 was preloaded using link preload but not used within a few seconds from the window's load event. Please make sure it has an appropriate `as` value and it is preloaded intentionally.
[2025-06-18 13:05:21.505] [warn]  The resource https://discordapp.com/assets/dd24010f3cf7def7.woff2 was preloaded using link preload but not used within a few seconds from the window's load event. Please make sure it has an appropriate `as` value and it is preloaded intentionally.
[2025-06-18 13:05:21.505] [warn]  The resource https://discordapp.com/assets/7a6a566c2e88a35d.woff2 was preloaded using link preload but not used within a few seconds from the window's load event. Please make sure it has an appropriate `as` value and it is preloaded intentionally.
[2025-06-18 13:05:21.505] [warn]  The resource https://discordapp.com/assets/e52f0cba712e2fb4.woff2 was preloaded using link preload but not used within a few seconds from the window's load event. Please make sure it has an appropriate `as` value and it is preloaded intentionally.
[2025-06-18 13:05:21.505] [warn]  The resource https://discordapp.com/assets/ce3b8055f5114434.woff2 was preloaded using link preload but not used within a few seconds from the window's load event. Please make sure it has an appropriate `as` value and it is preloaded intentionally.
[2025-06-18 13:05:21.505] [warn]  The resource https://discordapp.com/assets/cb2006dbced0e246.woff2 was preloaded using link preload but not used within a few seconds from the window's load event. Please make sure it has an appropriate `as` value and it is preloaded intentionally.
[2025-06-18 13:05:44.294] [warn]  The resource https://discordapp.com/assets/189422196a4f8b53.woff2 was preloaded using link preload but not used within a few seconds from the window's load event. Please make sure it has an appropriate `as` value and it is preloaded intentionally.
[2025-06-18 13:05:44.295] [warn]  The resource https://discordapp.com/assets/dd24010f3cf7def7.woff2 was preloaded using link preload but not used within a few seconds from the window's load event. Please make sure it has an appropriate `as` value and it is preloaded intentionally.
[2025-06-18 13:05:44.295] [warn]  The resource https://discordapp.com/assets/7a6a566c2e88a35d.woff2 was preloaded using link preload but not used within a few seconds from the window's load event. Please make sure it has an appropriate `as` value and it is preloaded intentionally.
[2025-06-18 13:05:44.295] [warn]  The resource https://discordapp.com/assets/e52f0cba712e2fb4.woff2 was preloaded using link preload but not used within a few seconds from the window's load event. Please make sure it has an appropriate `as` value and it is preloaded intentionally.
[2025-06-18 13:05:44.296] [warn]  The resource https://discordapp.com/assets/ce3b8055f5114434.woff2 was preloaded using link preload but not used within a few seconds from the window's load event. Please make sure it has an appropriate `as` value and it is preloaded intentionally.
[2025-06-18 13:05:44.296] [warn]  The resource https://discordapp.com/assets/cb2006dbced0e246.woff2 was preloaded using link preload but not used within a few seconds from the window's load event. Please make sure it has an appropriate `as` value and it is preloaded intentionally.
[2025-06-18 13:05:49.265] [warn]  The resource https://discordapp.com/assets/189422196a4f8b53.woff2 was preloaded using link preload but not used within a few seconds from the window's load event. Please make sure it has an appropriate `as` value and it is preloaded intentionally.
[2025-06-18 13:05:49.266] [warn]  The resource https://discordapp.com/assets/dd24010f3cf7def7.woff2 was preloaded using link preload but not used within a few seconds from the window's load event. Please make sure it has an appropriate `as` value and it is preloaded intentionally.
[2025-06-18 13:05:49.266] [warn]  The resource https://discordapp.com/assets/7a6a566c2e88a35d.woff2 was preloaded using link preload but not used within a few seconds from the window's load event. Please make sure it has an appropriate `as` value and it is preloaded intentionally.
[2025-06-18 13:05:49.266] [warn]  The resource https://discordapp.com/assets/e52f0cba712e2fb4.woff2 was preloaded using link preload but not used within a few seconds from the window's load event. Please make sure it has an appropriate `as` value and it is preloaded intentionally.
[2025-06-18 13:05:49.266] [warn]  The resource https://discordapp.com/assets/ce3b8055f5114434.woff2 was preloaded using link preload but not used within a few seconds from the window's load event. Please make sure it has an appropriate `as` value and it is preloaded intentionally.
[2025-06-18 13:05:49.266] [warn]  The resource https://discordapp.com/assets/cb2006dbced0e246.woff2 was preloaded using link preload but not used within a few seconds from the window's load event. Please make sure it has an appropriate `as` value and it is preloaded intentionally.
[2025-06-18 13:07:30.999] [info]  [RunningGameStore] Running Games Changed [object Object]
[2025-06-18 13:07:31.001] [info]  [OverlayBridgeStore] updateIntendedOverlayPIDs [object Object]
[2025-06-18 13:07:41.772] [info]  [Spotify] Devices updated for x5m5sty6er60i01r15mw3qy3n: [object Object]
[2025-06-18 13:07:44.777] [warn]  The resource https://discordapp.com/assets/189422196a4f8b53.woff2 was preloaded using link preload but not used within a few seconds from the window's load event. Please make sure it has an appropriate `as` value and it is preloaded intentionally.
[2025-06-18 13:07:44.777] [warn]  The resource https://discordapp.com/assets/dd24010f3cf7def7.woff2 was preloaded using link preload but not used within a few seconds from the window's load event. Please make sure it has an appropriate `as` value and it is preloaded intentionally.
[2025-06-18 13:07:44.777] [warn]  The resource https://discordapp.com/assets/7a6a566c2e88a35d.woff2 was preloaded using link preload but not used within a few seconds from the window's load event. Please make sure it has an appropriate `as` value and it is preloaded intentionally.
[2025-06-18 13:07:44.777] [warn]  The resource https://discordapp.com/assets/e52f0cba712e2fb4.woff2 was preloaded using link preload but not used within a few seconds from the window's load event. Please make sure it has an appropriate `as` value and it is preloaded intentionally.
[2025-06-18 13:07:44.777] [warn]  The resource https://discordapp.com/assets/ce3b8055f5114434.woff2 was preloaded using link preload but not used within a few seconds from the window's load event. Please make sure it has an appropriate `as` value and it is preloaded intentionally.
[2025-06-18 13:07:44.778] [warn]  The resource https://discordapp.com/assets/cb2006dbced0e246.woff2 was preloaded using link preload but not used within a few seconds from the window's load event. Please make sure it has an appropriate `as` value and it is preloaded intentionally.
[2025-06-18 13:07:49.207] [info]  [Spotify] Devices updated for x5m5sty6er60i01r15mw3qy3n: [object Object],[object Object]
[2025-06-18 13:07:51.030] [info]  [RunningGameStore] Running Games Changed [object Object]
[2025-06-18 13:07:51.031] [info]  [OverlayBridgeStore] updateIntendedOverlayPIDs [object Object]
[2025-06-18 13:07:52.202] [info]  [Spotify] Devices updated for x5m5sty6er60i01r15mw3qy3n: [object Object]
[2025-06-18 13:07:55.209] [warn]  The resource https://discordapp.com/assets/189422196a4f8b53.woff2 was preloaded using link preload but not used within a few seconds from the window's load event. Please make sure it has an appropriate `as` value and it is preloaded intentionally.
[2025-06-18 13:07:55.210] [warn]  The resource https://discordapp.com/assets/dd24010f3cf7def7.woff2 was preloaded using link preload but not used within a few seconds from the window's load event. Please make sure it has an appropriate `as` value and it is preloaded intentionally.
[2025-06-18 13:07:55.210] [warn]  The resource https://discordapp.com/assets/7a6a566c2e88a35d.woff2 was preloaded using link preload but not used within a few seconds from the window's load event. Please make sure it has an appropriate `as` value and it is preloaded intentionally.
[2025-06-18 13:07:55.210] [warn]  The resource https://discordapp.com/assets/e52f0cba712e2fb4.woff2 was preloaded using link preload but not used within a few seconds from the window's load event. Please make sure it has an appropriate `as` value and it is preloaded intentionally.
[2025-06-18 13:07:55.210] [warn]  The resource https://discordapp.com/assets/ce3b8055f5114434.woff2 was preloaded using link preload but not used within a few seconds from the window's load event. Please make sure it has an appropriate `as` value and it is preloaded intentionally.
[2025-06-18 13:07:55.210] [warn]  The resource https://discordapp.com/assets/cb2006dbced0e246.woff2 was preloaded using link preload but not used within a few seconds from the window's load event. Please make sure it has an appropriate `as` value and it is preloaded intentionally.
[2025-06-18 13:07:56.039] [info]  [RunningGameStore] Running Games Changed [object Object]
[2025-06-18 13:07:56.040] [info]  [OverlayBridgeStore] updateIntendedOverlayPIDs [object Object]
[2025-06-18 13:08:21.043] [info]  [RunningGameStore] Running Games Changed [object Object]
[2025-06-18 13:08:21.044] [info]  [OverlayBridgeStore] updateIntendedOverlayPIDs [object Object]
[2025-06-18 13:08:26.043] [info]  [RunningGameStore] Running Games Changed [object Object]
[2025-06-18 13:08:26.045] [info]  [OverlayBridgeStore] updateIntendedOverlayPIDs [object Object]
[2025-06-18 13:08:31.045] [info]  [RunningGameStore] Running Games Changed [object Object]
[2025-06-18 13:08:31.047] [info]  [OverlayBridgeStore] updateIntendedOverlayPIDs [object Object]
[2025-06-18 13:10:31.241] [info]  [RunningGameStore] Running Games Changed [object Object]
[2025-06-18 13:10:31.242] [info]  [OverlayBridgeStore] updateIntendedOverlayPIDs [object Object]
[2025-06-18 13:10:51.249] [info]  [RunningGameStore] Running Games Changed [object Object]
[2025-06-18 13:10:51.251] [info]  [OverlayBridgeStore] updateIntendedOverlayPIDs [object Object]
[2025-06-18 13:12:41.396] [info]  [RunningGameStore] Running Games Changed [object Object]
[2025-06-18 13:12:41.397] [info]  [OverlayBridgeStore] updateIntendedOverlayPIDs [object Object]
[2025-06-18 13:13:26.411] [info]  [RunningGameStore] Running Games Changed [object Object]
[2025-06-18 13:13:26.413] [info]  [OverlayBridgeStore] updateIntendedOverlayPIDs [object Object]
[2025-06-18 13:13:46.414] [info]  [RunningGameStore] Running Games Changed [object Object]
[2025-06-18 13:13:46.416] [info]  [OverlayBridgeStore] updateIntendedOverlayPIDs [object Object]
[2025-06-18 13:14:01.412] [info]  [RunningGameStore] Running Games Changed [object Object]
[2025-06-18 13:14:01.414] [info]  [OverlayBridgeStore] updateIntendedOverlayPIDs [object Object]
[2025-06-18 13:14:07.386] [warn]  The resource https://discordapp.com/assets/189422196a4f8b53.woff2 was preloaded using link preload but not used within a few seconds from the window's load event. Please make sure it has an appropriate `as` value and it is preloaded intentionally.
[2025-06-18 13:14:07.387] [warn]  The resource https://discordapp.com/assets/dd24010f3cf7def7.woff2 was preloaded using link preload but not used within a few seconds from the window's load event. Please make sure it has an appropriate `as` value and it is preloaded intentionally.
[2025-06-18 13:14:07.387] [warn]  The resource https://discordapp.com/assets/7a6a566c2e88a35d.woff2 was preloaded using link preload but not used within a few seconds from the window's load event. Please make sure it has an appropriate `as` value and it is preloaded intentionally.
[2025-06-18 13:14:07.387] [warn]  The resource https://discordapp.com/assets/e52f0cba712e2fb4.woff2 was preloaded using link preload but not used within a few seconds from the window's load event. Please make sure it has an appropriate `as` value and it is preloaded intentionally.
[2025-06-18 13:14:07.387] [warn]  The resource https://discordapp.com/assets/ce3b8055f5114434.woff2 was preloaded using link preload but not used within a few seconds from the window's load event. Please make sure it has an appropriate `as` value and it is preloaded intentionally.
[2025-06-18 13:14:07.387] [warn]  The resource https://discordapp.com/assets/cb2006dbced0e246.woff2 was preloaded using link preload but not used within a few seconds from the window's load event. Please make sure it has an appropriate `as` value and it is preloaded intentionally.
[2025-06-18 13:14:16.416] [info]  [RunningGameStore] Running Games Changed [object Object]
[2025-06-18 13:14:16.418] [info]  [OverlayBridgeStore] updateIntendedOverlayPIDs [object Object]
[2025-06-18 13:14:26.418] [info]  [RunningGameStore] Running Games Changed [object Object]
[2025-06-18 13:14:26.420] [info]  [OverlayBridgeStore] updateIntendedOverlayPIDs [object Object]
[2025-06-18 13:14:31.423] [info]  [RunningGameStore] Running Games Changed [object Object]
[2025-06-18 13:14:31.424] [info]  [OverlayBridgeStore] updateIntendedOverlayPIDs [object Object]
[2025-06-18 13:14:40.559] [warn]  The resource https://discordapp.com/assets/189422196a4f8b53.woff2 was preloaded using link preload but not used within a few seconds from the window's load event. Please make sure it has an appropriate `as` value and it is preloaded intentionally.
[2025-06-18 13:14:40.559] [warn]  The resource https://discordapp.com/assets/dd24010f3cf7def7.woff2 was preloaded using link preload but not used within a few seconds from the window's load event. Please make sure it has an appropriate `as` value and it is preloaded intentionally.
[2025-06-18 13:14:40.559] [warn]  The resource https://discordapp.com/assets/7a6a566c2e88a35d.woff2 was preloaded using link preload but not used within a few seconds from the window's load event. Please make sure it has an appropriate `as` value and it is preloaded intentionally.
[2025-06-18 13:14:40.559] [warn]  The resource https://discordapp.com/assets/e52f0cba712e2fb4.woff2 was preloaded using link preload but not used within a few seconds from the window's load event. Please make sure it has an appropriate `as` value and it is preloaded intentionally.
[2025-06-18 13:14:40.559] [warn]  The resource https://discordapp.com/assets/ce3b8055f5114434.woff2 was preloaded using link preload but not used within a few seconds from the window's load event. Please make sure it has an appropriate `as` value and it is preloaded intentionally.
[2025-06-18 13:14:40.560] [warn]  The resource https://discordapp.com/assets/cb2006dbced0e246.woff2 was preloaded using link preload but not used within a few seconds from the window's load event. Please make sure it has an appropriate `as` value and it is preloaded intentionally.
[2025-06-18 13:15:01.425] [info]  [RunningGameStore] Running Games Changed [object Object]
[2025-06-18 13:15:01.426] [info]  [OverlayBridgeStore] updateIntendedOverlayPIDs [object Object]
[2025-06-18 13:16:11.457] [info]  [RunningGameStore] Running Games Changed [object Object]
[2025-06-18 13:16:11.459] [info]  [OverlayBridgeStore] updateIntendedOverlayPIDs [object Object]
[2025-06-18 13:16:51.477] [info]  [RunningGameStore] Running Games Changed [object Object]
[2025-06-18 13:16:51.478] [info]  [OverlayBridgeStore] updateIntendedOverlayPIDs [object Object]
[2025-06-18 13:17:56.494] [info]  [RunningGameStore] Running Games Changed [object Object]
[2025-06-18 13:17:56.495] [info]  [OverlayBridgeStore] updateIntendedOverlayPIDs [object Object]
[2025-06-18 13:18:01.493] [info]  [RunningGameStore] Running Games Changed [object Object]
[2025-06-18 13:18:01.494] [info]  [OverlayBridgeStore] updateIntendedOverlayPIDs [object Object]
[2025-06-18 13:18:52.759] [warn]  The resource https://discordapp.com/assets/189422196a4f8b53.woff2 was preloaded using link preload but not used within a few seconds from the window's load event. Please make sure it has an appropriate `as` value and it is preloaded intentionally.
[2025-06-18 13:18:52.760] [warn]  The resource https://discordapp.com/assets/dd24010f3cf7def7.woff2 was preloaded using link preload but not used within a few seconds from the window's load event. Please make sure it has an appropriate `as` value and it is preloaded intentionally.
[2025-06-18 13:18:52.760] [warn]  The resource https://discordapp.com/assets/7a6a566c2e88a35d.woff2 was preloaded using link preload but not used within a few seconds from the window's load event. Please make sure it has an appropriate `as` value and it is preloaded intentionally.
[2025-06-18 13:18:52.760] [warn]  The resource https://discordapp.com/assets/e52f0cba712e2fb4.woff2 was preloaded using link preload but not used within a few seconds from the window's load event. Please make sure it has an appropriate `as` value and it is preloaded intentionally.
[2025-06-18 13:18:52.760] [warn]  The resource https://discordapp.com/assets/ce3b8055f5114434.woff2 was preloaded using link preload but not used within a few seconds from the window's load event. Please make sure it has an appropriate `as` value and it is preloaded intentionally.
[2025-06-18 13:18:52.760] [warn]  The resource https://discordapp.com/assets/cb2006dbced0e246.woff2 was preloaded using link preload but not used within a few seconds from the window's load event. Please make sure it has an appropriate `as` value and it is preloaded intentionally.
[2025-06-18 13:19:01.119] [warn]  The resource https://discordapp.com/assets/189422196a4f8b53.woff2 was preloaded using link preload but not used within a few seconds from the window's load event. Please make sure it has an appropriate `as` value and it is preloaded intentionally.
[2025-06-18 13:19:01.119] [warn]  The resource https://discordapp.com/assets/dd24010f3cf7def7.woff2 was preloaded using link preload but not used within a few seconds from the window's load event. Please make sure it has an appropriate `as` value and it is preloaded intentionally.
[2025-06-18 13:19:01.120] [warn]  The resource https://discordapp.com/assets/7a6a566c2e88a35d.woff2 was preloaded using link preload but not used within a few seconds from the window's load event. Please make sure it has an appropriate `as` value and it is preloaded intentionally.
[2025-06-18 13:19:01.120] [warn]  The resource https://discordapp.com/assets/e52f0cba712e2fb4.woff2 was preloaded using link preload but not used within a few seconds from the window's load event. Please make sure it has an appropriate `as` value and it is preloaded intentionally.
[2025-06-18 13:19:01.120] [warn]  The resource https://discordapp.com/assets/ce3b8055f5114434.woff2 was preloaded using link preload but not used within a few seconds from the window's load event. Please make sure it has an appropriate `as` value and it is preloaded intentionally.
[2025-06-18 13:19:01.120] [warn]  The resource https://discordapp.com/assets/cb2006dbced0e246.woff2 was preloaded using link preload but not used within a few seconds from the window's load event. Please make sure it has an appropriate `as` value and it is preloaded intentionally.
[2025-06-18 13:19:19.991] [warn]  The resource https://discordapp.com/assets/189422196a4f8b53.woff2 was preloaded using link preload but not used within a few seconds from the window's load event. Please make sure it has an appropriate `as` value and it is preloaded intentionally.
[2025-06-18 13:19:19.991] [warn]  The resource https://discordapp.com/assets/dd24010f3cf7def7.woff2 was preloaded using link preload but not used within a few seconds from the window's load event. Please make sure it has an appropriate `as` value and it is preloaded intentionally.
[2025-06-18 13:19:19.991] [warn]  The resource https://discordapp.com/assets/7a6a566c2e88a35d.woff2 was preloaded using link preload but not used within a few seconds from the window's load event. Please make sure it has an appropriate `as` value and it is preloaded intentionally.
[2025-06-18 13:19:19.992] [warn]  The resource https://discordapp.com/assets/e52f0cba712e2fb4.woff2 was preloaded using link preload but not used within a few seconds from the window's load event. Please make sure it has an appropriate `as` value and it is preloaded intentionally.
[2025-06-18 13:19:19.992] [warn]  The resource https://discordapp.com/assets/ce3b8055f5114434.woff2 was preloaded using link preload but not used within a few seconds from the window's load event. Please make sure it has an appropriate `as` value and it is preloaded intentionally.
[2025-06-18 13:19:19.992] [warn]  The resource https://discordapp.com/assets/cb2006dbced0e246.woff2 was preloaded using link preload but not used within a few seconds from the window's load event. Please make sure it has an appropriate `as` value and it is preloaded intentionally.
[2025-06-18 13:19:23.701] [warn]  The resource https://discordapp.com/assets/189422196a4f8b53.woff2 was preloaded using link preload but not used within a few seconds from the window's load event. Please make sure it has an appropriate `as` value and it is preloaded intentionally.
[2025-06-18 13:19:23.701] [warn]  The resource https://discordapp.com/assets/dd24010f3cf7def7.woff2 was preloaded using link preload but not used within a few seconds from the window's load event. Please make sure it has an appropriate `as` value and it is preloaded intentionally.
[2025-06-18 13:19:23.701] [warn]  The resource https://discordapp.com/assets/7a6a566c2e88a35d.woff2 was preloaded using link preload but not used within a few seconds from the window's load event. Please make sure it has an appropriate `as` value and it is preloaded intentionally.
[2025-06-18 13:19:23.702] [warn]  The resource https://discordapp.com/assets/e52f0cba712e2fb4.woff2 was preloaded using link preload but not used within a few seconds from the window's load event. Please make sure it has an appropriate `as` value and it is preloaded intentionally.
[2025-06-18 13:19:23.702] [warn]  The resource https://discordapp.com/assets/ce3b8055f5114434.woff2 was preloaded using link preload but not used within a few seconds from the window's load event. Please make sure it has an appropriate `as` value and it is preloaded intentionally.
[2025-06-18 13:19:23.702] [warn]  The resource https://discordapp.com/assets/cb2006dbced0e246.woff2 was preloaded using link preload but not used within a few seconds from the window's load event. Please make sure it has an appropriate `as` value and it is preloaded intentionally.
[2025-06-18 13:19:51.584] [info]  [RunningGameStore] Running Games Changed [object Object]
[2025-06-18 13:19:51.585] [info]  [OverlayBridgeStore] updateIntendedOverlayPIDs [object Object]
[2025-06-18 13:20:16.586] [info]  [RunningGameStore] Running Games Changed [object Object]
[2025-06-18 13:20:16.587] [info]  [OverlayBridgeStore] updateIntendedOverlayPIDs [object Object]
[2025-06-18 13:20:36.590] [info]  [RunningGameStore] Running Games Changed [object Object]
[2025-06-18 13:20:36.591] [info]  [OverlayBridgeStore] updateIntendedOverlayPIDs [object Object]
[2025-06-18 13:20:51.589] [info]  [RunningGameStore] Running Games Changed [object Object]
[2025-06-18 13:20:51.591] [info]  [OverlayBridgeStore] updateIntendedOverlayPIDs [object Object]
[2025-06-18 13:20:56.590] [info]  [RunningGameStore] Running Games Changed [object Object]
[2025-06-18 13:20:56.591] [info]  [OverlayBridgeStore] updateIntendedOverlayPIDs [object Object]
[2025-06-18 13:21:56.596] [info]  [RunningGameStore] Running Games Changed [object Object]
[2025-06-18 13:21:56.597] [info]  [OverlayBridgeStore] updateIntendedOverlayPIDs [object Object]
[2025-06-18 13:22:01.597] [info]  [RunningGameStore] Running Games Changed [object Object]
[2025-06-18 13:22:01.598] [info]  [OverlayBridgeStore] updateIntendedOverlayPIDs [object Object]
[2025-06-18 13:22:06.606] [info]  [RunningGameStore] Running Games Changed [object Object]
[2025-06-18 13:22:06.607] [info]  [OverlayBridgeStore] updateIntendedOverlayPIDs [object Object]
[2025-06-18 13:22:21.616] [info]  [RunningGameStore] Running Games Changed [object Object]
[2025-06-18 13:22:21.618] [info]  [OverlayBridgeStore] updateIntendedOverlayPIDs [object Object]
[2025-06-18 13:22:31.617] [info]  [RunningGameStore] Running Games Changed [object Object]
[2025-06-18 13:22:31.618] [info]  [OverlayBridgeStore] updateIntendedOverlayPIDs [object Object]
[2025-06-18 13:22:45.600] [warn]  The resource https://discordapp.com/assets/189422196a4f8b53.woff2 was preloaded using link preload but not used within a few seconds from the window's load event. Please make sure it has an appropriate `as` value and it is preloaded intentionally.
[2025-06-18 13:22:45.600] [warn]  The resource https://discordapp.com/assets/dd24010f3cf7def7.woff2 was preloaded using link preload but not used within a few seconds from the window's load event. Please make sure it has an appropriate `as` value and it is preloaded intentionally.
[2025-06-18 13:22:45.600] [warn]  The resource https://discordapp.com/assets/7a6a566c2e88a35d.woff2 was preloaded using link preload but not used within a few seconds from the window's load event. Please make sure it has an appropriate `as` value and it is preloaded intentionally.
[2025-06-18 13:22:45.600] [warn]  The resource https://discordapp.com/assets/e52f0cba712e2fb4.woff2 was preloaded using link preload but not used within a few seconds from the window's load event. Please make sure it has an appropriate `as` value and it is preloaded intentionally.
[2025-06-18 13:22:45.601] [warn]  The resource https://discordapp.com/assets/ce3b8055f5114434.woff2 was preloaded using link preload but not used within a few seconds from the window's load event. Please make sure it has an appropriate `as` value and it is preloaded intentionally.
[2025-06-18 13:22:45.601] [warn]  The resource https://discordapp.com/assets/cb2006dbced0e246.woff2 was preloaded using link preload but not used within a few seconds from the window's load event. Please make sure it has an appropriate `as` value and it is preloaded intentionally.
[2025-06-18 13:23:06.623] [info]  [RunningGameStore] Running Games Changed [object Object]
[2025-06-18 13:23:06.624] [info]  [OverlayBridgeStore] updateIntendedOverlayPIDs [object Object]
[2025-06-18 13:23:51.628] [info]  [RunningGameStore] Running Games Changed [object Object]
[2025-06-18 13:23:51.629] [info]  [OverlayBridgeStore] updateIntendedOverlayPIDs [object Object]
[2025-06-18 13:23:56.584] [warn]  The resource https://discordapp.com/assets/189422196a4f8b53.woff2 was preloaded using link preload but not used within a few seconds from the window's load event. Please make sure it has an appropriate `as` value and it is preloaded intentionally.
[2025-06-18 13:23:56.584] [warn]  The resource https://discordapp.com/assets/dd24010f3cf7def7.woff2 was preloaded using link preload but not used within a few seconds from the window's load event. Please make sure it has an appropriate `as` value and it is preloaded intentionally.
[2025-06-18 13:23:56.584] [warn]  The resource https://discordapp.com/assets/7a6a566c2e88a35d.woff2 was preloaded using link preload but not used within a few seconds from the window's load event. Please make sure it has an appropriate `as` value and it is preloaded intentionally.
[2025-06-18 13:23:56.584] [warn]  The resource https://discordapp.com/assets/e52f0cba712e2fb4.woff2 was preloaded using link preload but not used within a few seconds from the window's load event. Please make sure it has an appropriate `as` value and it is preloaded intentionally.
[2025-06-18 13:23:56.584] [warn]  The resource https://discordapp.com/assets/ce3b8055f5114434.woff2 was preloaded using link preload but not used within a few seconds from the window's load event. Please make sure it has an appropriate `as` value and it is preloaded intentionally.
[2025-06-18 13:23:56.585] [warn]  The resource https://discordapp.com/assets/cb2006dbced0e246.woff2 was preloaded using link preload but not used within a few seconds from the window's load event. Please make sure it has an appropriate `as` value and it is preloaded intentionally.
[2025-06-18 13:23:56.626] [info]  [RunningGameStore] Running Games Changed [object Object]
[2025-06-18 13:23:56.627] [info]  [OverlayBridgeStore] updateIntendedOverlayPIDs [object Object]
[2025-06-18 13:24:13.379] [warn]  The resource https://discordapp.com/assets/189422196a4f8b53.woff2 was preloaded using link preload but not used within a few seconds from the window's load event. Please make sure it has an appropriate `as` value and it is preloaded intentionally.
[2025-06-18 13:24:13.379] [warn]  The resource https://discordapp.com/assets/dd24010f3cf7def7.woff2 was preloaded using link preload but not used within a few seconds from the window's load event. Please make sure it has an appropriate `as` value and it is preloaded intentionally.
[2025-06-18 13:24:13.379] [warn]  The resource https://discordapp.com/assets/7a6a566c2e88a35d.woff2 was preloaded using link preload but not used within a few seconds from the window's load event. Please make sure it has an appropriate `as` value and it is preloaded intentionally.
[2025-06-18 13:24:13.379] [warn]  The resource https://discordapp.com/assets/e52f0cba712e2fb4.woff2 was preloaded using link preload but not used within a few seconds from the window's load event. Please make sure it has an appropriate `as` value and it is preloaded intentionally.
[2025-06-18 13:24:13.379] [warn]  The resource https://discordapp.com/assets/ce3b8055f5114434.woff2 was preloaded using link preload but not used within a few seconds from the window's load event. Please make sure it has an appropriate `as` value and it is preloaded intentionally.
[2025-06-18 13:24:13.379] [warn]  The resource https://discordapp.com/assets/cb2006dbced0e246.woff2 was preloaded using link preload but not used within a few seconds from the window's load event. Please make sure it has an appropriate `as` value and it is preloaded intentionally.
[2025-06-18 13:24:16.629] [info]  [RunningGameStore] Running Games Changed [object Object]
[2025-06-18 13:24:16.630] [info]  [OverlayBridgeStore] updateIntendedOverlayPIDs [object Object]
[2025-06-18 13:24:21.630] [info]  [RunningGameStore] Running Games Changed [object Object]
[2025-06-18 13:24:21.631] [info]  [OverlayBridgeStore] updateIntendedOverlayPIDs [object Object]
[2025-06-18 13:24:39.617] [warn]  The resource https://discordapp.com/assets/189422196a4f8b53.woff2 was preloaded using link preload but not used within a few seconds from the window's load event. Please make sure it has an appropriate `as` value and it is preloaded intentionally.
[2025-06-18 13:24:39.617] [warn]  The resource https://discordapp.com/assets/dd24010f3cf7def7.woff2 was preloaded using link preload but not used within a few seconds from the window's load event. Please make sure it has an appropriate `as` value and it is preloaded intentionally.
[2025-06-18 13:24:39.617] [warn]  The resource https://discordapp.com/assets/7a6a566c2e88a35d.woff2 was preloaded using link preload but not used within a few seconds from the window's load event. Please make sure it has an appropriate `as` value and it is preloaded intentionally.
[2025-06-18 13:24:39.618] [warn]  The resource https://discordapp.com/assets/e52f0cba712e2fb4.woff2 was preloaded using link preload but not used within a few seconds from the window's load event. Please make sure it has an appropriate `as` value and it is preloaded intentionally.
[2025-06-18 13:24:39.618] [warn]  The resource https://discordapp.com/assets/ce3b8055f5114434.woff2 was preloaded using link preload but not used within a few seconds from the window's load event. Please make sure it has an appropriate `as` value and it is preloaded intentionally.
[2025-06-18 13:24:39.618] [warn]  The resource https://discordapp.com/assets/cb2006dbced0e246.woff2 was preloaded using link preload but not used within a few seconds from the window's load event. Please make sure it has an appropriate `as` value and it is preloaded intentionally.
[2025-06-18 13:24:56.631] [info]  [RunningGameStore] Running Games Changed [object Object]
[2025-06-18 13:24:56.632] [info]  [OverlayBridgeStore] updateIntendedOverlayPIDs [object Object]
[2025-06-18 13:25:29.114] [warn]  The resource https://discordapp.com/assets/189422196a4f8b53.woff2 was preloaded using link preload but not used within a few seconds from the window's load event. Please make sure it has an appropriate `as` value and it is preloaded intentionally.
[2025-06-18 13:25:29.114] [warn]  The resource https://discordapp.com/assets/dd24010f3cf7def7.woff2 was preloaded using link preload but not used within a few seconds from the window's load event. Please make sure it has an appropriate `as` value and it is preloaded intentionally.
[2025-06-18 13:25:29.114] [warn]  The resource https://discordapp.com/assets/7a6a566c2e88a35d.woff2 was preloaded using link preload but not used within a few seconds from the window's load event. Please make sure it has an appropriate `as` value and it is preloaded intentionally.
[2025-06-18 13:25:29.114] [warn]  The resource https://discordapp.com/assets/e52f0cba712e2fb4.woff2 was preloaded using link preload but not used within a few seconds from the window's load event. Please make sure it has an appropriate `as` value and it is preloaded intentionally.
[2025-06-18 13:25:29.114] [warn]  The resource https://discordapp.com/assets/ce3b8055f5114434.woff2 was preloaded using link preload but not used within a few seconds from the window's load event. Please make sure it has an appropriate `as` value and it is preloaded intentionally.
[2025-06-18 13:25:29.114] [warn]  The resource https://discordapp.com/assets/cb2006dbced0e246.woff2 was preloaded using link preload but not used within a few seconds from the window's load event. Please make sure it has an appropriate `as` value and it is preloaded intentionally.
[2025-06-18 13:27:51.676] [info]  [RunningGameStore] Running Games Changed [object Object]
[2025-06-18 13:27:51.677] [info]  [OverlayBridgeStore] updateIntendedOverlayPIDs [object Object]
[2025-06-18 13:29:06.687] [info]  [RunningGameStore] Running Games Changed [object Object]
[2025-06-18 13:29:06.688] [info]  [OverlayBridgeStore] updateIntendedOverlayPIDs [object Object]
[2025-06-18 13:29:36.688] [info]  [RunningGameStore] Running Games Changed [object Object]
[2025-06-18 13:29:36.689] [info]  [OverlayBridgeStore] updateIntendedOverlayPIDs [object Object]
[2025-06-18 13:29:41.688] [info]  [RunningGameStore] Running Games Changed [object Object]
[2025-06-18 13:29:41.689] [info]  [OverlayBridgeStore] updateIntendedOverlayPIDs [object Object]
[2025-06-18 13:30:01.690] [info]  [RunningGameStore] Running Games Changed [object Object]
[2025-06-18 13:30:01.691] [info]  [OverlayBridgeStore] updateIntendedOverlayPIDs [object Object]
[2025-06-18 13:30:16.692] [info]  [RunningGameStore] Running Games Changed [object Object]
[2025-06-18 13:30:16.693] [info]  [OverlayBridgeStore] updateIntendedOverlayPIDs [object Object]
[2025-06-18 13:30:26.692] [info]  [RunningGameStore] Running Games Changed [object Object]
[2025-06-18 13:30:26.693] [info]  [OverlayBridgeStore] updateIntendedOverlayPIDs [object Object]
[2025-06-18 13:31:26.742] [info]  [RunningGameStore] Running Games Changed [object Object]
[2025-06-18 13:31:26.743] [info]  [OverlayBridgeStore] updateIntendedOverlayPIDs [object Object]
[2025-06-18 13:31:51.747] [info]  [RunningGameStore] Running Games Changed [object Object]
[2025-06-18 13:31:51.748] [info]  [OverlayBridgeStore] updateIntendedOverlayPIDs [object Object]
[2025-06-18 13:32:16.034] [warn]  The resource https://discordapp.com/assets/189422196a4f8b53.woff2 was preloaded using link preload but not used within a few seconds from the window's load event. Please make sure it has an appropriate `as` value and it is preloaded intentionally.
[2025-06-18 13:32:16.035] [warn]  The resource https://discordapp.com/assets/dd24010f3cf7def7.woff2 was preloaded using link preload but not used within a few seconds from the window's load event. Please make sure it has an appropriate `as` value and it is preloaded intentionally.
[2025-06-18 13:32:16.035] [warn]  The resource https://discordapp.com/assets/7a6a566c2e88a35d.woff2 was preloaded using link preload but not used within a few seconds from the window's load event. Please make sure it has an appropriate `as` value and it is preloaded intentionally.
[2025-06-18 13:32:16.035] [warn]  The resource https://discordapp.com/assets/e52f0cba712e2fb4.woff2 was preloaded using link preload but not used within a few seconds from the window's load event. Please make sure it has an appropriate `as` value and it is preloaded intentionally.
[2025-06-18 13:32:16.035] [warn]  The resource https://discordapp.com/assets/ce3b8055f5114434.woff2 was preloaded using link preload but not used within a few seconds from the window's load event. Please make sure it has an appropriate `as` value and it is preloaded intentionally.
[2025-06-18 13:32:16.035] [warn]  The resource https://discordapp.com/assets/cb2006dbced0e246.woff2 was preloaded using link preload but not used within a few seconds from the window's load event. Please make sure it has an appropriate `as` value and it is preloaded intentionally.
[2025-06-18 13:32:16.751] [info]  [RunningGameStore] Running Games Changed [object Object]
[2025-06-18 13:32:16.752] [info]  [OverlayBridgeStore] updateIntendedOverlayPIDs [object Object]
[2025-06-18 13:32:21.750] [info]  [RunningGameStore] Running Games Changed [object Object]
[2025-06-18 13:32:21.752] [info]  [OverlayBridgeStore] updateIntendedOverlayPIDs [object Object]
[2025-06-18 13:32:26.751] [info]  [RunningGameStore] Running Games Changed [object Object]
[2025-06-18 13:32:26.752] [info]  [OverlayBridgeStore] updateIntendedOverlayPIDs [object Object]
[2025-06-18 13:33:01.754] [info]  [RunningGameStore] Running Games Changed [object Object]
[2025-06-18 13:33:01.755] [info]  [OverlayBridgeStore] updateIntendedOverlayPIDs [object Object]
[2025-06-18 13:33:16.760] [info]  [RunningGameStore] Running Games Changed [object Object]
[2025-06-18 13:33:16.761] [info]  [OverlayBridgeStore] updateIntendedOverlayPIDs [object Object]
[2025-06-18 13:33:26.761] [info]  [RunningGameStore] Running Games Changed [object Object]
[2025-06-18 13:33:26.762] [info]  [OverlayBridgeStore] updateIntendedOverlayPIDs [object Object]
[2025-06-18 13:48:31.831] [info]  DiscordSplash.signalReady
[2025-06-18 13:48:31.938] [info]  DiscordSplash.onStateUpdate: {"status":"checking-for-updates"}
[2025-06-18 13:48:31.939] [info]  Splash.onStateUpdate: {"status":"checking-for-updates"}
[2025-06-18 13:48:32.308] [info]  DiscordSplash.onStateUpdate: {"status":"launching"}
[2025-06-18 13:48:32.311] [info]  Splash.onStateUpdate: {"status":"launching"}
[2025-06-18 13:48:32.851] [info]  Splash.updateCountdownSeconds: undefined
[2025-06-18 13:48:32.868] [info]  [FAST CONNECT] wss://gateway.discord.gg/?encoding=etf&v=9&compress=zstd-stream, encoding: etf, version: 9
[2025-06-18 13:48:33.047] [info]  [FAST CONNECT] connected in 177ms
[2025-06-18 13:48:33.726] [info]  [libdiscore] [experiment_manager] Loaded experiments from cache
[2025-06-18 13:48:33.831] [info]  Splash.updateCountdownSeconds: undefined
[2025-06-18 13:48:33.839] [info]  Initializing voice engine with audio subsystem: standard
[2025-06-18 13:48:33.932] [info]  [default] [BUILD INFO] Release Channel: stable, Build Number: 410706, Version Hash: 47190172cae712865d239ac522d4b72fafd2df37
[2025-06-18 13:48:34.024] [info]  [NoteStore] libdiscore enabled: false
[2025-06-18 13:48:34.028] [info]  [default] [NATIVE INFO] host 0.0.98, modules: discord_desktop_core: 1, discord_erlpack: 1, discord_spellcheck: 1, discord_utils: 1, discord_voice: 1, discord_zstd: 1, discord_krisp: 1, discord_game_utils: 1, discord_rpc: 1, build: null
[2025-06-18 13:48:34.031] [info]  [libdiscore] The answer for life the universe and everything is: 42
[2025-06-18 13:48:34.698] [error] [Spellchecker] sh is not a valid locale.
[2025-06-18 13:48:34.816] [info]  [Spellchecker] Switching to en-US (available)
[2025-06-18 13:48:35.198] [warn]  [CloudSyncUtils] CloudSync is not supported on this platform
[2025-06-18 13:48:35.303] [info]  [RPCServer:WSS] Starting on 6463
[2025-06-18 13:48:35.305] [info]  [RPCServer:IPC] Starting on /run/user/1000/discord-ipc-0
[2025-06-18 13:48:35.491] [info]  [GatewaySocket] [CONNECT] wss://gateway.discord.gg, encoding: etf, version: 9, compression: zstd-stream
[2025-06-18 13:48:35.491] [info]  [GatewaySocket] [FAST CONNECT] successfully took over websocket, state: [object Object]
[2025-06-18 13:48:35.492] [info]  [GatewaySocket] [CONNECTED] wss://gateway.discord.gg/?encoding=etf&v=9&compress=zstd-stream in 0 ms
[2025-06-18 13:48:37.888] [info]  [GatewaySocket] [READY] took 2396ms, as cbecebe3e867a7259e6a08808784c530
[2025-06-18 13:48:38.138] [info]  [Flux] Dispatching CONNECTION_OPEN
[2025-06-18 13:48:38.141] [info]  [DatabaseManager] removing database (user: 689556810142974050, database: undefined)
[2025-06-18 13:48:38.172] [warn]  [NativeDispatchUtils] Tried getting Dispatch instance before instantiated
[2025-06-18 13:48:38.216] [info]  [Spotify] WS Connecting
[2025-06-18 13:48:38.216] [info]  [Spotify] Added account: x5m5sty6er60i01r15mw3qy3n
[2025-06-18 13:48:38.827] [info]  [GatewaySocket] [READY_SUPPLEMENTAL] took 3336ms
[2025-06-18 13:48:38.832] [warn]  The resource https://discordapp.com/assets/189422196a4f8b53.woff2 was preloaded using link preload but not used within a few seconds from the window's load event. Please make sure it has an appropriate `as` value and it is preloaded intentionally.
[2025-06-18 13:48:38.833] [warn]  The resource https://discordapp.com/assets/dd24010f3cf7def7.woff2 was preloaded using link preload but not used within a few seconds from the window's load event. Please make sure it has an appropriate `as` value and it is preloaded intentionally.
[2025-06-18 13:48:38.833] [warn]  The resource https://discordapp.com/assets/7a6a566c2e88a35d.woff2 was preloaded using link preload but not used within a few seconds from the window's load event. Please make sure it has an appropriate `as` value and it is preloaded intentionally.
[2025-06-18 13:48:38.833] [warn]  The resource https://discordapp.com/assets/e52f0cba712e2fb4.woff2 was preloaded using link preload but not used within a few seconds from the window's load event. Please make sure it has an appropriate `as` value and it is preloaded intentionally.
[2025-06-18 13:48:38.833] [warn]  The resource https://discordapp.com/assets/ce3b8055f5114434.woff2 was preloaded using link preload but not used within a few seconds from the window's load event. Please make sure it has an appropriate `as` value and it is preloaded intentionally.
[2025-06-18 13:48:38.833] [warn]  The resource https://discordapp.com/assets/cb2006dbced0e246.woff2 was preloaded using link preload but not used within a few seconds from the window's load event. Please make sure it has an appropriate `as` value and it is preloaded intentionally.
[2025-06-18 13:48:39.025] [info]  [Spotify] WS Connected
[2025-06-18 13:48:39.219] [info]  [Spotify] Devices updated for x5m5sty6er60i01r15mw3qy3n: 
[2025-06-18 13:48:39.220] [info]  [Spotify] Profile updated for x5m5sty6er60i01r15mw3qy3n: isPremium = true
[2025-06-18 13:48:41.167] [error] Access to XMLHttpRequest at 'https://cdn.discordapp.com/changelogs/config_0.json?x=9' from origin 'https://discordapp.com' has been blocked by CORS policy: No 'Access-Control-Allow-Origin' header is present on the requested resource.
[2025-06-18 13:48:41.181] [error] Uncaught (in promise) Error: Request has been terminated
Possible causes: the network is offline, Origin is not allowed by Access-Control-Allow-Origin, the page is being unloaded, etc.
[2025-06-18 13:48:41.183] [error] Uncaught (in promise) #<Object>
[2025-06-18 13:48:47.786] [warn]  The resource https://discordapp.com/assets/189422196a4f8b53.woff2 was preloaded using link preload but not used within a few seconds from the window's load event. Please make sure it has an appropriate `as` value and it is preloaded intentionally.
[2025-06-18 13:48:47.787] [warn]  The resource https://discordapp.com/assets/dd24010f3cf7def7.woff2 was preloaded using link preload but not used within a few seconds from the window's load event. Please make sure it has an appropriate `as` value and it is preloaded intentionally.
[2025-06-18 13:48:47.787] [warn]  The resource https://discordapp.com/assets/7a6a566c2e88a35d.woff2 was preloaded using link preload but not used within a few seconds from the window's load event. Please make sure it has an appropriate `as` value and it is preloaded intentionally.
[2025-06-18 13:48:47.787] [warn]  The resource https://discordapp.com/assets/e52f0cba712e2fb4.woff2 was preloaded using link preload but not used within a few seconds from the window's load event. Please make sure it has an appropriate `as` value and it is preloaded intentionally.
[2025-06-18 13:48:47.787] [warn]  The resource https://discordapp.com/assets/ce3b8055f5114434.woff2 was preloaded using link preload but not used within a few seconds from the window's load event. Please make sure it has an appropriate `as` value and it is preloaded intentionally.
[2025-06-18 13:48:47.787] [warn]  The resource https://discordapp.com/assets/cb2006dbced0e246.woff2 was preloaded using link preload but not used within a few seconds from the window's load event. Please make sure it has an appropriate `as` value and it is preloaded intentionally.
[2025-06-18 13:48:51.032] [info]  [libdiscore] [BlockedDomainsStore] Successfully fetched blocked domains
[2025-06-18 13:48:54.032] [warn]  The resource https://discordapp.com/assets/189422196a4f8b53.woff2 was preloaded using link preload but not used within a few seconds from the window's load event. Please make sure it has an appropriate `as` value and it is preloaded intentionally.
[2025-06-18 13:48:54.032] [warn]  The resource https://discordapp.com/assets/dd24010f3cf7def7.woff2 was preloaded using link preload but not used within a few seconds from the window's load event. Please make sure it has an appropriate `as` value and it is preloaded intentionally.
[2025-06-18 13:48:54.032] [warn]  The resource https://discordapp.com/assets/7a6a566c2e88a35d.woff2 was preloaded using link preload but not used within a few seconds from the window's load event. Please make sure it has an appropriate `as` value and it is preloaded intentionally.
[2025-06-18 13:48:54.032] [warn]  The resource https://discordapp.com/assets/e52f0cba712e2fb4.woff2 was preloaded using link preload but not used within a few seconds from the window's load event. Please make sure it has an appropriate `as` value and it is preloaded intentionally.
[2025-06-18 13:48:54.033] [warn]  The resource https://discordapp.com/assets/ce3b8055f5114434.woff2 was preloaded using link preload but not used within a few seconds from the window's load event. Please make sure it has an appropriate `as` value and it is preloaded intentionally.
[2025-06-18 13:48:54.033] [warn]  The resource https://discordapp.com/assets/cb2006dbced0e246.woff2 was preloaded using link preload but not used within a few seconds from the window's load event. Please make sure it has an appropriate `as` value and it is preloaded intentionally.
[2025-06-18 13:49:06.125] [warn]  The resource https://discordapp.com/assets/189422196a4f8b53.woff2 was preloaded using link preload but not used within a few seconds from the window's load event. Please make sure it has an appropriate `as` value and it is preloaded intentionally.
[2025-06-18 13:49:06.125] [warn]  The resource https://discordapp.com/assets/dd24010f3cf7def7.woff2 was preloaded using link preload but not used within a few seconds from the window's load event. Please make sure it has an appropriate `as` value and it is preloaded intentionally.
[2025-06-18 13:49:06.125] [warn]  The resource https://discordapp.com/assets/7a6a566c2e88a35d.woff2 was preloaded using link preload but not used within a few seconds from the window's load event. Please make sure it has an appropriate `as` value and it is preloaded intentionally.
[2025-06-18 13:49:06.125] [warn]  The resource https://discordapp.com/assets/e52f0cba712e2fb4.woff2 was preloaded using link preload but not used within a few seconds from the window's load event. Please make sure it has an appropriate `as` value and it is preloaded intentionally.
[2025-06-18 13:49:06.125] [warn]  The resource https://discordapp.com/assets/ce3b8055f5114434.woff2 was preloaded using link preload but not used within a few seconds from the window's load event. Please make sure it has an appropriate `as` value and it is preloaded intentionally.
[2025-06-18 13:49:06.126] [warn]  The resource https://discordapp.com/assets/cb2006dbced0e246.woff2 was preloaded using link preload but not used within a few seconds from the window's load event. Please make sure it has an appropriate `as` value and it is preloaded intentionally.
[2025-06-18 13:49:11.839] [info]  [MessageActionCreators] Fetching messages for 1316989375036391515 between undefined and undefined. jump={"jumpType":"ANIMATED"}
[2025-06-18 13:49:12.143] [info]  [MessageActionCreators] Fetched 50 messages for 1316989375036391515 isBefore:false isAfter:false
[2025-06-18 13:49:12.157] [info]  [ChannelMessages] loadComplete: resetting state for channelId=1316989375036391515, sending.length=0
[2025-06-18 13:49:18.529] [warn]  The resource https://discordapp.com/assets/189422196a4f8b53.woff2 was preloaded using link preload but not used within a few seconds from the window's load event. Please make sure it has an appropriate `as` value and it is preloaded intentionally.
[2025-06-18 13:49:18.529] [warn]  The resource https://discordapp.com/assets/dd24010f3cf7def7.woff2 was preloaded using link preload but not used within a few seconds from the window's load event. Please make sure it has an appropriate `as` value and it is preloaded intentionally.
[2025-06-18 13:49:18.529] [warn]  The resource https://discordapp.com/assets/7a6a566c2e88a35d.woff2 was preloaded using link preload but not used within a few seconds from the window's load event. Please make sure it has an appropriate `as` value and it is preloaded intentionally.
[2025-06-18 13:49:18.529] [warn]  The resource https://discordapp.com/assets/e52f0cba712e2fb4.woff2 was preloaded using link preload but not used within a few seconds from the window's load event. Please make sure it has an appropriate `as` value and it is preloaded intentionally.
[2025-06-18 13:49:18.529] [warn]  The resource https://discordapp.com/assets/ce3b8055f5114434.woff2 was preloaded using link preload but not used within a few seconds from the window's load event. Please make sure it has an appropriate `as` value and it is preloaded intentionally.
[2025-06-18 13:49:18.530] [warn]  The resource https://discordapp.com/assets/cb2006dbced0e246.woff2 was preloaded using link preload but not used within a few seconds from the window's load event. Please make sure it has an appropriate `as` value and it is preloaded intentionally.
[2025-06-18 13:49:41.445] [warn]  The resource https://discordapp.com/assets/189422196a4f8b53.woff2 was preloaded using link preload but not used within a few seconds from the window's load event. Please make sure it has an appropriate `as` value and it is preloaded intentionally.
[2025-06-18 13:49:41.445] [warn]  The resource https://discordapp.com/assets/dd24010f3cf7def7.woff2 was preloaded using link preload but not used within a few seconds from the window's load event. Please make sure it has an appropriate `as` value and it is preloaded intentionally.
[2025-06-18 13:49:41.445] [warn]  The resource https://discordapp.com/assets/7a6a566c2e88a35d.woff2 was preloaded using link preload but not used within a few seconds from the window's load event. Please make sure it has an appropriate `as` value and it is preloaded intentionally.
[2025-06-18 13:49:41.446] [warn]  The resource https://discordapp.com/assets/e52f0cba712e2fb4.woff2 was preloaded using link preload but not used within a few seconds from the window's load event. Please make sure it has an appropriate `as` value and it is preloaded intentionally.
[2025-06-18 13:49:41.446] [warn]  The resource https://discordapp.com/assets/ce3b8055f5114434.woff2 was preloaded using link preload but not used within a few seconds from the window's load event. Please make sure it has an appropriate `as` value and it is preloaded intentionally.
[2025-06-18 13:49:41.446] [warn]  The resource https://discordapp.com/assets/cb2006dbced0e246.woff2 was preloaded using link preload but not used within a few seconds from the window's load event. Please make sure it has an appropriate `as` value and it is preloaded intentionally.
[2025-06-18 13:49:44.669] [warn]  The resource https://discordapp.com/assets/189422196a4f8b53.woff2 was preloaded using link preload but not used within a few seconds from the window's load event. Please make sure it has an appropriate `as` value and it is preloaded intentionally.
[2025-06-18 13:49:44.670] [warn]  The resource https://discordapp.com/assets/dd24010f3cf7def7.woff2 was preloaded using link preload but not used within a few seconds from the window's load event. Please make sure it has an appropriate `as` value and it is preloaded intentionally.
[2025-06-18 13:49:44.670] [warn]  The resource https://discordapp.com/assets/7a6a566c2e88a35d.woff2 was preloaded using link preload but not used within a few seconds from the window's load event. Please make sure it has an appropriate `as` value and it is preloaded intentionally.
[2025-06-18 13:49:44.670] [warn]  The resource https://discordapp.com/assets/e52f0cba712e2fb4.woff2 was preloaded using link preload but not used within a few seconds from the window's load event. Please make sure it has an appropriate `as` value and it is preloaded intentionally.
[2025-06-18 13:49:44.670] [warn]  The resource https://discordapp.com/assets/ce3b8055f5114434.woff2 was preloaded using link preload but not used within a few seconds from the window's load event. Please make sure it has an appropriate `as` value and it is preloaded intentionally.
[2025-06-18 13:49:44.670] [warn]  The resource https://discordapp.com/assets/cb2006dbced0e246.woff2 was preloaded using link preload but not used within a few seconds from the window's load event. Please make sure it has an appropriate `as` value and it is preloaded intentionally.
[2025-06-18 13:49:52.046] [info]  [discord_protos.discord_users.v1.FrecencyUserSettings] Loading proto
[2025-06-18 13:49:55.276] [warn]  The resource https://discordapp.com/assets/189422196a4f8b53.woff2 was preloaded using link preload but not used within a few seconds from the window's load event. Please make sure it has an appropriate `as` value and it is preloaded intentionally.
[2025-06-18 13:49:55.276] [warn]  The resource https://discordapp.com/assets/dd24010f3cf7def7.woff2 was preloaded using link preload but not used within a few seconds from the window's load event. Please make sure it has an appropriate `as` value and it is preloaded intentionally.
[2025-06-18 13:49:55.276] [warn]  The resource https://discordapp.com/assets/7a6a566c2e88a35d.woff2 was preloaded using link preload but not used within a few seconds from the window's load event. Please make sure it has an appropriate `as` value and it is preloaded intentionally.
[2025-06-18 13:49:55.276] [warn]  The resource https://discordapp.com/assets/e52f0cba712e2fb4.woff2 was preloaded using link preload but not used within a few seconds from the window's load event. Please make sure it has an appropriate `as` value and it is preloaded intentionally.
[2025-06-18 13:49:55.276] [warn]  The resource https://discordapp.com/assets/ce3b8055f5114434.woff2 was preloaded using link preload but not used within a few seconds from the window's load event. Please make sure it has an appropriate `as` value and it is preloaded intentionally.
[2025-06-18 13:49:55.277] [warn]  The resource https://discordapp.com/assets/cb2006dbced0e246.woff2 was preloaded using link preload but not used within a few seconds from the window's load event. Please make sure it has an appropriate `as` value and it is preloaded intentionally.
[2025-06-18 13:49:58.379] [warn]  Window state not initialized window-1
[2025-06-18 13:49:58.379] [warn]  Window state not initialized window-1
[2025-06-18 13:49:58.379] [warn]  Window state not initialized window-1
[2025-06-18 13:49:58.379] [warn]  Window state not initialized window-1
[2025-06-18 13:49:58.380] [warn]  Window state not initialized window-1
[2025-06-18 13:49:58.380] [warn]  Window state not initialized window-1
[2025-06-18 13:49:58.380] [warn]  Window state not initialized window-1
[2025-06-18 13:49:58.380] [warn]  Window state not initialized window-1
[2025-06-18 13:49:58.380] [warn]  Window state not initialized window-1
[2025-06-18 13:49:58.381] [warn]  Window state not initialized window-1
[2025-06-18 13:49:58.381] [warn]  Window state not initialized window-1
[2025-06-18 13:49:58.381] [warn]  Window state not initialized window-1
[2025-06-18 13:49:58.381] [warn]  Window state not initialized window-1
[2025-06-18 13:49:58.381] [warn]  Window state not initialized window-1
[2025-06-18 13:49:58.382] [warn]  Window state not initialized window-1
[2025-06-18 13:49:58.382] [warn]  Window state not initialized window-1
[2025-06-18 13:49:58.382] [warn]  Window state not initialized window-1
[2025-06-18 13:49:58.382] [warn]  Window state not initialized window-1
[2025-06-18 13:49:58.382] [warn]  Window state not initialized window-1
[2025-06-18 13:49:58.382] [warn]  Window state not initialized window-1
[2025-06-18 13:49:58.382] [warn]  Window state not initialized window-1
[2025-06-18 13:49:58.383] [warn]  Window state not initialized window-1
[2025-06-18 13:49:58.383] [warn]  Window state not initialized window-1
[2025-06-18 13:49:58.383] [warn]  Window state not initialized window-1
[2025-06-18 13:49:58.383] [warn]  Window state not initialized window-1
[2025-06-18 13:49:58.383] [warn]  Window state not initialized window-1
[2025-06-18 13:49:58.383] [warn]  Window state not initialized window-1
[2025-06-18 13:49:58.383] [warn]  Window state not initialized window-1
[2025-06-18 13:49:58.384] [warn]  Window state not initialized window-1
[2025-06-18 13:49:58.384] [warn]  Window state not initialized window-1
[2025-06-18 13:49:58.384] [warn]  Window state not initialized window-1
[2025-06-18 13:49:58.384] [warn]  Window state not initialized window-1
[2025-06-18 13:49:58.384] [warn]  Window state not initialized window-1
[2025-06-18 13:49:58.384] [warn]  Window state not initialized window-1
[2025-06-18 13:49:58.384] [warn]  Window state not initialized window-1
[2025-06-18 13:49:58.385] [warn]  Window state not initialized window-1
[2025-06-18 13:49:58.385] [warn]  Window state not initialized window-1
[2025-06-18 13:49:58.385] [warn]  Window state not initialized window-1
[2025-06-18 13:49:58.385] [warn]  Window state not initialized window-1
[2025-06-18 13:49:58.385] [warn]  Window state not initialized window-1
[2025-06-18 13:49:58.385] [warn]  Window state not initialized window-1
[2025-06-18 13:49:58.385] [warn]  Window state not initialized window-1
[2025-06-18 13:49:58.385] [warn]  Window state not initialized window-1
[2025-06-18 13:49:58.386] [warn]  Window state not initialized window-1
[2025-06-18 13:49:58.386] [warn]  Window state not initialized window-1
[2025-06-18 13:49:58.386] [warn]  Window state not initialized window-1
[2025-06-18 13:49:58.386] [warn]  Window state not initialized window-1
[2025-06-18 13:49:58.386] [warn]  Window state not initialized window-1
[2025-06-18 13:49:58.386] [warn]  Window state not initialized window-1
[2025-06-18 13:49:58.386] [warn]  Window state not initialized window-1
[2025-06-18 13:49:58.387] [warn]  Window state not initialized window-1
[2025-06-18 13:49:58.387] [warn]  Window state not initialized window-1
[2025-06-18 13:49:58.387] [warn]  Window state not initialized window-1
[2025-06-18 13:49:58.387] [warn]  Window state not initialized window-1
[2025-06-18 13:49:58.388] [warn]  Window state not initialized window-1
[2025-06-18 13:49:58.388] [warn]  Window state not initialized window-1
[2025-06-18 13:49:58.388] [warn]  Window state not initialized window-1
[2025-06-18 13:49:58.388] [warn]  Window state not initialized window-1
[2025-06-18 13:49:58.388] [warn]  Window state not initialized window-1
[2025-06-18 13:49:58.389] [warn]  Window state not initialized window-1
[2025-06-18 13:49:58.389] [warn]  Window state not initialized window-1
[2025-06-18 13:49:58.389] [warn]  Window state not initialized window-1
[2025-06-18 13:49:58.389] [warn]  Window state not initialized window-1
[2025-06-18 13:49:58.389] [warn]  Window state not initialized window-1
[2025-06-18 13:49:58.389] [warn]  Window state not initialized window-1
[2025-06-18 13:49:58.390] [warn]  Window state not initialized window-1
[2025-06-18 13:49:58.390] [warn]  Window state not initialized window-1
[2025-06-18 13:49:58.390] [warn]  Window state not initialized window-1
[2025-06-18 13:49:58.390] [warn]  Window state not initialized window-1
[2025-06-18 13:49:58.390] [warn]  Window state not initialized window-1
[2025-06-18 13:49:58.390] [warn]  Window state not initialized window-1
[2025-06-18 13:49:58.390] [warn]  Window state not initialized window-1
[2025-06-18 13:49:58.390] [warn]  Window state not initialized window-1
[2025-06-18 13:49:58.391] [warn]  Window state not initialized window-1
[2025-06-18 13:49:58.391] [warn]  Window state not initialized window-1
[2025-06-18 13:49:58.391] [warn]  Window state not initialized window-1
[2025-06-18 13:49:58.391] [warn]  Window state not initialized window-1
[2025-06-18 13:49:58.391] [warn]  Window state not initialized window-1
[2025-06-18 13:49:58.391] [warn]  Window state not initialized window-1
[2025-06-18 13:49:58.391] [warn]  Window state not initialized window-1
[2025-06-18 13:49:58.392] [warn]  Window state not initialized window-1
[2025-06-18 13:49:58.392] [warn]  Window state not initialized window-1
[2025-06-18 13:49:58.392] [warn]  Window state not initialized window-1
[2025-06-18 13:49:58.392] [warn]  Window state not initialized window-1
[2025-06-18 13:49:58.392] [warn]  Window state not initialized window-1
[2025-06-18 13:49:58.392] [warn]  Window state not initialized window-1
[2025-06-18 13:49:58.392] [warn]  Window state not initialized window-1
[2025-06-18 13:49:58.392] [warn]  Window state not initialized window-1
[2025-06-18 13:49:58.393] [warn]  Window state not initialized window-1
[2025-06-18 13:49:58.393] [warn]  Window state not initialized window-1
[2025-06-18 13:49:58.393] [warn]  Window state not initialized window-1
[2025-06-18 13:49:58.393] [warn]  Window state not initialized window-1
[2025-06-18 13:49:58.393] [warn]  Window state not initialized window-1
[2025-06-18 13:49:58.393] [warn]  Window state not initialized window-1
[2025-06-18 13:49:58.393] [warn]  Window state not initialized window-1
[2025-06-18 13:49:58.393] [warn]  Window state not initialized window-1
[2025-06-18 13:49:58.394] [warn]  Window state not initialized window-1
[2025-06-18 13:49:58.394] [warn]  Window state not initialized window-1
[2025-06-18 13:49:58.394] [warn]  Window state not initialized window-1
[2025-06-18 13:49:58.394] [warn]  Window state not initialized window-1
[2025-06-18 13:49:58.394] [warn]  Window state not initialized window-1
[2025-06-18 13:49:58.394] [warn]  Window state not initialized window-1
[2025-06-18 13:49:58.394] [warn]  Window state not initialized window-1
[2025-06-18 13:49:58.394] [warn]  Window state not initialized window-1
[2025-06-18 13:49:58.395] [warn]  Window state not initialized window-1
[2025-06-18 13:49:58.395] [warn]  Window state not initialized window-1
[2025-06-18 13:49:58.395] [warn]  Window state not initialized window-1
[2025-06-18 13:49:58.395] [warn]  Window state not initialized window-1
[2025-06-18 13:49:58.395] [warn]  Window state not initialized window-1
[2025-06-18 13:49:58.395] [warn]  Window state not initialized window-1
[2025-06-18 13:49:58.395] [warn]  Window state not initialized window-1
[2025-06-18 13:49:58.396] [warn]  Window state not initialized window-1
[2025-06-18 13:49:58.396] [warn]  Window state not initialized window-1
[2025-06-18 13:49:58.396] [warn]  Window state not initialized window-1
[2025-06-18 13:49:58.396] [warn]  Window state not initialized window-1
[2025-06-18 13:49:58.396] [warn]  Window state not initialized window-1
[2025-06-18 13:49:58.396] [warn]  Window state not initialized window-1
[2025-06-18 13:49:58.396] [warn]  Window state not initialized window-1
[2025-06-18 13:49:58.397] [warn]  Window state not initialized window-1
[2025-06-18 13:49:58.397] [warn]  Window state not initialized window-1
[2025-06-18 13:49:58.397] [warn]  Window state not initialized window-1
[2025-06-18 13:49:58.397] [warn]  Window state not initialized window-1
[2025-06-18 13:49:58.397] [warn]  Window state not initialized window-1
[2025-06-18 13:49:58.398] [warn]  Window state not initialized window-1
[2025-06-18 13:49:58.398] [warn]  Window state not initialized window-1
[2025-06-18 13:49:58.398] [warn]  Window state not initialized window-1
[2025-06-18 13:49:58.398] [warn]  Window state not initialized window-1
[2025-06-18 13:49:58.398] [warn]  Window state not initialized window-1
[2025-06-18 13:49:58.398] [warn]  Window state not initialized window-1
[2025-06-18 13:49:58.398] [warn]  Window state not initialized window-1
[2025-06-18 13:49:58.398] [warn]  Window state not initialized window-1
[2025-06-18 13:49:58.398] [warn]  Window state not initialized window-1
[2025-06-18 13:49:58.399] [warn]  Window state not initialized window-1
[2025-06-18 13:49:58.399] [warn]  Window state not initialized window-1
[2025-06-18 13:49:58.399] [warn]  Window state not initialized window-1
[2025-06-18 13:49:58.399] [warn]  Window state not initialized window-1
[2025-06-18 13:49:58.399] [warn]  Window state not initialized window-1
[2025-06-18 13:49:58.399] [warn]  Window state not initialized window-1
[2025-06-18 13:49:58.399] [warn]  Window state not initialized window-1
[2025-06-18 13:49:58.399] [warn]  Window state not initialized window-1
[2025-06-18 13:49:58.399] [warn]  Window state not initialized window-1
[2025-06-18 13:49:58.400] [warn]  Window state not initialized window-1
[2025-06-18 13:49:58.400] [warn]  Window state not initialized window-1
[2025-06-18 13:49:58.400] [warn]  Window state not initialized window-1
[2025-06-18 13:49:58.400] [warn]  Window state not initialized window-1
[2025-06-18 13:49:58.400] [warn]  Window state not initialized window-1
[2025-06-18 13:49:58.400] [warn]  Window state not initialized window-1
[2025-06-18 13:49:58.400] [warn]  Window state not initialized window-1
[2025-06-18 13:49:58.400] [warn]  Window state not initialized window-1
[2025-06-18 13:49:58.401] [warn]  Window state not initialized window-1
[2025-06-18 13:49:58.401] [warn]  Window state not initialized window-1
[2025-06-18 13:49:58.401] [warn]  Window state not initialized window-1
[2025-06-18 13:49:58.401] [warn]  Window state not initialized window-1
[2025-06-18 13:49:58.401] [warn]  Window state not initialized window-1
[2025-06-18 13:49:58.401] [warn]  Window state not initialized window-1
[2025-06-18 13:49:58.401] [warn]  Window state not initialized window-1
[2025-06-18 13:49:58.402] [warn]  Window state not initialized window-1
[2025-06-18 13:49:58.402] [warn]  Window state not initialized window-1
[2025-06-18 13:49:58.402] [warn]  Window state not initialized window-1
[2025-06-18 13:49:58.402] [warn]  Window state not initialized window-1
[2025-06-18 13:49:58.402] [warn]  Window state not initialized window-1
[2025-06-18 13:49:58.402] [warn]  Window state not initialized window-1
[2025-06-18 13:49:58.402] [warn]  Window state not initialized window-1
[2025-06-18 13:49:58.403] [warn]  Window state not initialized window-1
[2025-06-18 13:49:58.403] [warn]  Window state not initialized window-1
[2025-06-18 13:49:58.403] [warn]  Window state not initialized window-1
[2025-06-18 13:49:58.403] [warn]  Window state not initialized window-1
[2025-06-18 13:49:58.403] [warn]  Window state not initialized window-1
[2025-06-18 13:49:58.403] [warn]  Window state not initialized window-1
[2025-06-18 13:49:58.403] [warn]  Window state not initialized window-1
[2025-06-18 13:49:58.403] [warn]  Window state not initialized window-1
[2025-06-18 13:49:58.404] [warn]  Window state not initialized window-1
[2025-06-18 13:49:58.404] [warn]  Window state not initialized window-1
[2025-06-18 13:49:58.404] [warn]  Window state not initialized window-1
[2025-06-18 13:49:58.404] [warn]  Window state not initialized window-1
[2025-06-18 13:49:58.404] [warn]  Window state not initialized window-1
[2025-06-18 13:49:58.404] [warn]  Window state not initialized window-1
[2025-06-18 13:49:58.404] [warn]  Window state not initialized window-1
[2025-06-18 13:49:58.404] [warn]  Window state not initialized window-1
[2025-06-18 13:49:58.405] [warn]  Window state not initialized window-1
[2025-06-18 13:49:58.405] [warn]  Window state not initialized window-1
[2025-06-18 13:49:58.405] [warn]  Window state not initialized window-1
[2025-06-18 13:49:58.405] [warn]  Window state not initialized window-1
[2025-06-18 13:49:58.405] [warn]  Window state not initialized window-1
[2025-06-18 13:49:58.405] [warn]  Window state not initialized window-1
[2025-06-18 13:49:58.405] [warn]  Window state not initialized window-1
[2025-06-18 13:49:58.406] [warn]  Window state not initialized window-1
[2025-06-18 13:49:58.406] [warn]  Window state not initialized window-1
[2025-06-18 13:49:58.406] [warn]  Window state not initialized window-1
[2025-06-18 13:49:58.406] [warn]  Window state not initialized window-1
[2025-06-18 13:49:58.406] [warn]  Window state not initialized window-1
[2025-06-18 13:49:58.406] [warn]  Window state not initialized window-1
[2025-06-18 13:49:58.406] [warn]  Window state not initialized window-1
[2025-06-18 13:49:58.406] [warn]  Window state not initialized window-1
[2025-06-18 13:49:58.407] [warn]  Window state not initialized window-1
[2025-06-18 13:49:58.407] [warn]  Window state not initialized window-1
[2025-06-18 13:49:58.407] [warn]  Window state not initialized window-1
[2025-06-18 13:49:58.407] [warn]  Window state not initialized window-1
[2025-06-18 13:49:58.407] [warn]  Window state not initialized window-1
[2025-06-18 13:49:58.407] [warn]  Window state not initialized window-1
[2025-06-18 13:50:07.061] [info]  DiscordSplash.signalReady
[2025-06-18 13:50:07.225] [info]  DiscordSplash.onStateUpdate: {"status":"checking-for-updates"}
[2025-06-18 13:50:07.225] [info]  Splash.onStateUpdate: {"status":"checking-for-updates"}
[2025-06-18 13:50:07.523] [info]  DiscordSplash.onStateUpdate: {"status":"launching"}
[2025-06-18 13:50:07.524] [info]  Splash.onStateUpdate: {"status":"launching"}
[2025-06-18 13:50:08.061] [info]  Splash.updateCountdownSeconds: undefined
[2025-06-18 13:50:08.781] [info]  [libdiscore] [experiment_manager] Loaded experiments from cache
[2025-06-18 13:50:09.035] [info]  Initializing voice engine with audio subsystem: standard
[2025-06-18 13:50:09.061] [info]  Splash.updateCountdownSeconds: undefined
[2025-06-18 13:50:09.139] [info]  [default] [BUILD INFO] Release Channel: stable, Build Number: 410706, Version Hash: 47190172cae712865d239ac522d4b72fafd2df37
[2025-06-18 13:50:09.349] [info]  [NoteStore] libdiscore enabled: false
[2025-06-18 13:50:09.362] [info]  [default] [NATIVE INFO] host 0.0.98, modules: discord_desktop_core: 1, discord_erlpack: 1, discord_spellcheck: 1, discord_utils: 1, discord_voice: 1, discord_zstd: 1, discord_krisp: 1, discord_game_utils: 1, discord_rpc: 1, build: null
[2025-06-18 13:50:09.366] [info]  [libdiscore] The answer for life the universe and everything is: 42
[2025-06-18 13:50:10.020] [error] [Spellchecker] sh is not a valid locale.
[2025-06-18 13:50:10.079] [info]  [Spellchecker] Switching to en-US (available)
[2025-06-18 13:50:10.586] [warn]  [CloudSyncUtils] CloudSync is not supported on this platform
[2025-06-18 13:50:10.799] [warn]  Window state not initialized window-1
[2025-06-18 13:50:10.799] [warn]  Window state not initialized window-1
[2025-06-18 13:50:10.800] [warn]  Window state not initialized window-1
[2025-06-18 13:50:10.800] [warn]  Window state not initialized window-1
[2025-06-18 13:50:11.037] [info]  [FAST CONNECT] wss://gateway.discord.gg/?encoding=etf&v=9&compress=zstd-stream, encoding: etf, version: 9
[2025-06-18 13:50:11.342] [info]  [FAST CONNECT] connected in 284ms
[2025-06-18 13:50:11.343] [info]  [libdiscore] [experiment_manager] Loaded experiments from cache
[2025-06-18 13:50:11.419] [info]  Initializing voice engine with audio subsystem: standard
[2025-06-18 13:50:11.500] [info]  [default] [BUILD INFO] Release Channel: stable, Build Number: 410706, Version Hash: 47190172cae712865d239ac522d4b72fafd2df37
[2025-06-18 13:50:11.559] [info]  [NoteStore] libdiscore enabled: false
[2025-06-18 13:50:11.563] [info]  [default] [NATIVE INFO] host 0.0.98, modules: discord_desktop_core: 1, discord_erlpack: 1, discord_spellcheck: 1, discord_utils: 1, discord_voice: 1, discord_zstd: 1, discord_krisp: 1, discord_game_utils: 1, discord_rpc: 1, build: null
[2025-06-18 13:50:11.564] [info]  [libdiscore] The answer for life the universe and everything is: 42
[2025-06-18 13:50:11.615] [error] [Spellchecker] sh is not a valid locale.
[2025-06-18 13:50:11.687] [info]  [Spellchecker] Switching to en-US (available)
[2025-06-18 13:50:11.887] [warn]  [CloudSyncUtils] CloudSync is not supported on this platform
[2025-06-18 13:50:12.020] [info]  [GatewaySocket] [CONNECT] wss://gateway.discord.gg, encoding: etf, version: 9, compression: zstd-stream
[2025-06-18 13:50:12.020] [info]  [GatewaySocket] [FAST CONNECT] successfully took over websocket, state: [object Object]
[2025-06-18 13:50:12.020] [info]  [GatewaySocket] [CONNECTED] wss://gateway.discord.gg/?encoding=etf&v=9&compress=zstd-stream in 1 ms
[2025-06-18 13:50:12.071] [info]  [RPCServer:WSS] Starting on 6463
[2025-06-18 13:50:12.073] [info]  [RPCServer:IPC] Starting on /run/user/1000/discord-ipc-0
[2025-06-18 13:50:14.706] [info]  [GatewaySocket] [READY] took 2687ms, as f2b1640bd4795c2abea3d3f4ecdffeb1
[2025-06-18 13:50:14.994] [info]  [Flux] Dispatching CONNECTION_OPEN
[2025-06-18 13:50:14.998] [info]  [DatabaseManager] removing database (user: 689556810142974050, database: undefined)
[2025-06-18 13:50:15.031] [warn]  [NativeDispatchUtils] Tried getting Dispatch instance before instantiated
[2025-06-18 13:50:15.080] [info]  [Spotify] WS Connecting
[2025-06-18 13:50:15.082] [info]  [Spotify] Added account: x5m5sty6er60i01r15mw3qy3n
[2025-06-18 13:50:15.589] [info]  [GatewaySocket] [READY_SUPPLEMENTAL] took 3569ms
[2025-06-18 13:50:15.592] [warn]  The resource https://discord.com/assets/189422196a4f8b53.woff2 was preloaded using link preload but not used within a few seconds from the window's load event. Please make sure it has an appropriate `as` value and it is preloaded intentionally.
[2025-06-18 13:50:15.592] [warn]  The resource https://discord.com/assets/ce3b8055f5114434.woff2 was preloaded using link preload but not used within a few seconds from the window's load event. Please make sure it has an appropriate `as` value and it is preloaded intentionally.
[2025-06-18 13:50:15.592] [warn]  The resource https://discord.com/assets/cb2006dbced0e246.woff2 was preloaded using link preload but not used within a few seconds from the window's load event. Please make sure it has an appropriate `as` value and it is preloaded intentionally.
[2025-06-18 13:50:15.592] [warn]  The resource https://discord.com/assets/7a6a566c2e88a35d.woff2 was preloaded using link preload but not used within a few seconds from the window's load event. Please make sure it has an appropriate `as` value and it is preloaded intentionally.
[2025-06-18 13:50:15.592] [warn]  The resource https://discord.com/assets/e52f0cba712e2fb4.woff2 was preloaded using link preload but not used within a few seconds from the window's load event. Please make sure it has an appropriate `as` value and it is preloaded intentionally.
[2025-06-18 13:50:15.593] [warn]  The resource https://discord.com/assets/dd24010f3cf7def7.woff2 was preloaded using link preload but not used within a few seconds from the window's load event. Please make sure it has an appropriate `as` value and it is preloaded intentionally.
[2025-06-18 13:50:15.944] [info]  [Spotify] WS Connected
[2025-06-18 13:50:16.168] [info]  [Spotify] Devices updated for x5m5sty6er60i01r15mw3qy3n: 
[2025-06-18 13:50:16.169] [info]  [Spotify] Profile updated for x5m5sty6er60i01r15mw3qy3n: isPremium = true
[2025-06-18 13:50:18.240] [error] Uncaught (in promise) #<Object>
[2025-06-18 13:50:22.546] [warn]  The resource https://discord.com/assets/189422196a4f8b53.woff2 was preloaded using link preload but not used within a few seconds from the window's load event. Please make sure it has an appropriate `as` value and it is preloaded intentionally.
[2025-06-18 13:50:22.546] [warn]  The resource https://discord.com/assets/ce3b8055f5114434.woff2 was preloaded using link preload but not used within a few seconds from the window's load event. Please make sure it has an appropriate `as` value and it is preloaded intentionally.
[2025-06-18 13:50:22.547] [warn]  The resource https://discord.com/assets/cb2006dbced0e246.woff2 was preloaded using link preload but not used within a few seconds from the window's load event. Please make sure it has an appropriate `as` value and it is preloaded intentionally.
[2025-06-18 13:50:22.547] [warn]  The resource https://discord.com/assets/7a6a566c2e88a35d.woff2 was preloaded using link preload but not used within a few seconds from the window's load event. Please make sure it has an appropriate `as` value and it is preloaded intentionally.
[2025-06-18 13:50:22.547] [warn]  The resource https://discord.com/assets/e52f0cba712e2fb4.woff2 was preloaded using link preload but not used within a few seconds from the window's load event. Please make sure it has an appropriate `as` value and it is preloaded intentionally.
[2025-06-18 13:50:22.547] [warn]  The resource https://discord.com/assets/dd24010f3cf7def7.woff2 was preloaded using link preload but not used within a few seconds from the window's load event. Please make sure it has an appropriate `as` value and it is preloaded intentionally.
[2025-06-18 13:50:27.851] [info]  [libdiscore] [BlockedDomainsStore] Successfully fetched blocked domains
[2025-06-18 13:50:33.133] [warn]  The resource https://discord.com/assets/189422196a4f8b53.woff2 was preloaded using link preload but not used within a few seconds from the window's load event. Please make sure it has an appropriate `as` value and it is preloaded intentionally.
[2025-06-18 13:50:33.133] [warn]  The resource https://discord.com/assets/ce3b8055f5114434.woff2 was preloaded using link preload but not used within a few seconds from the window's load event. Please make sure it has an appropriate `as` value and it is preloaded intentionally.
[2025-06-18 13:50:33.133] [warn]  The resource https://discord.com/assets/cb2006dbced0e246.woff2 was preloaded using link preload but not used within a few seconds from the window's load event. Please make sure it has an appropriate `as` value and it is preloaded intentionally.
[2025-06-18 13:50:33.133] [warn]  The resource https://discord.com/assets/7a6a566c2e88a35d.woff2 was preloaded using link preload but not used within a few seconds from the window's load event. Please make sure it has an appropriate `as` value and it is preloaded intentionally.
[2025-06-18 13:50:33.134] [warn]  The resource https://discord.com/assets/e52f0cba712e2fb4.woff2 was preloaded using link preload but not used within a few seconds from the window's load event. Please make sure it has an appropriate `as` value and it is preloaded intentionally.
[2025-06-18 13:50:33.134] [warn]  The resource https://discord.com/assets/dd24010f3cf7def7.woff2 was preloaded using link preload but not used within a few seconds from the window's load event. Please make sure it has an appropriate `as` value and it is preloaded intentionally.
[2025-06-18 13:50:50.202] [warn]  The resource https://discord.com/assets/189422196a4f8b53.woff2 was preloaded using link preload but not used within a few seconds from the window's load event. Please make sure it has an appropriate `as` value and it is preloaded intentionally.
[2025-06-18 13:50:50.203] [warn]  The resource https://discord.com/assets/ce3b8055f5114434.woff2 was preloaded using link preload but not used within a few seconds from the window's load event. Please make sure it has an appropriate `as` value and it is preloaded intentionally.
[2025-06-18 13:50:50.203] [warn]  The resource https://discord.com/assets/cb2006dbced0e246.woff2 was preloaded using link preload but not used within a few seconds from the window's load event. Please make sure it has an appropriate `as` value and it is preloaded intentionally.
[2025-06-18 13:50:50.203] [warn]  The resource https://discord.com/assets/7a6a566c2e88a35d.woff2 was preloaded using link preload but not used within a few seconds from the window's load event. Please make sure it has an appropriate `as` value and it is preloaded intentionally.
[2025-06-18 13:50:50.203] [warn]  The resource https://discord.com/assets/e52f0cba712e2fb4.woff2 was preloaded using link preload but not used within a few seconds from the window's load event. Please make sure it has an appropriate `as` value and it is preloaded intentionally.
[2025-06-18 13:50:50.204] [warn]  The resource https://discord.com/assets/dd24010f3cf7def7.woff2 was preloaded using link preload but not used within a few seconds from the window's load event. Please make sure it has an appropriate `as` value and it is preloaded intentionally.
[2025-06-18 13:52:00.732] [warn]  The resource https://discord.com/assets/189422196a4f8b53.woff2 was preloaded using link preload but not used within a few seconds from the window's load event. Please make sure it has an appropriate `as` value and it is preloaded intentionally.
[2025-06-18 13:52:00.732] [warn]  The resource https://discord.com/assets/ce3b8055f5114434.woff2 was preloaded using link preload but not used within a few seconds from the window's load event. Please make sure it has an appropriate `as` value and it is preloaded intentionally.
[2025-06-18 13:52:00.732] [warn]  The resource https://discord.com/assets/cb2006dbced0e246.woff2 was preloaded using link preload but not used within a few seconds from the window's load event. Please make sure it has an appropriate `as` value and it is preloaded intentionally.
[2025-06-18 13:52:00.733] [warn]  The resource https://discord.com/assets/7a6a566c2e88a35d.woff2 was preloaded using link preload but not used within a few seconds from the window's load event. Please make sure it has an appropriate `as` value and it is preloaded intentionally.
[2025-06-18 13:52:00.733] [warn]  The resource https://discord.com/assets/e52f0cba712e2fb4.woff2 was preloaded using link preload but not used within a few seconds from the window's load event. Please make sure it has an appropriate `as` value and it is preloaded intentionally.
[2025-06-18 13:52:00.733] [warn]  The resource https://discord.com/assets/dd24010f3cf7def7.woff2 was preloaded using link preload but not used within a few seconds from the window's load event. Please make sure it has an appropriate `as` value and it is preloaded intentionally.
[2025-06-18 13:52:14.613] [warn]  The resource https://discord.com/assets/189422196a4f8b53.woff2 was preloaded using link preload but not used within a few seconds from the window's load event. Please make sure it has an appropriate `as` value and it is preloaded intentionally.
[2025-06-18 13:52:14.613] [warn]  The resource https://discord.com/assets/ce3b8055f5114434.woff2 was preloaded using link preload but not used within a few seconds from the window's load event. Please make sure it has an appropriate `as` value and it is preloaded intentionally.
[2025-06-18 13:52:14.614] [warn]  The resource https://discord.com/assets/cb2006dbced0e246.woff2 was preloaded using link preload but not used within a few seconds from the window's load event. Please make sure it has an appropriate `as` value and it is preloaded intentionally.
[2025-06-18 13:52:14.614] [warn]  The resource https://discord.com/assets/7a6a566c2e88a35d.woff2 was preloaded using link preload but not used within a few seconds from the window's load event. Please make sure it has an appropriate `as` value and it is preloaded intentionally.
[2025-06-18 13:52:14.614] [warn]  The resource https://discord.com/assets/e52f0cba712e2fb4.woff2 was preloaded using link preload but not used within a few seconds from the window's load event. Please make sure it has an appropriate `as` value and it is preloaded intentionally.
[2025-06-18 13:52:14.614] [warn]  The resource https://discord.com/assets/dd24010f3cf7def7.woff2 was preloaded using link preload but not used within a few seconds from the window's load event. Please make sure it has an appropriate `as` value and it is preloaded intentionally.
[2025-06-18 13:52:28.448] [warn]  The resource https://discord.com/assets/189422196a4f8b53.woff2 was preloaded using link preload but not used within a few seconds from the window's load event. Please make sure it has an appropriate `as` value and it is preloaded intentionally.
[2025-06-18 13:52:28.448] [warn]  The resource https://discord.com/assets/ce3b8055f5114434.woff2 was preloaded using link preload but not used within a few seconds from the window's load event. Please make sure it has an appropriate `as` value and it is preloaded intentionally.
[2025-06-18 13:52:28.449] [warn]  The resource https://discord.com/assets/cb2006dbced0e246.woff2 was preloaded using link preload but not used within a few seconds from the window's load event. Please make sure it has an appropriate `as` value and it is preloaded intentionally.
[2025-06-18 13:52:28.449] [warn]  The resource https://discord.com/assets/7a6a566c2e88a35d.woff2 was preloaded using link preload but not used within a few seconds from the window's load event. Please make sure it has an appropriate `as` value and it is preloaded intentionally.
[2025-06-18 13:52:28.449] [warn]  The resource https://discord.com/assets/e52f0cba712e2fb4.woff2 was preloaded using link preload but not used within a few seconds from the window's load event. Please make sure it has an appropriate `as` value and it is preloaded intentionally.
[2025-06-18 13:52:28.449] [warn]  The resource https://discord.com/assets/dd24010f3cf7def7.woff2 was preloaded using link preload but not used within a few seconds from the window's load event. Please make sure it has an appropriate `as` value and it is preloaded intentionally.
[2025-06-18 13:52:43.881] [warn]  The resource https://discord.com/assets/189422196a4f8b53.woff2 was preloaded using link preload but not used within a few seconds from the window's load event. Please make sure it has an appropriate `as` value and it is preloaded intentionally.
[2025-06-18 13:52:43.881] [warn]  The resource https://discord.com/assets/ce3b8055f5114434.woff2 was preloaded using link preload but not used within a few seconds from the window's load event. Please make sure it has an appropriate `as` value and it is preloaded intentionally.
[2025-06-18 13:52:43.881] [warn]  The resource https://discord.com/assets/cb2006dbced0e246.woff2 was preloaded using link preload but not used within a few seconds from the window's load event. Please make sure it has an appropriate `as` value and it is preloaded intentionally.
[2025-06-18 13:52:43.881] [warn]  The resource https://discord.com/assets/7a6a566c2e88a35d.woff2 was preloaded using link preload but not used within a few seconds from the window's load event. Please make sure it has an appropriate `as` value and it is preloaded intentionally.
[2025-06-18 13:52:43.881] [warn]  The resource https://discord.com/assets/e52f0cba712e2fb4.woff2 was preloaded using link preload but not used within a few seconds from the window's load event. Please make sure it has an appropriate `as` value and it is preloaded intentionally.
[2025-06-18 13:52:43.882] [warn]  The resource https://discord.com/assets/dd24010f3cf7def7.woff2 was preloaded using link preload but not used within a few seconds from the window's load event. Please make sure it has an appropriate `as` value and it is preloaded intentionally.
[2025-06-18 13:52:51.799] [warn]  The resource https://discord.com/assets/189422196a4f8b53.woff2 was preloaded using link preload but not used within a few seconds from the window's load event. Please make sure it has an appropriate `as` value and it is preloaded intentionally.
[2025-06-18 13:52:51.800] [warn]  The resource https://discord.com/assets/ce3b8055f5114434.woff2 was preloaded using link preload but not used within a few seconds from the window's load event. Please make sure it has an appropriate `as` value and it is preloaded intentionally.
[2025-06-18 13:52:51.800] [warn]  The resource https://discord.com/assets/cb2006dbced0e246.woff2 was preloaded using link preload but not used within a few seconds from the window's load event. Please make sure it has an appropriate `as` value and it is preloaded intentionally.
[2025-06-18 13:52:51.800] [warn]  The resource https://discord.com/assets/7a6a566c2e88a35d.woff2 was preloaded using link preload but not used within a few seconds from the window's load event. Please make sure it has an appropriate `as` value and it is preloaded intentionally.
[2025-06-18 13:52:51.800] [warn]  The resource https://discord.com/assets/e52f0cba712e2fb4.woff2 was preloaded using link preload but not used within a few seconds from the window's load event. Please make sure it has an appropriate `as` value and it is preloaded intentionally.
[2025-06-18 13:52:51.800] [warn]  The resource https://discord.com/assets/dd24010f3cf7def7.woff2 was preloaded using link preload but not used within a few seconds from the window's load event. Please make sure it has an appropriate `as` value and it is preloaded intentionally.
[2025-06-18 13:53:35.946] [warn]  The resource https://discord.com/assets/189422196a4f8b53.woff2 was preloaded using link preload but not used within a few seconds from the window's load event. Please make sure it has an appropriate `as` value and it is preloaded intentionally.
[2025-06-18 13:53:35.947] [warn]  The resource https://discord.com/assets/ce3b8055f5114434.woff2 was preloaded using link preload but not used within a few seconds from the window's load event. Please make sure it has an appropriate `as` value and it is preloaded intentionally.
[2025-06-18 13:53:35.947] [warn]  The resource https://discord.com/assets/cb2006dbced0e246.woff2 was preloaded using link preload but not used within a few seconds from the window's load event. Please make sure it has an appropriate `as` value and it is preloaded intentionally.
[2025-06-18 13:53:35.947] [warn]  The resource https://discord.com/assets/7a6a566c2e88a35d.woff2 was preloaded using link preload but not used within a few seconds from the window's load event. Please make sure it has an appropriate `as` value and it is preloaded intentionally.
[2025-06-18 13:53:35.947] [warn]  The resource https://discord.com/assets/e52f0cba712e2fb4.woff2 was preloaded using link preload but not used within a few seconds from the window's load event. Please make sure it has an appropriate `as` value and it is preloaded intentionally.
[2025-06-18 13:53:35.948] [warn]  The resource https://discord.com/assets/dd24010f3cf7def7.woff2 was preloaded using link preload but not used within a few seconds from the window's load event. Please make sure it has an appropriate `as` value and it is preloaded intentionally.
[2025-06-18 13:54:14.616] [warn]  The resource https://discord.com/assets/189422196a4f8b53.woff2 was preloaded using link preload but not used within a few seconds from the window's load event. Please make sure it has an appropriate `as` value and it is preloaded intentionally.
[2025-06-18 13:54:14.617] [warn]  The resource https://discord.com/assets/ce3b8055f5114434.woff2 was preloaded using link preload but not used within a few seconds from the window's load event. Please make sure it has an appropriate `as` value and it is preloaded intentionally.
[2025-06-18 13:54:14.617] [warn]  The resource https://discord.com/assets/cb2006dbced0e246.woff2 was preloaded using link preload but not used within a few seconds from the window's load event. Please make sure it has an appropriate `as` value and it is preloaded intentionally.
[2025-06-18 13:54:14.617] [warn]  The resource https://discord.com/assets/7a6a566c2e88a35d.woff2 was preloaded using link preload but not used within a few seconds from the window's load event. Please make sure it has an appropriate `as` value and it is preloaded intentionally.
[2025-06-18 13:54:14.617] [warn]  The resource https://discord.com/assets/e52f0cba712e2fb4.woff2 was preloaded using link preload but not used within a few seconds from the window's load event. Please make sure it has an appropriate `as` value and it is preloaded intentionally.
[2025-06-18 13:54:14.617] [warn]  The resource https://discord.com/assets/dd24010f3cf7def7.woff2 was preloaded using link preload but not used within a few seconds from the window's load event. Please make sure it has an appropriate `as` value and it is preloaded intentionally.
[2025-06-18 13:54:30.197] [warn]  The resource https://discord.com/assets/189422196a4f8b53.woff2 was preloaded using link preload but not used within a few seconds from the window's load event. Please make sure it has an appropriate `as` value and it is preloaded intentionally.
[2025-06-18 13:54:30.197] [warn]  The resource https://discord.com/assets/ce3b8055f5114434.woff2 was preloaded using link preload but not used within a few seconds from the window's load event. Please make sure it has an appropriate `as` value and it is preloaded intentionally.
[2025-06-18 13:54:30.198] [warn]  The resource https://discord.com/assets/cb2006dbced0e246.woff2 was preloaded using link preload but not used within a few seconds from the window's load event. Please make sure it has an appropriate `as` value and it is preloaded intentionally.
[2025-06-18 13:54:30.198] [warn]  The resource https://discord.com/assets/7a6a566c2e88a35d.woff2 was preloaded using link preload but not used within a few seconds from the window's load event. Please make sure it has an appropriate `as` value and it is preloaded intentionally.
[2025-06-18 13:54:30.198] [warn]  The resource https://discord.com/assets/e52f0cba712e2fb4.woff2 was preloaded using link preload but not used within a few seconds from the window's load event. Please make sure it has an appropriate `as` value and it is preloaded intentionally.
[2025-06-18 13:54:30.198] [warn]  The resource https://discord.com/assets/dd24010f3cf7def7.woff2 was preloaded using link preload but not used within a few seconds from the window's load event. Please make sure it has an appropriate `as` value and it is preloaded intentionally.
[2025-06-18 13:55:31.808] [warn]  The resource https://discord.com/assets/189422196a4f8b53.woff2 was preloaded using link preload but not used within a few seconds from the window's load event. Please make sure it has an appropriate `as` value and it is preloaded intentionally.
[2025-06-18 13:55:31.809] [warn]  The resource https://discord.com/assets/ce3b8055f5114434.woff2 was preloaded using link preload but not used within a few seconds from the window's load event. Please make sure it has an appropriate `as` value and it is preloaded intentionally.
[2025-06-18 13:55:31.809] [warn]  The resource https://discord.com/assets/cb2006dbced0e246.woff2 was preloaded using link preload but not used within a few seconds from the window's load event. Please make sure it has an appropriate `as` value and it is preloaded intentionally.
[2025-06-18 13:55:31.809] [warn]  The resource https://discord.com/assets/7a6a566c2e88a35d.woff2 was preloaded using link preload but not used within a few seconds from the window's load event. Please make sure it has an appropriate `as` value and it is preloaded intentionally.
[2025-06-18 13:55:31.809] [warn]  The resource https://discord.com/assets/e52f0cba712e2fb4.woff2 was preloaded using link preload but not used within a few seconds from the window's load event. Please make sure it has an appropriate `as` value and it is preloaded intentionally.
[2025-06-18 13:55:31.809] [warn]  The resource https://discord.com/assets/dd24010f3cf7def7.woff2 was preloaded using link preload but not used within a few seconds from the window's load event. Please make sure it has an appropriate `as` value and it is preloaded intentionally.
[2025-06-18 13:56:11.442] [warn]  The resource https://discord.com/assets/189422196a4f8b53.woff2 was preloaded using link preload but not used within a few seconds from the window's load event. Please make sure it has an appropriate `as` value and it is preloaded intentionally.
[2025-06-18 13:56:11.443] [warn]  The resource https://discord.com/assets/ce3b8055f5114434.woff2 was preloaded using link preload but not used within a few seconds from the window's load event. Please make sure it has an appropriate `as` value and it is preloaded intentionally.
[2025-06-18 13:56:11.443] [warn]  The resource https://discord.com/assets/cb2006dbced0e246.woff2 was preloaded using link preload but not used within a few seconds from the window's load event. Please make sure it has an appropriate `as` value and it is preloaded intentionally.
[2025-06-18 13:56:11.443] [warn]  The resource https://discord.com/assets/7a6a566c2e88a35d.woff2 was preloaded using link preload but not used within a few seconds from the window's load event. Please make sure it has an appropriate `as` value and it is preloaded intentionally.
[2025-06-18 13:56:11.443] [warn]  The resource https://discord.com/assets/e52f0cba712e2fb4.woff2 was preloaded using link preload but not used within a few seconds from the window's load event. Please make sure it has an appropriate `as` value and it is preloaded intentionally.
[2025-06-18 13:56:11.443] [warn]  The resource https://discord.com/assets/dd24010f3cf7def7.woff2 was preloaded using link preload but not used within a few seconds from the window's load event. Please make sure it has an appropriate `as` value and it is preloaded intentionally.
[2025-06-18 13:56:14.624] [warn]  The resource https://discord.com/assets/189422196a4f8b53.woff2 was preloaded using link preload but not used within a few seconds from the window's load event. Please make sure it has an appropriate `as` value and it is preloaded intentionally.
[2025-06-18 13:56:14.624] [warn]  The resource https://discord.com/assets/ce3b8055f5114434.woff2 was preloaded using link preload but not used within a few seconds from the window's load event. Please make sure it has an appropriate `as` value and it is preloaded intentionally.
[2025-06-18 13:56:14.625] [warn]  The resource https://discord.com/assets/cb2006dbced0e246.woff2 was preloaded using link preload but not used within a few seconds from the window's load event. Please make sure it has an appropriate `as` value and it is preloaded intentionally.
[2025-06-18 13:56:14.625] [warn]  The resource https://discord.com/assets/7a6a566c2e88a35d.woff2 was preloaded using link preload but not used within a few seconds from the window's load event. Please make sure it has an appropriate `as` value and it is preloaded intentionally.
[2025-06-18 13:56:14.625] [warn]  The resource https://discord.com/assets/e52f0cba712e2fb4.woff2 was preloaded using link preload but not used within a few seconds from the window's load event. Please make sure it has an appropriate `as` value and it is preloaded intentionally.
[2025-06-18 13:56:14.625] [warn]  The resource https://discord.com/assets/dd24010f3cf7def7.woff2 was preloaded using link preload but not used within a few seconds from the window's load event. Please make sure it has an appropriate `as` value and it is preloaded intentionally.
[2025-06-18 13:56:36.471] [warn]  The resource https://discord.com/assets/189422196a4f8b53.woff2 was preloaded using link preload but not used within a few seconds from the window's load event. Please make sure it has an appropriate `as` value and it is preloaded intentionally.
[2025-06-18 13:56:36.471] [warn]  The resource https://discord.com/assets/ce3b8055f5114434.woff2 was preloaded using link preload but not used within a few seconds from the window's load event. Please make sure it has an appropriate `as` value and it is preloaded intentionally.
[2025-06-18 13:56:36.472] [warn]  The resource https://discord.com/assets/cb2006dbced0e246.woff2 was preloaded using link preload but not used within a few seconds from the window's load event. Please make sure it has an appropriate `as` value and it is preloaded intentionally.
[2025-06-18 13:56:36.472] [warn]  The resource https://discord.com/assets/7a6a566c2e88a35d.woff2 was preloaded using link preload but not used within a few seconds from the window's load event. Please make sure it has an appropriate `as` value and it is preloaded intentionally.
[2025-06-18 13:56:36.472] [warn]  The resource https://discord.com/assets/e52f0cba712e2fb4.woff2 was preloaded using link preload but not used within a few seconds from the window's load event. Please make sure it has an appropriate `as` value and it is preloaded intentionally.
[2025-06-18 13:56:36.472] [warn]  The resource https://discord.com/assets/dd24010f3cf7def7.woff2 was preloaded using link preload but not used within a few seconds from the window's load event. Please make sure it has an appropriate `as` value and it is preloaded intentionally.
[2025-06-18 13:57:00.673] [warn]  The resource https://discord.com/assets/189422196a4f8b53.woff2 was preloaded using link preload but not used within a few seconds from the window's load event. Please make sure it has an appropriate `as` value and it is preloaded intentionally.
[2025-06-18 13:57:00.673] [warn]  The resource https://discord.com/assets/ce3b8055f5114434.woff2 was preloaded using link preload but not used within a few seconds from the window's load event. Please make sure it has an appropriate `as` value and it is preloaded intentionally.
[2025-06-18 13:57:00.673] [warn]  The resource https://discord.com/assets/cb2006dbced0e246.woff2 was preloaded using link preload but not used within a few seconds from the window's load event. Please make sure it has an appropriate `as` value and it is preloaded intentionally.
[2025-06-18 13:57:00.673] [warn]  The resource https://discord.com/assets/7a6a566c2e88a35d.woff2 was preloaded using link preload but not used within a few seconds from the window's load event. Please make sure it has an appropriate `as` value and it is preloaded intentionally.
[2025-06-18 13:57:00.674] [warn]  The resource https://discord.com/assets/e52f0cba712e2fb4.woff2 was preloaded using link preload but not used within a few seconds from the window's load event. Please make sure it has an appropriate `as` value and it is preloaded intentionally.
[2025-06-18 13:57:00.674] [warn]  The resource https://discord.com/assets/dd24010f3cf7def7.woff2 was preloaded using link preload but not used within a few seconds from the window's load event. Please make sure it has an appropriate `as` value and it is preloaded intentionally.
[2025-06-18 13:57:26.372] [warn]  The resource https://discord.com/assets/189422196a4f8b53.woff2 was preloaded using link preload but not used within a few seconds from the window's load event. Please make sure it has an appropriate `as` value and it is preloaded intentionally.
[2025-06-18 13:57:26.372] [warn]  The resource https://discord.com/assets/ce3b8055f5114434.woff2 was preloaded using link preload but not used within a few seconds from the window's load event. Please make sure it has an appropriate `as` value and it is preloaded intentionally.
[2025-06-18 13:57:26.373] [warn]  The resource https://discord.com/assets/cb2006dbced0e246.woff2 was preloaded using link preload but not used within a few seconds from the window's load event. Please make sure it has an appropriate `as` value and it is preloaded intentionally.
[2025-06-18 13:57:26.373] [warn]  The resource https://discord.com/assets/7a6a566c2e88a35d.woff2 was preloaded using link preload but not used within a few seconds from the window's load event. Please make sure it has an appropriate `as` value and it is preloaded intentionally.
[2025-06-18 13:57:26.373] [warn]  The resource https://discord.com/assets/e52f0cba712e2fb4.woff2 was preloaded using link preload but not used within a few seconds from the window's load event. Please make sure it has an appropriate `as` value and it is preloaded intentionally.
[2025-06-18 13:57:26.373] [warn]  The resource https://discord.com/assets/dd24010f3cf7def7.woff2 was preloaded using link preload but not used within a few seconds from the window's load event. Please make sure it has an appropriate `as` value and it is preloaded intentionally.
[2025-06-18 13:58:02.614] [warn]  The resource https://discord.com/assets/189422196a4f8b53.woff2 was preloaded using link preload but not used within a few seconds from the window's load event. Please make sure it has an appropriate `as` value and it is preloaded intentionally.
[2025-06-18 13:58:02.615] [warn]  The resource https://discord.com/assets/ce3b8055f5114434.woff2 was preloaded using link preload but not used within a few seconds from the window's load event. Please make sure it has an appropriate `as` value and it is preloaded intentionally.
[2025-06-18 13:58:02.619] [warn]  The resource https://discord.com/assets/cb2006dbced0e246.woff2 was preloaded using link preload but not used within a few seconds from the window's load event. Please make sure it has an appropriate `as` value and it is preloaded intentionally.
[2025-06-18 13:58:02.620] [warn]  The resource https://discord.com/assets/7a6a566c2e88a35d.woff2 was preloaded using link preload but not used within a few seconds from the window's load event. Please make sure it has an appropriate `as` value and it is preloaded intentionally.
[2025-06-18 13:58:02.620] [warn]  The resource https://discord.com/assets/e52f0cba712e2fb4.woff2 was preloaded using link preload but not used within a few seconds from the window's load event. Please make sure it has an appropriate `as` value and it is preloaded intentionally.
[2025-06-18 13:58:02.620] [warn]  The resource https://discord.com/assets/dd24010f3cf7def7.woff2 was preloaded using link preload but not used within a few seconds from the window's load event. Please make sure it has an appropriate `as` value and it is preloaded intentionally.
[2025-06-18 13:58:08.679] [warn]  The resource https://discord.com/assets/189422196a4f8b53.woff2 was preloaded using link preload but not used within a few seconds from the window's load event. Please make sure it has an appropriate `as` value and it is preloaded intentionally.
[2025-06-18 13:58:08.680] [warn]  The resource https://discord.com/assets/ce3b8055f5114434.woff2 was preloaded using link preload but not used within a few seconds from the window's load event. Please make sure it has an appropriate `as` value and it is preloaded intentionally.
[2025-06-18 13:58:08.680] [warn]  The resource https://discord.com/assets/cb2006dbced0e246.woff2 was preloaded using link preload but not used within a few seconds from the window's load event. Please make sure it has an appropriate `as` value and it is preloaded intentionally.
[2025-06-18 13:58:08.680] [warn]  The resource https://discord.com/assets/7a6a566c2e88a35d.woff2 was preloaded using link preload but not used within a few seconds from the window's load event. Please make sure it has an appropriate `as` value and it is preloaded intentionally.
[2025-06-18 13:58:08.680] [warn]  The resource https://discord.com/assets/e52f0cba712e2fb4.woff2 was preloaded using link preload but not used within a few seconds from the window's load event. Please make sure it has an appropriate `as` value and it is preloaded intentionally.
[2025-06-18 13:58:08.680] [warn]  The resource https://discord.com/assets/dd24010f3cf7def7.woff2 was preloaded using link preload but not used within a few seconds from the window's load event. Please make sure it has an appropriate `as` value and it is preloaded intentionally.
[2025-06-18 13:58:14.576] [warn]  The resource https://discord.com/assets/189422196a4f8b53.woff2 was preloaded using link preload but not used within a few seconds from the window's load event. Please make sure it has an appropriate `as` value and it is preloaded intentionally.
[2025-06-18 13:58:14.576] [warn]  The resource https://discord.com/assets/ce3b8055f5114434.woff2 was preloaded using link preload but not used within a few seconds from the window's load event. Please make sure it has an appropriate `as` value and it is preloaded intentionally.
[2025-06-18 13:58:14.576] [warn]  The resource https://discord.com/assets/cb2006dbced0e246.woff2 was preloaded using link preload but not used within a few seconds from the window's load event. Please make sure it has an appropriate `as` value and it is preloaded intentionally.
[2025-06-18 13:58:14.576] [warn]  The resource https://discord.com/assets/7a6a566c2e88a35d.woff2 was preloaded using link preload but not used within a few seconds from the window's load event. Please make sure it has an appropriate `as` value and it is preloaded intentionally.
[2025-06-18 13:58:14.577] [warn]  The resource https://discord.com/assets/e52f0cba712e2fb4.woff2 was preloaded using link preload but not used within a few seconds from the window's load event. Please make sure it has an appropriate `as` value and it is preloaded intentionally.
[2025-06-18 13:58:14.577] [warn]  The resource https://discord.com/assets/dd24010f3cf7def7.woff2 was preloaded using link preload but not used within a few seconds from the window's load event. Please make sure it has an appropriate `as` value and it is preloaded intentionally.
[2025-06-18 13:58:23.081] [warn]  The resource https://discord.com/assets/189422196a4f8b53.woff2 was preloaded using link preload but not used within a few seconds from the window's load event. Please make sure it has an appropriate `as` value and it is preloaded intentionally.
[2025-06-18 13:58:23.082] [warn]  The resource https://discord.com/assets/ce3b8055f5114434.woff2 was preloaded using link preload but not used within a few seconds from the window's load event. Please make sure it has an appropriate `as` value and it is preloaded intentionally.
[2025-06-18 13:58:23.082] [warn]  The resource https://discord.com/assets/cb2006dbced0e246.woff2 was preloaded using link preload but not used within a few seconds from the window's load event. Please make sure it has an appropriate `as` value and it is preloaded intentionally.
[2025-06-18 13:58:23.082] [warn]  The resource https://discord.com/assets/7a6a566c2e88a35d.woff2 was preloaded using link preload but not used within a few seconds from the window's load event. Please make sure it has an appropriate `as` value and it is preloaded intentionally.
[2025-06-18 13:58:23.082] [warn]  The resource https://discord.com/assets/e52f0cba712e2fb4.woff2 was preloaded using link preload but not used within a few seconds from the window's load event. Please make sure it has an appropriate `as` value and it is preloaded intentionally.
[2025-06-18 13:58:23.082] [warn]  The resource https://discord.com/assets/dd24010f3cf7def7.woff2 was preloaded using link preload but not used within a few seconds from the window's load event. Please make sure it has an appropriate `as` value and it is preloaded intentionally.
[2025-06-18 13:58:37.206] [warn]  The resource https://discord.com/assets/189422196a4f8b53.woff2 was preloaded using link preload but not used within a few seconds from the window's load event. Please make sure it has an appropriate `as` value and it is preloaded intentionally.
[2025-06-18 13:58:37.206] [warn]  The resource https://discord.com/assets/ce3b8055f5114434.woff2 was preloaded using link preload but not used within a few seconds from the window's load event. Please make sure it has an appropriate `as` value and it is preloaded intentionally.
[2025-06-18 13:58:37.206] [warn]  The resource https://discord.com/assets/cb2006dbced0e246.woff2 was preloaded using link preload but not used within a few seconds from the window's load event. Please make sure it has an appropriate `as` value and it is preloaded intentionally.
[2025-06-18 13:58:37.207] [warn]  The resource https://discord.com/assets/7a6a566c2e88a35d.woff2 was preloaded using link preload but not used within a few seconds from the window's load event. Please make sure it has an appropriate `as` value and it is preloaded intentionally.
[2025-06-18 13:58:37.207] [warn]  The resource https://discord.com/assets/e52f0cba712e2fb4.woff2 was preloaded using link preload but not used within a few seconds from the window's load event. Please make sure it has an appropriate `as` value and it is preloaded intentionally.
[2025-06-18 13:58:37.207] [warn]  The resource https://discord.com/assets/dd24010f3cf7def7.woff2 was preloaded using link preload but not used within a few seconds from the window's load event. Please make sure it has an appropriate `as` value and it is preloaded intentionally.
[2025-06-18 13:59:00.295] [warn]  The resource https://discord.com/assets/189422196a4f8b53.woff2 was preloaded using link preload but not used within a few seconds from the window's load event. Please make sure it has an appropriate `as` value and it is preloaded intentionally.
[2025-06-18 13:59:00.295] [warn]  The resource https://discord.com/assets/ce3b8055f5114434.woff2 was preloaded using link preload but not used within a few seconds from the window's load event. Please make sure it has an appropriate `as` value and it is preloaded intentionally.
[2025-06-18 13:59:00.296] [warn]  The resource https://discord.com/assets/cb2006dbced0e246.woff2 was preloaded using link preload but not used within a few seconds from the window's load event. Please make sure it has an appropriate `as` value and it is preloaded intentionally.
[2025-06-18 13:59:00.296] [warn]  The resource https://discord.com/assets/7a6a566c2e88a35d.woff2 was preloaded using link preload but not used within a few seconds from the window's load event. Please make sure it has an appropriate `as` value and it is preloaded intentionally.
[2025-06-18 13:59:00.296] [warn]  The resource https://discord.com/assets/e52f0cba712e2fb4.woff2 was preloaded using link preload but not used within a few seconds from the window's load event. Please make sure it has an appropriate `as` value and it is preloaded intentionally.
[2025-06-18 13:59:00.296] [warn]  The resource https://discord.com/assets/dd24010f3cf7def7.woff2 was preloaded using link preload but not used within a few seconds from the window's load event. Please make sure it has an appropriate `as` value and it is preloaded intentionally.
[2025-06-18 13:59:16.544] [warn]  The resource https://discord.com/assets/189422196a4f8b53.woff2 was preloaded using link preload but not used within a few seconds from the window's load event. Please make sure it has an appropriate `as` value and it is preloaded intentionally.
[2025-06-18 13:59:16.544] [warn]  The resource https://discord.com/assets/ce3b8055f5114434.woff2 was preloaded using link preload but not used within a few seconds from the window's load event. Please make sure it has an appropriate `as` value and it is preloaded intentionally.
[2025-06-18 13:59:16.545] [warn]  The resource https://discord.com/assets/cb2006dbced0e246.woff2 was preloaded using link preload but not used within a few seconds from the window's load event. Please make sure it has an appropriate `as` value and it is preloaded intentionally.
[2025-06-18 13:59:16.545] [warn]  The resource https://discord.com/assets/7a6a566c2e88a35d.woff2 was preloaded using link preload but not used within a few seconds from the window's load event. Please make sure it has an appropriate `as` value and it is preloaded intentionally.
[2025-06-18 13:59:16.545] [warn]  The resource https://discord.com/assets/e52f0cba712e2fb4.woff2 was preloaded using link preload but not used within a few seconds from the window's load event. Please make sure it has an appropriate `as` value and it is preloaded intentionally.
[2025-06-18 13:59:16.545] [warn]  The resource https://discord.com/assets/dd24010f3cf7def7.woff2 was preloaded using link preload but not used within a few seconds from the window's load event. Please make sure it has an appropriate `as` value and it is preloaded intentionally.
[2025-06-18 14:00:14.643] [warn]  The resource https://discord.com/assets/189422196a4f8b53.woff2 was preloaded using link preload but not used within a few seconds from the window's load event. Please make sure it has an appropriate `as` value and it is preloaded intentionally.
[2025-06-18 14:00:14.643] [warn]  The resource https://discord.com/assets/ce3b8055f5114434.woff2 was preloaded using link preload but not used within a few seconds from the window's load event. Please make sure it has an appropriate `as` value and it is preloaded intentionally.
[2025-06-18 14:00:14.644] [warn]  The resource https://discord.com/assets/cb2006dbced0e246.woff2 was preloaded using link preload but not used within a few seconds from the window's load event. Please make sure it has an appropriate `as` value and it is preloaded intentionally.
[2025-06-18 14:00:14.644] [warn]  The resource https://discord.com/assets/7a6a566c2e88a35d.woff2 was preloaded using link preload but not used within a few seconds from the window's load event. Please make sure it has an appropriate `as` value and it is preloaded intentionally.
[2025-06-18 14:00:14.644] [warn]  The resource https://discord.com/assets/e52f0cba712e2fb4.woff2 was preloaded using link preload but not used within a few seconds from the window's load event. Please make sure it has an appropriate `as` value and it is preloaded intentionally.
[2025-06-18 14:00:14.644] [warn]  The resource https://discord.com/assets/dd24010f3cf7def7.woff2 was preloaded using link preload but not used within a few seconds from the window's load event. Please make sure it has an appropriate `as` value and it is preloaded intentionally.
[2025-06-18 14:00:38.166] [warn]  The resource https://discord.com/assets/189422196a4f8b53.woff2 was preloaded using link preload but not used within a few seconds from the window's load event. Please make sure it has an appropriate `as` value and it is preloaded intentionally.
[2025-06-18 14:00:38.166] [warn]  The resource https://discord.com/assets/ce3b8055f5114434.woff2 was preloaded using link preload but not used within a few seconds from the window's load event. Please make sure it has an appropriate `as` value and it is preloaded intentionally.
[2025-06-18 14:00:38.166] [warn]  The resource https://discord.com/assets/cb2006dbced0e246.woff2 was preloaded using link preload but not used within a few seconds from the window's load event. Please make sure it has an appropriate `as` value and it is preloaded intentionally.
[2025-06-18 14:00:38.167] [warn]  The resource https://discord.com/assets/7a6a566c2e88a35d.woff2 was preloaded using link preload but not used within a few seconds from the window's load event. Please make sure it has an appropriate `as` value and it is preloaded intentionally.
[2025-06-18 14:00:38.167] [warn]  The resource https://discord.com/assets/e52f0cba712e2fb4.woff2 was preloaded using link preload but not used within a few seconds from the window's load event. Please make sure it has an appropriate `as` value and it is preloaded intentionally.
[2025-06-18 14:00:38.167] [warn]  The resource https://discord.com/assets/dd24010f3cf7def7.woff2 was preloaded using link preload but not used within a few seconds from the window's load event. Please make sure it has an appropriate `as` value and it is preloaded intentionally.
[2025-06-18 14:01:18.624] [warn]  The resource https://discord.com/assets/189422196a4f8b53.woff2 was preloaded using link preload but not used within a few seconds from the window's load event. Please make sure it has an appropriate `as` value and it is preloaded intentionally.
[2025-06-18 14:01:18.624] [warn]  The resource https://discord.com/assets/ce3b8055f5114434.woff2 was preloaded using link preload but not used within a few seconds from the window's load event. Please make sure it has an appropriate `as` value and it is preloaded intentionally.
[2025-06-18 14:01:18.624] [warn]  The resource https://discord.com/assets/cb2006dbced0e246.woff2 was preloaded using link preload but not used within a few seconds from the window's load event. Please make sure it has an appropriate `as` value and it is preloaded intentionally.
[2025-06-18 14:01:18.625] [warn]  The resource https://discord.com/assets/7a6a566c2e88a35d.woff2 was preloaded using link preload but not used within a few seconds from the window's load event. Please make sure it has an appropriate `as` value and it is preloaded intentionally.
[2025-06-18 14:01:18.625] [warn]  The resource https://discord.com/assets/e52f0cba712e2fb4.woff2 was preloaded using link preload but not used within a few seconds from the window's load event. Please make sure it has an appropriate `as` value and it is preloaded intentionally.
[2025-06-18 14:01:18.625] [warn]  The resource https://discord.com/assets/dd24010f3cf7def7.woff2 was preloaded using link preload but not used within a few seconds from the window's load event. Please make sure it has an appropriate `as` value and it is preloaded intentionally.
[2025-06-18 14:01:59.054] [warn]  The resource https://discord.com/assets/189422196a4f8b53.woff2 was preloaded using link preload but not used within a few seconds from the window's load event. Please make sure it has an appropriate `as` value and it is preloaded intentionally.
[2025-06-18 14:01:59.054] [warn]  The resource https://discord.com/assets/ce3b8055f5114434.woff2 was preloaded using link preload but not used within a few seconds from the window's load event. Please make sure it has an appropriate `as` value and it is preloaded intentionally.
[2025-06-18 14:01:59.054] [warn]  The resource https://discord.com/assets/cb2006dbced0e246.woff2 was preloaded using link preload but not used within a few seconds from the window's load event. Please make sure it has an appropriate `as` value and it is preloaded intentionally.
[2025-06-18 14:01:59.055] [warn]  The resource https://discord.com/assets/7a6a566c2e88a35d.woff2 was preloaded using link preload but not used within a few seconds from the window's load event. Please make sure it has an appropriate `as` value and it is preloaded intentionally.
[2025-06-18 14:01:59.055] [warn]  The resource https://discord.com/assets/e52f0cba712e2fb4.woff2 was preloaded using link preload but not used within a few seconds from the window's load event. Please make sure it has an appropriate `as` value and it is preloaded intentionally.
[2025-06-18 14:01:59.055] [warn]  The resource https://discord.com/assets/dd24010f3cf7def7.woff2 was preloaded using link preload but not used within a few seconds from the window's load event. Please make sure it has an appropriate `as` value and it is preloaded intentionally.
[2025-06-18 14:02:29.133] [warn]  The resource https://discord.com/assets/189422196a4f8b53.woff2 was preloaded using link preload but not used within a few seconds from the window's load event. Please make sure it has an appropriate `as` value and it is preloaded intentionally.
[2025-06-18 14:02:29.133] [warn]  The resource https://discord.com/assets/ce3b8055f5114434.woff2 was preloaded using link preload but not used within a few seconds from the window's load event. Please make sure it has an appropriate `as` value and it is preloaded intentionally.
[2025-06-18 14:02:29.134] [warn]  The resource https://discord.com/assets/cb2006dbced0e246.woff2 was preloaded using link preload but not used within a few seconds from the window's load event. Please make sure it has an appropriate `as` value and it is preloaded intentionally.
[2025-06-18 14:02:29.134] [warn]  The resource https://discord.com/assets/7a6a566c2e88a35d.woff2 was preloaded using link preload but not used within a few seconds from the window's load event. Please make sure it has an appropriate `as` value and it is preloaded intentionally.
[2025-06-18 14:02:29.134] [warn]  The resource https://discord.com/assets/e52f0cba712e2fb4.woff2 was preloaded using link preload but not used within a few seconds from the window's load event. Please make sure it has an appropriate `as` value and it is preloaded intentionally.
[2025-06-18 14:02:29.134] [warn]  The resource https://discord.com/assets/dd24010f3cf7def7.woff2 was preloaded using link preload but not used within a few seconds from the window's load event. Please make sure it has an appropriate `as` value and it is preloaded intentionally.
[2025-06-18 14:02:39.073] [warn]  The resource https://discord.com/assets/189422196a4f8b53.woff2 was preloaded using link preload but not used within a few seconds from the window's load event. Please make sure it has an appropriate `as` value and it is preloaded intentionally.
[2025-06-18 14:02:39.073] [warn]  The resource https://discord.com/assets/ce3b8055f5114434.woff2 was preloaded using link preload but not used within a few seconds from the window's load event. Please make sure it has an appropriate `as` value and it is preloaded intentionally.
[2025-06-18 14:02:39.074] [warn]  The resource https://discord.com/assets/cb2006dbced0e246.woff2 was preloaded using link preload but not used within a few seconds from the window's load event. Please make sure it has an appropriate `as` value and it is preloaded intentionally.
[2025-06-18 14:02:39.074] [warn]  The resource https://discord.com/assets/7a6a566c2e88a35d.woff2 was preloaded using link preload but not used within a few seconds from the window's load event. Please make sure it has an appropriate `as` value and it is preloaded intentionally.
[2025-06-18 14:02:39.074] [warn]  The resource https://discord.com/assets/e52f0cba712e2fb4.woff2 was preloaded using link preload but not used within a few seconds from the window's load event. Please make sure it has an appropriate `as` value and it is preloaded intentionally.
[2025-06-18 14:02:39.074] [warn]  The resource https://discord.com/assets/dd24010f3cf7def7.woff2 was preloaded using link preload but not used within a few seconds from the window's load event. Please make sure it has an appropriate `as` value and it is preloaded intentionally.
[2025-06-18 14:03:28.134] [warn]  The resource https://discord.com/assets/189422196a4f8b53.woff2 was preloaded using link preload but not used within a few seconds from the window's load event. Please make sure it has an appropriate `as` value and it is preloaded intentionally.
[2025-06-18 14:03:28.135] [warn]  The resource https://discord.com/assets/ce3b8055f5114434.woff2 was preloaded using link preload but not used within a few seconds from the window's load event. Please make sure it has an appropriate `as` value and it is preloaded intentionally.
[2025-06-18 14:03:28.135] [warn]  The resource https://discord.com/assets/cb2006dbced0e246.woff2 was preloaded using link preload but not used within a few seconds from the window's load event. Please make sure it has an appropriate `as` value and it is preloaded intentionally.
[2025-06-18 14:03:28.135] [warn]  The resource https://discord.com/assets/7a6a566c2e88a35d.woff2 was preloaded using link preload but not used within a few seconds from the window's load event. Please make sure it has an appropriate `as` value and it is preloaded intentionally.
[2025-06-18 14:03:28.135] [warn]  The resource https://discord.com/assets/e52f0cba712e2fb4.woff2 was preloaded using link preload but not used within a few seconds from the window's load event. Please make sure it has an appropriate `as` value and it is preloaded intentionally.
[2025-06-18 14:03:28.136] [warn]  The resource https://discord.com/assets/dd24010f3cf7def7.woff2 was preloaded using link preload but not used within a few seconds from the window's load event. Please make sure it has an appropriate `as` value and it is preloaded intentionally.
